id,nome,sexo,lattes_id,lattes_10_id,orcid,graduacao,area,area_ia,tematica_ia,tema_ia,cidade,instituicao,sigla,biografia,abstract_ai,artigos,livros,capitulos,patentes,softwares,marcas,indice_h,citacoes,indice_i10,trabalhos,openalex,classificacao,imagem
001d6a4c-6878-492a-b9de-79e2b5ed53d2,Claudia Ida Brodskyn,F,8510726976369443,K4787742Z6,0000-0003-3367-5365,Pós-Doutorado,CIENCIAS BIOLOGICAS,,Imunologia e interação hospedeiro-patógeno,imunidade inata e adaptativa; imunoregulação e mais recentemetne tem desenvolvido estudos em alergias alimentares,Salvador,"Fundação Oswaldo Cruz - Instituto Gonçalo Moniz, Fiocruz Bahia",FIOCRUZ-BA,"Possui graduação em Biomedicina pela Universidade Federal de São Paulo (1979), mestrado em Imunologia pela Universidade de São Paulo (1989) e doutorado em Imunologia pela Universidade de São Paulo (1996). Atualmente é Pesquisador Titular do Instituto Gonçalo Moniz, FIOCRUZ-Bahia, aposentada como Professora  Titular da Universidade Federal da Bahia. Exerceu o mandato da presidência da Sociedade Brasileira de Imunologia no biênio 2018-2019.  Em 2024 recebeu o prêmio da Sociedade Brasileira de Imunologia, denominado Women for Science pela trajetória acadêmica e contribuições a SBI. Atualmente, é vice coordenadora do Instituto Nacional de Ciência e Tecnologia em Mucosa e Pele (INCT-Mucosa e Pele). Tem experiência na área de Imunologia, com ênfase em Imunoparasitologia, atuando principalmente nos seguintes temas:imunidade inata e adaptativa, imunoregulação e mais recentemetne tem desenvolvido estudos em alergias alimentares.",,132,0,2,1,0,0,36,3642,76,154,https://openalex.org/A5032749481,A+,
01e60ff1-c566-401b-8630-d38f49cc6e15,Luciana Almeida Da Silva,F,8485782557248922,K4799371H2,0000-0003-0804-0042,Pós-Doutorado,CIENCIAS EXATAS E DA TERRA,,Materiais e nanotecnologia,produção fotocatalítica de hidrogênio a partir de água; remediação de poluentes emergentes; síntese de materiais semicondutores,Salvador,Universidade Federal Da Bahia,UFBA,"Possui graduação em Química Industrial pela Universidade Federal da Bahia (1995), mestrado em Química pela Universidade Federal da Bahia (1997), doutorado em Química pela Universidade Federal da Bahia (2001) e pós-doutorado no California Institute of Technology (Caltech), Division of Engineering and Applied Science (2006/2007), Estados Unidos. Recebeu o Prêmio Antônio Celso Spínola Costa - Destaque em Química, 2025 (SBQ - Regional Bahia); foi Membro Afiliado da Academia Brasileira de Ciências (2010-2014) e vice-coordenadora do Programa de Pós-Graduação em Química da UFBA (2018-2022). Atualmente, é professora titular da Universidade Federal da Bahia, líder do Grupo de Fotocatálise e Materiais Semicondutores e coordenadora de um laboratório SisH2 (Sistema Brasileiro de Laboratórios de Hidrogênio, SisH2- MCTI). Tem experiência na área de Química, com ênfase em Química Inorgânica, atuando principalmente nos seguintes temas: produção fotocatalítica de hidrogênio a partir de água, remediação de poluentes emergentes, síntese de materiais semicondutores, avaliação das propriedades optoeletrônicas de óxidos, sulfetos e sulfitos de valência mista.",,59,0,1,1,0,0,17,1289,29,84,https://openalex.org/A5085570956,A+,
020b6f29-5ff6-45c7-9d0e-d2fa4ddb74ed,Sheila Maria Alvim De Matos,F,4278114866353853,K4762611E2,0000-0003-2080-9213,Pós-Doutorado,CIENCIAS DA SAUDE,,Saúde coletiva e epidemiologia,saúde de adultos; promoção da saúde; doenças crônicas não transmissíveis,Salvador,Universidade Federal Da Bahia,UFBA,"Nutricionista, mestre (2004) e doutora (2010) em Saúde Coletiva pelo Instituto de Saúde Coletiva da Universidade Federal da Bahia (ISC/UFBA). Realizou estágio pós-doutoral na Faculdade de Psicologia e de Ciências da Educação da Universidade do Porto (2018). Vice-diretora do ISC/UFBA, 2025-2029. É professora associada no ISC/UFBA com atividades de ensino na graduação e pós-graduação em Saúde Coletiva, pesquisadora e coordenadora na UFBA do Estudo Longitudinal de Saúde do Adulto (ELSA-Brasil), e há uma década faz parte do Comitê Diretivo nacional deste estudo. É coordenadora do IDASS -Programa Integrado de Pesquisa e Cooperação Técnica sobre Idade, Sociedade e Saúde, um dos componentes da estrutura matricial do ISC/UFBA e lidera o grupo de pesquisa no CNPq intitulado Programa de Estudos em Doenças Crônicas Não Transmissíveis, Curso de Vida e Envelhecimento. Colabora internacionalmente no Brasil e Equador com o estudo Social changes, asthma and allergies in Latin America (SCAALA), e em Portugal com o ISPUP e FPCEUP - Centro de Psicologia da Universidade do Porto. Foi professora visitante senior em 2024 com financiamento da CAPES. Pesquisadora do Núcleo de Excelência em Asma da UFBA. Membro da Comissão de Epidemiologia da ABRASCO. Foi vice-coordenadora do GT de Epidemiologia e Políticas Públicas da ABRASCO entre 2021 e 2023. Suas atividades estão concentradas na saúde coletiva, com ênfase em epidemiologia, atuando principalmente nos seguintes temas: saúde de adultos, promoção da saúde, doenças crônicas não transmissíveis, ambiente alimentar, mobilidade urbana, crescimento infantil, nutrição e atividade física. Tem um filho e esteve em licença maternidade no primeiro semestre de 2020. Identificação ORCID  0000-0003-2080-9213",,121,0,8,0,0,0,26,3017,53,140,https://openalex.org/A5004194517,B+,
0ce4aedb-95e3-4b4d-9fa0-69168d3b65ba,Miriam De Fátima Carvalho,F,9125556472743507,K4791595D0,0000-0002-2063-0582,Pós-Doutorado,ENGENHARIAS,,Construção civil e infraestrutura,aterros sanitários; geotecnia ambiental; contenções e obras de terra,Salvador,Universidade Federal Da Bahia,UFBA,"Possui graduação em Engenharia Civil pela Escola de Engenharia Kennedy (1991), mestrado em Geotecnia pela Escola de Engenharia de São Carlos USP (1994) e doutorado em Geotecnia pela Escola de Engenharia de São Carlos USP (1999). Atuou como professor e pesquisador  da Universidade Católica do Salvador entre 2000 a 2019, no mestrado Profissional em Planejamento Ambiental da UCSAL (2015-2019). Atualmente é professor da Escola Politécnica da UFBA,  professor pesquisador no Programa de Pós Graduação em Engenharia Civil da Universidade Federal da Bahia. Tem experiência na área de Engenharia Civil, com ênfase em Mecânicas dos Solos, atuando principalmente nos seguintes temas: aterros sanitários, geotecnia ambiental, contenções e obras de terra.","Miriam De Fátima Carvalho é uma pesquisadora com vasta experiência na área de Engenharia Civil, especializada em Mecânica dos Solos. Atualmente vinculada à Universidade Federal da Bahia (UFBA), onde atua como professora e pesquisadora no Programa de Pós-Graduação em Engenharia Civil, possui uma sólida formação acadêmica. Obteve seu título de graduação em Engenharia Civil pela Escola de Engenharia Kennedy em 1991, seguido por um mestrado e doutorado em Geotecnia pela renomada Escola de Engenharia de São Carlos da Universidade de São Paulo (USP), respectivamente em 1994 e 1999.\n\nCom uma trajetória acadêmica consistente, Miriam acumulou experiência como docente e pesquisadora ao longo dos anos. Entre os anos de 2000 e 2019, atuou na Universidade Católica do Salvador, onde também contribuiu como parte do corpo docente do mestrado Profissional em Planejamento Ambiental. Em 2019, consolidou-se como docente na Escola Politécnica da UFBA, ampliando seu campo de atuação e influência na formação de novos profissionais da Engenharia Civil.\n\nSuas áreas de interesse e pesquisa envolvem temas fundamentais, como aterros sanitários, geotecnia ambiental, contenções e obras de terra. Miriam destaca-se pelo seu trabalho inovador e pelo aprofundamento teórico e prático desses temas, contribuindo significativamente para o avanço da Engenharia Civil e da Geotecnia. Suas produções científicas mais recentes refletem sua dedicação à pesquisa, com artigos como \The Mechanical Behaviour Of Aged Coir Fibre-Reinforced Soils\"" e \""Study Of The Anisotropy And Reinforcement Effectiveness Of Polypropylene And Coir Fibers In Three Different Soils Using Conventional Testing Procedures\"", ambos publicados em 2026, além do artigo \""Environmental Geotechnics: Brazilian Experience And Some Hot Topics\"" de 2025, que evidencia sua relevância na comunidade científica.\n\nAlém disso, Miriam Carvalho mantém um forte vínculo com o Programa de Pós-Graduação em Engenharia Civil, demonstrando seu comprometimento com a formação de novos pesquisadores e a disseminação do conhecimento na área. Sua participação em projetos de pesquisa financiados, como o Programa de Fomento de Produtividade em Pesquisa - nível 2, ressalta sua atuação de destaque e reconhecimento no meio acadêmico.\n\nCom base em sua sólida formação, vasta experiência profissional e contribuições científicas relevantes, Miriam De Fátima Carvalho se consolida como uma referência na Engenharia Civil e na Geotecnia, destacando-se pelo rigor e excelência em suas pesquisas. Sua atuação como docente, pesquisadora e líder acadêmica evidencia seu impacto positivo na comunidade científica e na formação de novas gerações de engenheiros qualificados e comprometidos com o desenvolvimento sustentável e inovador da engenharia no Brasil.""",42,2,3,0,1,0,12,997,15,55,https://openalex.org/A5078917364,A,
0ee947ca-9598-4fbc-a26c-f77a210c53be,Joice Neves Reis Pedreira,F,7177172159215847,K4728419T9,0000-0001-5273-2658,Pós-Doutorado,CIENCIAS DA SAUDE,,Doenças infecciosas e parasitárias,Epidemiologia Molecular das Doenças Infecciosas e Parasitárias,Salvador,Universidade Federal Da Bahia,UFBA,"Graduada em Farmácia-Bioquímica pela Universidade Federal da Bahia (1994), doutora em Patologia Humana pela Universidade Federal da Bahia (2003), com doutorado sanduíche na School of Public Health / University of California, Berkeley (EUA). Professora titular e pesquisadora nas áreas de Microbiologia e Ciências Farmacêuticas, com atuação em resistência antimicrobiana, epidemiologia molecular e vigilância genômica de patógenos bacterianos. Atualmente, é membro do Comitê Assessor do Programa de Internacionalização da UFBA, pesquisadora colaboradora do Instituto de Pesquisas Gonçalo Moniz (Fiocruz-Bahia) e coordenadora do Programa de Pós-Graduação em Farmácia.","A pesquisadora Joice Neves Reis Pedreira, graduada em Farmácia-Bioquímica pela Universidade Federal da Bahia em 1994, apresenta uma sólida formação acadêmica que culminou em sua titulação de Pós-Doutorado. Com uma trajetória educacional marcada pela busca constante de conhecimento, Joice obteve seu Doutorado em Patologia Humana pela mesma instituição em 2003, com um período de doutorado sanduíche na School of Public Health / University of California, Berkeley, nos Estados Unidos. Sua maestria acadêmica foi alicerçada por um Mestrado em Patologia Humana entre 1996 e 1998, além da graduação em Farmácia concluída em 1992.\n\nAtualmente vinculada à Universidade Federal da Bahia, Joice Neves Reis Pedreira desempenha o papel de professora titular e pesquisadora, concentrando seus estudos nas áreas de Microbiologia e Ciências Farmacêuticas. Sua atuação destaca-se especialmente em temas como resistência antimicrobiana, epidemiologia molecular e vigilância genômica de patógenos bacterianos. Além disso, Joice é membro do Comitê Assessor do Programa de Internacionalização da UFBA, fortalecendo sua inserção no cenário internacional de pesquisa. Sua colaboração como pesquisadora no Instituto de Pesquisas Gonçalo Moniz (Fiocruz-Bahia) e a coordenação do Programa de Pós-Graduação em Farmácia evidenciam seu papel de destaque no ambiente acadêmico.\n\nNo contexto dos programas de pós-graduação, Joice Neves Reis Pedreira integra-se a importantes iniciativas como o Programa de Biotecnologia em Saúde e Medicina Investigativa, o Programa de Microbiologia e o Programa de Farmácia. Sua participação ativa nestes programas reflete o compromisso da pesquisadora com a formação de novos profissionais qualificados e engajados nas fronteiras do conhecimento científico em sua área de atuação.\n\nNo que tange às suas contribuições científicas, Joice Neves Reis Pedreira destaca-se por uma série de publicações recentes que abordam temas relevantes e atuais. Dentre suas obras mais recentes, destacam-se artigos como \Recurrent Urinary Tract Infection Caused By Multidrug-Resistant\"" (2026), \""Demand Creation For Testing And Covid-19 Surveillance Indicators In The Covid-19 Testing, Isolation, Quarantine, And Telemonitoring Study\"" (2026) e \""Chemical Constituents Of Amburana Acreana Ducke A. C. Sm. Leaves\"" (2025). A variedade de temas abordados em suas publicações revela a diversidade de interesses e a amplitude de sua produção científica.\n\nAlém de sua atuação no ensino e na pesquisa, Joice Neves Reis Pedreira também se destaca por sua liderança no grupo de pesquisa \""Epidemiologia Molecular das Doenças Infecciosas e Parasitárias\"" na área de Farmácia. Essa posição de liderança demonstra o reconhecimento de seus pares e colaboradores no meio científico, evidenciando sua competência e relevância na comunidade acadêmica.\n\nPor fim, no que diz respeito a apoio institucional e financiamento de projetos, Joice Neves Reis Pedreira obteve a modalidade de Produtividade em Pesquisa - 2, demonstrando o reconhecimento de suas contribuições e a relevância de seu trabalho para a ciência. Esses fatores indicam não apenas a inserção ativa da pesquisadora no meio acadêmico, mas também sua capacidade de gerar conhecimento e impacto significativos em sua área de atuação.""",79,0,11,0,0,0,3,26,1,12,https://openalex.org/A5062177984,A+,
138c0d38-1b35-4407-b172-88873dbdc8ed,Keila Machado De Medeiros,F,0536073936814089,K4238457E6,0000-0001-9250-1432,Pós-Doutorado,ENGENHARIAS,,,,Campina Grande,Universidade Federal Do Recôncavo Da Bahia,UFRB,"Possui Doutorado (2014) e Mestrado (2010), ambos em Ciência e Engenharia de Materiais com ênfase no Setor de Petróleo, Gás Natural e Biocombustíveis pela Universidade Federal de Campina Grande - UFCG. Especialização em Engenharia de Segurança do Trabalho (2014) pela Sociedade de Ensino Superior e Assessoria Técnica. Graduação em: Engenharia de Materiais (2008) pela UFCG, Licenciatura Plena em Química (2011) e Química Industrial (2007), ambas pela Universidade Estadual da Paraíba - UEPB. Atualmente é professora na Unidade Acadêmica de Engenharia de Materiais da UFCG. Membro do Programa de Pós-Graduação em Ciência e Tecnologia Ambiental (Mestrado e Doutorado) na UEPB, desenvolvendo pesquisas na área de Tecnologias de Tratamento de Água e Resíduos. Tem artigos publicados em periódicos, depósitos de patentes, registros de softwares e de desenhos industriais. Atua também como consultora Ad hoc do CNPq e revisora de periódicos indexados. É líder do Grupo de pesquisa em Tratamentos Avançados de Águas da UEPB. Atua em pesquisas relacionadas aos processos de separação por membranas para o tratamento de águas contaminadas, na reciclagem de polímeros obtendo sistemas sustentáveis e no desenvolvimento de materiais e membranas fototérmicas aplicadas na dessalinização via energia solar. É bolsista de produtividade em pesquisa do CNPq, nível C.","Keila Machado De Medeiros é uma pesquisadora atuante na área de Engenharias, com destaque em Ciência e Engenharia de Materiais e Tecnologias de Tratamento de Água e Resíduos. Possui uma sólida formação acadêmica, com Doutorado e Mestrado em Ciência e Engenharia de Materiais, especialização em Engenharia de Segurança do Trabalho e graduações em Engenharia de Materiais, Licenciatura Plena em Química e Química Industrial. Atualmente, é professora na Unidade Acadêmica de Engenharia de Materiais da Universidade Federal de Campina Grande (UFCG) e membro do Programa de Pós-Graduação em Ciência e Tecnologia Ambiental da Universidade Estadual da Paraíba (UEPB).\n\nSua carreira acadêmica foi marcada por uma sucessão de qualificações, evidenciando seu comprometimento com uma educação de excelência. Desde sua graduação em Química Industrial e Engenharia de Materiais até os mais recentes avanços em seu Pós-Doutorado, Keila demonstrou um interesse contínuo no desenvolvimento de tecnologias sustentáveis e inovadoras, especialmente no campo da dessalinização de água via energia solar e reciclagem de polímeros para a obtenção de sistemas sustentáveis.\n\nAlém de suas atividades docentes, Keila é líder do Grupo de pesquisa em Tratamentos Avançados de Águas da UEPB, onde se dedica a investigar processos de separação por membranas para o tratamento de águas contaminadas. Suas contribuições científicas mais recentes incluem artigos em periódicos renomados, depósitos de patentes e registros de softwares e desenhos industriais. Destaca-se seu artigo sobre \Sic-Based Photothermal Coating To Increase Freshwater Production In Solar Desalination Systems\"" e sua pesquisa sobre a modelagem matemática e simulação computacional de um destilador solar flutuante.\n\nA participação de Keila em programas de pós-graduação, tanto como docente quanto como pesquisadora, evidencia sua abrangente atuação no meio acadêmico, contribuindo para a formação de novos pesquisadores e para o avanço do conhecimento em sua área de especialização. Sua bolsa de produtividade em pesquisa do CNPq, nível C, atesta o reconhecimento de sua trajetória e a relevância de suas pesquisas para a comunidade científica.\n\nPor meio de sua liderança em projetos de pesquisa e sua atuação como consultora Ad hoc do CNPq e revisora de periódicos indexados, Keila Machado De Medeiros se posiciona como uma figura proeminente no cenário acadêmico, contribuindo de forma significativa para o desenvolvimento de tecnologias sustentáveis e a mitigação de riscos ambientais. Sua dedicação à pesquisa e sua busca constante por soluções inovadoras em questões relacionadas ao tratamento de água e resíduos reiteram seu compromisso com a ciência e o impacto positivo que suas descobertas podem ter na sociedade e no meio ambiente.""",73,2,16,18,6,0,8,260,5,78,https://openalex.org/A5067861248,A+,
13c5c075-a88e-45f6-904a-0ae5d0c3305e,Carolina Oliveira De Souza,F,3511717686542176,K4526087H1,0000-0002-8028-5418,Pós-Doutorado,CIENCIAS AGRARIAS;CIENCIAS DA SAUDE,,Alimentos e tecnologia agroindustrial,,Salvador,Universidade Federal Da Bahia,UFBA,"Graduada em Farmácia, com habilitação em Bioquímica, Análises Clínicas e Saúde Pública, possui Mestrado em Ciência de Alimentos e Doutorado em Medicina e Saúde pela Universidade Federal da Bahia (UFBA). É professora do Curso de Farmácia da UFBA e professora permanente dos Programas de Pós-Graduação em Ciência de Alimentos (PGAli/UFBA) e do Doutorado em Biotecnologia da Rede Nordeste de Biotecnologia (RENORBIO/UFBA). Atualmente, é Coordenadora do Programa de Pós-Graduação em Ciência de Alimentos (2025 - atual) e Bolsista de Produtividade em Desenvolvimento Tecnológico e Extensão Inovadora do CNPq, Nível 2 (2020 - atual). Possui experiência nas áreas de Ciência de Alimentos e Biotecnologia, com atuação em controle de qualidade de alimentos; aproveitamento de resíduos para a obtenção de bioprodutos e de novas matérias-primas alimentícias; biopolímeros e propriedade intelectual. Adicionalmente, desenvolve pesquisas na área de insetos comestíveis, com foco na criação, caracterização e obtenção de ingredientes e biopolímeros. Mantém parcerias e coautorias com diversas instituições nacionais e internacionais, incluindo UPORTO (Portugal), UFSC, FURG, SENAI/CIMATEC e EMBRAPA, além de empresas (Tia Sonia, SuperBugs) e cooperativas. Nas áreas de atuação, possui artigos publicados em periódicos nacionais e internacionais, além de patentes e prêmios. É membro da Sociedade Brasileira de Ciência e Tecnologia de Alimentos (SBCTA), coordenadora do Núcleo de Estudos em Biotecnologia e Nanotecnologia (NEBINA), cadastrado no PENIP e do  Laboratório de Pesquisa em Cromatografia Aplicada (LAPESCA). É sócia-fundadora da startup SuperBugs Alimentos Funcionais, voltada à produção sustentável de insetos comestíveis. Foi vice-coordenadora do PGAli (2020 - 2025) e foi integrante do INCT MIDAS (2021 - 2024). Atualmente, integra o Comitê Gestor do INCT Cadeia Produtiva da Carne e atua como pesquisadora no INCITE: Rede Pró-Alimentos e na Rede RENAZUL. Está como membro da Câmara de Assessoramento e Avaliação das Ciências Agrárias e Veterinárias da Fundação de Amparo à Pesquisa do Estado da Bahia (FAPESB) (2024 - atual).","Carolina Oliveira De Souza é uma renomada pesquisadora atuante na área de Ciências Agrárias e Ciências da Saúde, com formação acadêmica diversificada e sólida. Graduada em Farmácia pela Universidade Federal da Bahia (UFBA), obteve especialização em Análises Clínicas e Saúde Pública, além de uma especialização em Gestão e Tecnologia Industrial Farmacêutica pelo Instituto Racine. Prosseguiu seus estudos na UFBA, onde conquistou o título de Mestre em Ciência de Alimentos e posteriormente concluiu o Doutorado em Medicina e Saúde, consolidando assim sua expertise em diversas áreas interdisciplinares.\n\nAtualmente, Carolina Oliveira De Souza desempenha o papel de docente no Curso de Farmácia da UFBA, além de ser professora permanente nos Programas de Pós-Graduação em Ciência de Alimentos (PGAli/UFBA) e no Doutorado em Biotecnologia da Rede Nordeste de Biotecnologia (RENORBIO/UFBA). Sua liderança e excelência acadêmica são evidenciadas pelo cargo de Coordenadora do Programa de Pós-Graduação em Ciência de Alimentos, e pelo reconhecimento como Bolsista de Produtividade em Desenvolvimento Tecnológico e Extensão Inovadora pelo CNPq, no Nível 2.\n\nA pesquisa de Carolina Oliveira De Souza se concentra em diversas áreas de interesse, como controle de qualidade de alimentos, aproveitamento de resíduos para a obtenção de bioprodutos e novas matérias-primas alimentícias, biopolímeros e propriedade intelectual. Destaca-se seu engajamento na investigação de insetos comestíveis, direcionando suas investigações para a criação, caracterização e obtenção de ingredientes e biopolímeros inovadores. Sua produção científica mais recente inclui artigos como \Effects Of A Wine Lees-Based Diet On The Growth, Antioxidant Status, Nutritional And Phenolic Composition Of Zophobas Atratus Larvae\"", \""Effects Of Rumen-Protected Lysine And Tannins On Meat Quality And Fatty Acid Profile In Lambs\"" e \""Geographical Indications For Meat And Meat Products: Global Overview, Territorial Valorization, And Emerging Authentication Strategies\"".\n\nAlém de suas contribuições científicas, Carolina Oliveira De Souza também se destaca por seu envolvimento em programas de pós-graduação, ocupando posições de destaque como Vice-Coordenadora do PGAli e integrante do INCT MIDAS. Sua atuação como membro do Comitê Gestor do INCT Cadeia Produtiva da Carne e sua participação em redes de pesquisa consolidam seu papel ativo na produção e disseminação do conhecimento acadêmico.\n\nNo que diz respeito ao apoio institucional, a pesquisadora recebeu bolsas de produtividade e participou de projetos de fomento, demonstrando o reconhecimento de suas contribuições e o investimento em suas atividades de pesquisa. Sua coautoria com instituições nacionais e internacionais, assim como parcerias com empresas e cooperativas, evidenciam sua ampla rede de colaborações e sua atuação como agente de conexão entre diferentes atores do meio acadêmico e empresarial.\n\nEm suma, Carolina Oliveira De Souza se destaca como uma figura proeminente na pesquisa em Ciências Agrárias e da Saúde, com uma sólida formação educacional, extenso histórico de publicações e participação ativa em programas de pós-graduação e projetos de fomento. Sua atuação multifacetada e seu compromisso com a inovação e o desenvolvimento tecnológico a consolidam como um nome de destaque no cenário acadêmico e científico nacional e internacional.""",144,0,1,15,0,0,0,0,0,1,https://openalex.org/A5136272604,A+,
152ae2d2-d3cc-4785-8bd7-a561d68da3d9,Emilia Peixoto Vieira,F,9111894483090249,K4732847H7,,Pós-Doutorado,,CIENCIAS HUMANAS,"Educação, ensino e formação docente",política educacional; gestão escolar; educação infantil,Ilhéus,Universidade Estadual De Santa Cruz,UESC,"Graduação Pedagogia pela Universidade Federal do Espírito Santo (1996), graduação em Bacharel Ciências Contábeis pelo Centro Superior de Ciências Sociais de Vila Velha (1993), Mestrado em Educação pela Faculdade de Educação - USP (2001) e Doutorado em Educação pela UNICAMP (2011) e Pós-doutorado Universidade Sorbonne Paris Nord. Professora Bolsa Produtividade PQ CNPq. É Professora Pleno da Universidade Estadual de Santa Cruz, onde também foi Diretora do Departamento de Ciências da Educação - DCIE (2012-2014). É professora do quadro permanente do Programa de Pós-Graduação Mestrado e Doutorado Profissional em Educação/PPGE  UESC, e foi Vice Coordenadora (2023-2026) e Coordenadora do PPGE (2017-2019) (2019-2021). Foi membro do Comitê de Ética da UESC (2011-2013), vice-presidente da Regional Nordeste do Fórum Nacional dos Diretores de Faculdades-Centros de Educação das Universidades Públicas Brasileiras (FORUMDIR) (2012-2014). Diretora Seção Espírito Santo (2005-2008) da Associação Nacional de Política e Administração em Educação (ANPAE). Coordenadora do Programa Institucional de Bolsa de Iniciação à Docência/PIBID - Subprojeto Pedagogia - Educação Infantil (2017-2020). Foi diretora ANPAE Seção Bahia (2017-2019), e atualmente é Editora da Revista da ANPAE Educação Básica em Foco (2019- ). É coordenadora do Grupo de Pesquisa CNPq Políticas Públicas e Gestão Educacional (PPeGE). Tem sido parecerista para a CAPES - APCN e PAEP, dentre outros editais, além de algumas revistas com Qualis entre A1 e A4. É coordenadora do Projeto de Extensão Fortalecimento e Articulação da Educação Infantil/UESC. Em 2020 aprovou um plano de trabalho junto a UESC ''Crianças, Infâncias e Formação Docente: um estudo sobre as políticas, concepções e experiências na América Latina e Brasil'' - para professor visitante da Argentina (acordo de cooperação). Em 2021 participou e foi aprovada em 1 lugar na seleção do Projeto Técnico de Pesquisa O Fortalecimento do Programa Dinheiro Direto na Escola na Região Nordeste - CECAMPE NORDESTE FNDE/CGAME E UFPB. Ainda em 2021 foi aprovado financiamento do Consulado Francês em Recife de Apoio a eventos científicos franco-brasileiros no Nordeste - Primeira chamada para projetos a ocorrer de Agosto e Dezembro de 2021, com o título ''Crianças, Infâncias e Educação do Campo: Diversidades e Conexões Brasil e França''. Também em 2021 foi aprovada para pós-doutorado na Universidade Sorbonne Paris Nord, no Grupo Experice, projeto ''Crianças, Infâncias e Educação Infantil: um estudo sobre as políticas, concepções e experiências na França'', com bolsa CNPq (2022-2023). Em 2023, participou de missão internacional de trabalho junto as universidades de Évora - Uminho - Braga, Portugal e Universidade Bicocca - Milão - diálogos sobre Infâncias - Crianças - Formação de Professores - Política Educacional.  Em 2023, aprovado financiamento do Consulado Francês em Recife de Apoio a eventos científicos franco-brasileiros no Nordeste com o tema ''Crianças, Infâncias e Educação Infantil em contextos diversos: experiências Brasil e França''. Em 2025-2026, Coordenadora Especialização CAPES/UESC Gestão Escolar. Em 2025, aprovado financiamento CNPq Universal. Tem experiência na área de Educação, com ênfase em Política Educacional e Gestão da Educação, atuando principalmente nos seguintes temas: política educacional, gestão escolar, educação infantil, educação infantil do campo, trabalho docente, formação docente.",,39,8,23,0,0,0,0,0,0,0,,A,
160ac19a-9efc-4094-9a09-3ed083ea5b36,Juliana Soledade Barbosa Coelho,F,7658434641998530,K4707265U9,,Doutorado,,CIENCIAS HUMANAS;LINGUISTICA LETRAS E ARTES,,Programa para a história da língua portuguesa - PROHPOR,Brasília,Universidade Federal Da Bahia,UFBA,"Possui graduação em Letras Vernáculas pela Universidade Federal da Bahia (1999), mestrado em Letras e Lingüística pela Universidade Federal da Bahia (2001) e doutorado em Letras e Lingüística pela Universidade Federal da Bahia (2004). Atualmente é profesora titular da Universidade Federal de Goiás. Tem experiência na área de Letras, com ênfase em Morfologia, Léxico, Onomástica e Linguística Histórica. A partir de perspectiva diacrônica e sincrônica, investiga o léxico comum e o léxico onomástico (antroponímia), com enfoque nos processos morfológicos de sua constituição; bem como as formações genolexicais do português e demais línguas românicas, com enfoque na derivação e outros processos não concatenativos. Atualmente seus projetos estão voltados para os processos semântico-cognitivos envolvidos na constituição morfológica do léxico comum e onomástico, incluindo estudos da gramática do português numa perspectiva cognitivista (morfologia construcional e gramática das construções). Integra o Programa para a História da Língua Portuguesa (PROHPOR), fundado por Rosa Virgínia Mattos e Silva em 1992 (www.prohpor.org), no qual é coordenadora do subgrupo de Morfologia e Lexicologia históricas no âmbito do PROHPOR (Programa para a história da língua portuguesa). Também coordena o projeto Novo Dicionário de Nomes em Uso no Brasil. Ë membro do corpo docente do Programa de Pós-graduação em Linguística (PPGL), da Universidade de Brasília.","Juliana Soledade Barbosa Coelho é uma pesquisadora com uma sólida trajetória acadêmica, atualmente ocupando o cargo de professora titular na Universidade Federal de Goiás. Com uma formação inicial em Letras Vernáculas pela Universidade Federal da Bahia em 1999, ela seguiu sua carreira acadêmica com um mestrado e doutorado também pela UFBA, concluídos em 2001 e 2004, respectivamente.\n\nEspecialista em Morfologia, Léxico, Onomástica e Linguística Histórica, Juliana Coelho desenvolve pesquisas tanto diacrônicas quanto sincrônicas, focando no léxico comum e no léxico onomástico, especialmente na antroponímia. Seu interesse volta-se para os processos morfológicos de constituição do léxico, como também para as formações genolexicais do português e de outras línguas românicas, com ênfase na derivação e em outros processos não concatenativos.\n\nAtualmente, seus projetos de pesquisa concentram-se nos processos semântico-cognitivos envolvidos na constituição do léxico comum e onomástico, incluindo estudos sobre a gramática do português numa perspectiva cognitivista, abordando questões como morfologia construcional e gramática das construções. Além disso, Juliana Coelho lidera o subgrupo de Morfologia e Lexicologia históricas no âmbito do \Programa para a História da Língua Portuguesa\"" (PROHPOR), fundado por Rosa Virgínia Mattos e Silva em 1992, onde também integra o projeto Novo Dicionário de Nomes em Uso no Brasil.\n\nCom uma produção bibliográfica recente significativa, Juliana Coelho tem se destacado com publicações com foco na análise dos esquemas construcionais usados por haters nas redes sociais, na relação entre onomástica e indústria cultural, assim como assumindo funções de prefácio em obras acadêmicas. Suas contribuições têm enriquecido o campo da Linguística, trazendo novas perspectivas e abordagens para temas relevantes e atuais.\n\nNo ambiente acadêmico, Juliana Coelho também atua como membro do corpo docente do Programa de Pós-graduação em Linguística (PPGL) da Universidade de Brasília, demonstrando seu engajamento e colaboração em instâncias de ensino e pesquisa. Além disso, sua liderança no grupo de pesquisa PROHPOR evidencia seu papel ativo na promoção do estudo e da preservação da história da língua portuguesa.\n\nApesar de não haver informações disponíveis sobre projetos de fomento específicos ou bolsas de pesquisa recebidas por Juliana Coelho, sua presença constante em publicações acadêmicas e em projetos de pesquisa renomados comprova sua atuação constante e relevante no cenário científico nacional. Sua dedicação e expertise consolidam sua posição como uma pesquisadora de destaque, contribuindo de maneira significativa para o avanço do conhecimento linguístico no Brasil e no mundo.""",28,7,27,0,0,0,0,0,0,0,,E,
17e89059-5c8b-483c-8747-5d5f324dae0f,Simoni Tormohlen Gehlen,F,9099413162597603,K4229994E6,0000-0002-9786-3392,Doutorado,CIENCIAS HUMANAS,,"Educação, ensino e formação docente",Abordagem Temática Freireana e Programas Curriculares,Ilhéus,Universidade Estadual De Santa Cruz,UESC,"possui graduação em Física Licenciatura Plena pela Universidade Federal de Santa Maria (2002) e mestrado em Educação nas Ciências pela Universidade Regional do Noroeste do Estado do Rio Grande do Sul (2006) e doutorado em  Educação Científica e Tecnológica pela Universidade Federal de Santa Catarina (2009). Tem experiência na área de Ensino de Ciências/Física, com ênfase em inovações curriculares, atuando principalmente nos seguintes temas: Abordagem Temática Freireana e  Programas Curriculares.  Coordenadora do Grupo de Estudos sobre Abordagem Temática no Ensino de Ciências (GEATEC/UESC), composto por alunos de graduação em Física Licenciatura, alunos do Mestrado em Educação em Ciências (PPGEC/UESC) da área de Biologia, Química, Filosofia e Pedagogia, e professores da rede estadual da região de Ilhéus-Itabuna (site do grupo: https://geatecuesc8.wixsite.com/geatec). Tem atuado na formação inicial e continuada de professores de Ciências, em especial, no desenvolvimento de processos formativos de professores em parceria com escolas e Secretarias Municipais e/ou Estaduais de Educação em diversos municípios da região da Costa do Cacau, sul da Bahia. Foi coordenadora do Programa de pós-graduação em Educação em Ciências, da Universidade Estadual de Santa Cruz (UESC), no período de 2015-2017. Foi  membro da Comissão de Pesquisa em Ensino de Física da Sociedade Brasileira de Física (CAPEF-SBF), no período de 2019-2021; e foi represente da Região Nordeste na Associação Brasileira de Pesquisa em Educação em Ciências (ABRAPEC), gestão 2021-2023. Professora do Programa de Pós-Graduação em Educação em Ciências e Matemática (UESC-BA) e do Programa de Pós-Graduação em Educação Científica e Formação de Professores (UESB-BA - Jequié). Faz parte da equipe de idealizadores do projeto Rede Nordeste de Pesquisa sobre a Abordagem Temática Freireana no Ensino de Ciências em Alagoas e Bahia, denominada (REALBA), que integra inicialmente as universidades UESC/Ilhéus-BA; UFAL/Sertão-AL e UFRB/Amargosa-BA. Atualmente é membro da Câmara de Assessoramento e Avaliação da área de Ciências Humanas e Educação da FAPESB/BA . No ano de 2021, participou do editorial do Dossiê '' Centenário Paulo Freire'' na Revista Brasileira de Pesquisa em Educação em Ciências (RBPEC) e do Dossiê '' Paulo Freire: olhares sobre a formação docente'' na Revista Iniciação à Docência (UESB). Atualmente é coordenadora do Programa de Pós-Graduação em Educação em Ciências e Matemática (PPGECM)/UESC (gestão março/2026-março/2028).","Simoni Tormohlen Gehlen, doutora em Educação Científica e Tecnológica pela Universidade Federal de Santa Catarina, é uma pesquisadora atuante na área de Ciências Humanas e especializada em Ensino de Ciências/Física. Graduada em Física Licenciatura Plena pela Universidade Federal de Santa Maria e com mestrado em Educação nas Ciências pela Universidade Regional do Noroeste do Estado do Rio Grande do Sul, desenvolveu uma sólida trajetória acadêmica e profissional que a posicionou como uma referência em inovações curriculares e abordagens temáticas no ensino.\n\nAo longo de sua carreira, Simoni tem se destacado como coordenadora do Grupo de Estudos sobre Abordagem Temática no Ensino de Ciências (GEATEC/UESC), integrando alunos de graduação e pós-graduação, bem como professores da rede estadual da região de Ilhéus-Itabuna. Sua atuação na formação inicial e continuada de professores de Ciências, aliada ao desenvolvimento de processos formativos em parceria com escolas e Secretarias Municipais/Estaduais de Educação, evidencia um engajamento profundo com a melhoria do ensino e aprendizagem na região da Costa do Cacau, sul da Bahia.\n\nAlém disso, Simoni foi coordenadora do Programa de Pós-Graduação em Educação em Ciências na Universidade Estadual de Santa Cruz, membro da Comissão de Pesquisa em Ensino de Física da Sociedade Brasileira de Física e representante da Região Nordeste na Associação Brasileira de Pesquisa em Educação em Ciências. Sua participação ativa em órgãos e associações científicas demonstra um compromisso com a promoção e difusão do conhecimento científico, especialmente no campo do ensino de Ciências.\n\nComo parte da equipe do projeto Rede Nordeste de Pesquisa sobre a Abordagem Temática Freireana no Ensino de Ciências em Alagoas e Bahia (REALBA), em parceria com diversas universidades, Simoni tem contribuído para o avanço e a consolidação de práticas educacionais inovadoras e contextualizadas. Além disso, ela integra a Câmara de Assessoramento e Avaliação da área de Ciências Humanas e Educação da FAPESB/BA, demonstrando seu envolvimento em processos de avaliação e fomento à pesquisa científica na região.\n\nEm termos de produção científica, as pesquisas mais recentes de Simoni abordam temas como a utilização de Temas Geradores na formação inicial de professores, a investigação temática no contexto de um professor de Física do Ensino Médio e a aplicação da tecnologia social no ensino de Física. Esses trabalhos, publicados em eventos e periódicos científicos, evidenciam sua constante busca por práticas inovadoras e transformadoras no campo educacional.\n\nCom vínculos estreitos com os Programas de Pós-Graduação em Educação Científica e Formação de Professores, e em Educação em Ciências e Matemática, Simoni Tormohlen Gehlen se destaca como uma pesquisadora comprometida com o aprimoramento da formação docente e o desenvolvimento de práticas pedagógicas significativas e contextualizadas. Sua trajetória e contribuições no campo do Ensino de Ciências/Física demonstram um sólido compromisso com a educação de qualidade e a promoção de uma sociedade mais crítica e participativa.",79,4,14,0,0,0,9,310,7,77,https://openalex.org/A5081931262,A+,
2007249b-0086-4c0d-a59d-321e1ec1f3b7,Karen Valverde Pontes Vater,F,5444380855577045,K4765597J2,,Pós-Doutorado,ENGENHARIAS,,,,Salvador,Universidade Federal Da Bahia,UFBA,"Professora titular da Universidade Federal da Bahia, vinculada ao Departamento de Engenharia Química, e docente permanente do PEI (Programa de Pós-Graduação em Engenharia Industrial - UFBA), do qual foi coordenadora entre 2009 e 2015, e do Programa de Pós-Graduação em Energia e Ambiente (PGEnAm). Chefe do Departamento de Engenharia Química da UFBA desde 2023. Doutora em Engenharia Química pela Universidade Estadual de Campinas (2008) com período sanduíche na Universidade RWTH-Aachen na Alemanha (2006). Mestre em Engenharia Química pela Universidade Estadual de Campinas (2005). Graduada em Engenharia Química pela Universidade Federal da Bahia (2003) com láurea acadêmica. Associado fundador da Rede Brasil-Alemanha Internacionalização do Ensino Superior (Rebralint) desde 2017. Área de atuação: Captura e Conversão de Carbono, Produção de H2 e combustíveis sustentáveis a partir da biomassa, Processos Térmicos de Dessalinização baseado em energia solar, no contexto da Engenharia de Processos em Sistemas (PSE - Process Systems Engineering).","Karen Valverde Pontes Vater é uma renomada pesquisadora e professora titular da Universidade Federal da Bahia, atuando no Departamento de Engenharia Química. Ela também é docente permanente do Programa de Pós-Graduação em Engenharia Industrial (PEI) e do Programa de Pós-Graduação em Energia e Ambiente (PGEnAm) da UFBA. Além disso, desde 2023, Karen ocupa o cargo de Chefe do Departamento de Engenharia Química da instituição.\n\nSua sólida formação acadêmica inclui um Doutorado em Engenharia Química pela Universidade Estadual de Campinas, concluído em 2008, com um período sanduíche na Universidade RWTH-Aachen, na Alemanha, em 2006. Anteriormente, em 2005, obteve o título de Mestre em Engenharia Química pela mesma instituição. Sua jornada educacional teve início com a graduação em Engenharia Química na Universidade Federal da Bahia, em 2003, onde se destacou ao receber láurea acadêmica.\n\nEspecialista na área de Engenharias, mais especificamente em Captura e Conversão de Carbono, Produção de H2 e combustíveis sustentáveis a partir da biomassa, e Processos Térmicos de Dessalinização baseado em energia solar, Karen tem contribuído significativamente para o avanço da Engenharia de Processos em Sistemas (PSE - Process Systems Engineering). Sua dedicação à pesquisa é evidenciada por suas produções bibliográficas mais recentes, como os artigos \Effect Of Support On Ni Catalysts Prepared By The Combustion Method Applied In The Dry Reforming Of Biogas For Production Of Sustainable Hydrogen\"", \""Ni-Perovskite Coated 3d-Printed Honeycomb Monoliths For Co2 Methanation Reaction: A Process Intensification Approach\"", e \""Performance Of Porous Carbons Based On Waste-Printed Paper On The Co2 Capture By Temperature Swing Adsorption\"", todos publicados em 2026.\n\nAlém de sua atuação como pesquisadora, Karen Valverde Pontes Vater também está envolvida em atividades de orientação e formação acadêmica. Como associada fundadora da Rede Brasil-Alemanha Internacionalização do Ensino Superior (Rebralint) desde 2017, ela contribui para a internacionalização e aprimoramento do ensino superior no Brasil. Sua participação ativa em programas de pós-graduação, como coordenadora do PEI entre 2009 e 2015, demonstra seu comprometimento com a formação de novos pesquisadores e a disseminação do conhecimento em sua área de especialização.\n\nEm termos de apoio financeiro e reconhecimento institucional, Karen foi contemplada com o Programa de Fomento em Pesquisa com a modalidade de Produtividade em Pesquisa - 2. Essa conquista ressalta a relevância e a qualidade de suas pesquisas, bem como sua inserção e atuação ativa no cenário acadêmico e científico.\n\nEm suma, Karen Valverde Pontes Vater é uma figura proeminente no campo das Engenharias, cuja trajetória acadêmica e profissional exemplar é marcada por uma sólida formação, destacadas contribuições científicas e participação ativa em programas de pós-graduação e projetos de pesquisa. Sua dedicação e expertise são fundamentais para o avanço da ciência e tecnologia no Brasil e no mundo.""",51,0,5,3,1,0,0,0,0,0,,A+,
21178126-d07f-46bb-88b6-7d0ab66ea622,Liliane Elze Falcão Lins Kusterer,F,6812604321195477,K4778733U5,0000-0003-3736-0002,Pós-Doutorado,,CIENCIAS DA SAUDE,Doenças crônicas e saúde cardiovascular,Grupo de Pesquisa em Infectologia; Grupo de Pesquisa em Atenção Integral a pessoas com doenças raras e doenças crônicas: cooperação em telessaúde FMB-UFBA SESAB,Salvador,Universidade Federal Da Bahia,UFBA,"Graduada em Odontologia pela Universidade Federal da Bahia e em Psicologia. Mestre em Estomatologia pela Universidade Federal da Bahia (2001), Doutora em Patologia Humana pelo Centro de Pesquisas Gonçalo Moniz / Fundação Oswaldo Cruz / BA (2004), Pós-Doutorado em Medicina e Saúde Humana pela Escola Bahiana de Medicina e Saúde Pública (2007), Habilitação em Bioética pela Faculdade de Medicina da Bahia (FMB-UFBA). Professora Titular da Escola Bahiana de Medicina e Saúde Pública de 2005 até maio de 2017, atualmente Pesquisadora Visitante na EBMSP. Professora do Departamento de Medicina Preventiva e Social da Faculdade de Medicina da Universidade Federal da Bahia e docente permanente dos Programas de Pós-Graduação em Saúde, Ambiente e Trabalho (FMB-UFBA). Coordenadora do Programa de Pós-Graduação em Medicina e Saúde (FMB-UFBA) no período de 20192023, atualmente vice-coordenadora. Ministra disciplinas de Bioética, Bioestatística e Inglês Científico. Preceptora da Residência Multiprofissional em Odontologia Hospitalar no Complexo HUPES e da Residência em Cirurgia e Traumatologia Bucomaxilofacial UFBA/OSID, onde desenvolve pesquisas nas áreas de cirurgia facial de afirmação de gênero, reconstrução facial e cirurgia da ATM, e suas relações com qualidade de vida e trabalho. Membro Titular do Colégio Brasileiro de Cirurgia e Traumatologia Bucomaxilofacial, Fellow da International Association of Oral and Maxillofacial Surgery (IAOMS) e Fellow da World Professional Association for Transgender Health. Pesquisadora na área de Qualidade de Vida, responsável por análises psicométricas de instrumentos de qualidade de vida e de percepção no Laboratório de Pesquisa em Infectologia do HUPES-UFBA. Membro da International Society for Quality-of-Life Studies (ISQOLS).Atua nas seguintes áreas de interesse: validação e desenvolvimento de instrumentos psicométricos, qualidade de vida relacionada à saúde em pacientes com doenças crônicas e infecciosas, e qualidade de vida na saúde do trabalhador.Membro fundadora e atual coordenadora do Núcleo Transdisciplinar de Ensino e Pesquisa em Bioética (NETBIO) da Faculdade de Medicina da Universidade Federal da Bahia. Coordenadora do Acordo Internacional AISL-UFBA. Vice-coordenadora do Comitê de Ética em Pesquisa da Faculdade de Medicina da Bahia.Membro do corpo editorial (Review Editor) da Frontiers in Cardiovascular Medicine. Editora de integridade científica do Journal of Evidence-Based Healthcare. Membro da Academia de Ciências da Bahia e pesquisadora Pq C do CNPq.","Liliane Elze Falcão Lins Kusterer é uma pesquisadora renomada, com vínculo principal na Universidade Federal da Bahia. Sua formação acadêmica abrange uma ampla gama de disciplinas, incluindo graduações em Odontologia e Psicologia, além de especializações em áreas como Estomatologia e Cirurgia Maxilofacial. Com um Doutorado em Patologia Humana pela Fundação Oswaldo Cruz e um Pós-Doutorado em Medicina e Saúde Humana pela Escola Bahiana de Medicina e Saúde Pública, Liliane consolidou sua expertise em áreas interdisciplinares.\n\nAo longo de sua carreira, Liliane tem atuado como Professora Titular na Escola Bahiana de Medicina e Saúde Pública, bem como docente permanente em programas de Pós-Graduação em Saúde, Ambiente e Trabalho na UFBA. Sua experiência educacional inclui também a coordenação de programas de Pós-Graduação em Medicina e Saúde, refletindo seu comprometimento com o avanço do conhecimento científico e a formação de novos pesquisadores na área da saúde.\n\nComo pesquisadora, Liliane tem se destacado em diferentes campos, com ênfase em cirurgia facial de afirmação de gênero, reconstrução facial, cirurgia da ATM e suas relações com qualidade de vida e trabalho. Sua atuação em grupos de pesquisa como Qualidade de Vida Relacionada à Saúde e validação de instrumentos, bem como sua participação em projetos voltados para pacientes com doenças crônicas e infecciosas, evidenciam seu interesse em contribuir para uma abordagem holística da saúde.\n\nPor meio de sua liderança no Núcleo Transdisciplinar de Ensino e Pesquisa em Bioética e em outros grupos de pesquisa, Liliane tem promovido a colaboração interdisciplinar e o desenvolvimento de estudos inovadores no campo da saúde. Sua participação em projetos financiados, como o Programa de Produtividade em Pesquisa - C, demonstra seu engajamento em buscar recursos para a realização de pesquisas de alto impacto e relevância.\n\nRecentemente, Liliane tem se destacado por suas contribuições científicas, com publicações como \Dolutegravir Improves Physical Health-Related Quality Of Life In Adults With HTLV-1 Infection: A Randomized Controlled Trial\"", \""Whatsapp As A Support Tool For Reducing Anxiety And Improving Quality Of Life After Orthognathic Surgery\"" e \""Complications And Quality Of Life In Facial Gender Affirmation Surgery: Systematic Review\"". Esses estudos refletem seu interesse em temas atuais e impactantes para a comunidade científica e a sociedade em geral.\n\nEm suma, Liliane Elze Falcão Lins Kusterer se destaca como uma pesquisadora comprometida com a excelência acadêmica, a inovação científica e a promoção da qualidade de vida dos pacientes. Sua trajetória educacional e profissional, aliada às suas contribuições científicas e atividades de liderança, a tornam uma figura influente no cenário acadêmico da saúde, com um legado significativo de pesquisa e ensino na Universidade Federal da Bahia.""",170,2,4,0,0,0,18,2238,33,184,https://openalex.org/A5007500761,A+,
22fc7ca5-1f2f-4c66-9876-44659f00a80c,Alessandra Estrela Da Silva Lima,F,7883457219333957,K4770440Y5,0000-0002-9879-7999,Pós-Doutorado,CIENCIAS AGRARIAS;CIENCIAS DA SAUDE,,Sanidade animal,,Salvador,Universidade Federal Da Bahia,UFBA,"Médica Veterinária pela Universidade Estadual de Santa Cruz (UESC), Mestrado, Doutorado e Pós-Doutorado em patologia/oncologia pela Universidade Federal de Minas Gerais (UFMG) e Pós-Doutorado também pela University of Helsinki (HELSINKI, Finlândia). É especialista em Patologia Veterinária pela Associação Brasileira de Patologia Veterinária (ABPV). É professora associada da Universidade Federal da Bahia e pesquisadora colaboradora na Universidade de Helsinque. Coordenou o programa de Pós-graduação em Ciência Animal nos Trópicos e o Setor de Patologia. Coordenou o Programa de Residência em Patologia Veterinária e foi vice-coordenadora do Programa de Clínica Cirúrgica de Carnívoros Domésticos MEC/HOSPMEV/UFBA (2020-2025). É docente permanente do Programa de Pós-graduação Ciência Animal nos Trópicos de pós-graduação, Bolsista de Produtividade em Pesquisa do CNPq - Nível 1D - CA VT - Medicina Veterinária, e membro do Comitê Assessoramento do CNPq na área de Medicina Veterinária. Atualmente é diretora do Hospital de Medicina Veterinária da UFBA. Atua na área de Patologia Veterinária, com ênfase em Oncologia experimental, animal, comparada e translacional. Coordena o Núcleo de Pesquisa em Oncologia Mamária.","Alessandra Estrela Da Silva Lima é uma renomada pesquisadora da área de Ciências Agrárias e Ciências da Saúde, com formação em Medicina Veterinária pela Universidade Estadual de Santa Cruz (UESC), tendo obtido seu Mestrado, Doutorado e Pós-Doutorado em Patologia/ Oncologia pela Universidade Federal de Minas Gerais (UFMG). Além disso, também realizou um segundo Pós-Doutorado na University of Helsinki, na Finlândia. Especialista em Patologia Veterinária pela Associação Brasileira de Patologia Veterinária (ABPV), Alessandra atualmente exerce a função de professora associada na Universidade Federal da Bahia, onde também é diretora do Hospital de Medicina Veterinária.\n\nCom uma extensa trajetória educacional e profissional, Alessandra Estrela Da Silva Lima possui uma sólida base acadêmica que contribui para suas pesquisas na área de Patologia Veterinária, com ênfase em Oncologia experimental, animal, comparada e translacional. Sua atuação como coordenadora do programa de Pós-graduação em Ciência Animal nos Trópicos e do Setor de Patologia evidencia sua liderança e comprometimento com o desenvolvimento acadêmico e científico.\n\nAlessandra Estrela Da Silva Lima também coordenou o Programa de Residência em Patologia Veterinária e foi vice-coordenadora do Programa de Clínica Cirúrgica de Carnívoros Domésticos MEC/HOSPMEV/UFBA no período de 2020 a 2025. Como docente permanente do Programa de Pós-graduação Ciência Animal nos Trópicos, ela possui um papel ativo na formação de novos pesquisadores e no avanço do conhecimento em sua área de atuação.\n\nAlém disso, Alessandra é Bolsista de Produtividade em Pesquisa do CNPq, nível 1D, na área de Medicina Veterinária, demonstrando seu destaque e relevância no cenário acadêmico nacional. Sua participação como membro do Comitê Assessoramento do CNPq reforça seu engajamento nas esferas de avaliação e financiamento da pesquisa científica no Brasil.\n\nNo que diz respeito às suas contribuições científicas mais recentes, Alessandra Estrela Da Silva Lima é autora de diversos artigos, sendo os mais recentes: \Accuracy Of Infrared Thermography In The Diagnosis Of Canine Mammary Cancer\"", \""Anthropic Pressure And Causes Of Death Of Stranded Chelonia Mydas Along The Northern Coast Of Bahia - Brazil\"" e \""Canine Melanomas: Mitf And P38 Expression And Its Correlation With The Presence Of Lymphocytic Infiltrate, Proliferation, And Survival\"". Essas publicações evidenciam a diversidade de suas pesquisas e o impacto de suas descobertas no campo da Oncologia Veterinária.\n\nPor fim, Alessandra Estrela Da Silva Lima tem sido contemplada com projetos de fomento e bolsas de pesquisa, o que atesta o reconhecimento de sua produção científica e sua inserção ativa no cenário acadêmico. Sua atuação como coordenadora do Núcleo de Pesquisa em Oncologia Mamária reflete seu compromisso em contribuir com avanços significativos na compreensão e no tratamento de doenças oncológicas em animais.\n\nEm suma, Alessandra Estrela Da Silva Lima é uma pesquisadora dedicada e respeitada, cuja ampla experiência, formação acadêmica sólida e produção científica consistente a consolidam como uma referência na área de Patologia Veterinária e Oncologia Animal. Sua atuação em diversas frentes, tanto no ensino quanto na pesquisa, demonstra seu comprometimento com o avanço do conhecimento e o bem-estar dos animais.""",160,0,9,3,0,0,17,1039,35,91,https://openalex.org/A5077556893,A+,
25dadad5-e9bd-4b5a-88ea-11c402c23621,Rebecca Da Silva Andrade,F,4299693971980688,K4442306H7,0000-0001-8915-7220,Doutorado,ENGENHARIAS,,,,Feira de Santana,Universidade Federal Do Recôncavo Da Bahia,UFRB,"Possui graduação em Engenharia Química pela Universidade Federal da Bahia (2013) e pós-graduação (mestrado (2015) e doutorado (2017)) em Engenharia Industrial pela mesma instituição. Atualmente é professora DE Adjunto C1 do curso de Engenharia de Energia na Universidade Federal do Recôncavo da Bahia, e compõe o corpo docente permanente do Programa de Pós-Graduação  em Propriedade Intelectual e Transferência de Tecnologia para a Inovação (PROFNIT), tendo feito parte da equipe responsável pela implantação deste programa como ponto focal da UFRB (Feira de Santana-Bahia), e tendo atuado como vice-coordenadora na gestão 2019. Coordenadora local da disciplina Conceitos e Aplicações da Transferência de Tecnologia. Tem experiência de investigação científica nas áreas de termodinâmica, simulação de processos, desenho de novos materiais (líquidos iônicos próticos) e aplicação de novas tecnologias na indústria, desenvolvendo pesquisa aplicada com o apoio das empresas  Coratex - Siebert Química, NS Têxtil e Porcher do Brasil. Experiência industrial nas áreas de produção, processos, tecnologia e supply chain na multinacional Dupont - Unidade Pólo Petroquímico de Camaçari.",,32,0,3,10,0,0,6,194,5,27,https://openalex.org/A5008137277,B+,
26e90ede-0983-425e-be76-b781b2720fe8,Valeria De Matos Borges,F,1527671960187811,K4798594E8,0000-0002-2775-5409,Pós-Doutorado,CIENCIAS BIOLOGICAS,,,,Salvador,"Fundação Oswaldo Cruz - Instituto Gonçalo Moniz, Fiocruz Bahia",FIOCRUZ-BA,"Bióloga, graduada em Ciências Biológicas pela Universidade Federal do Rio de Janeiro (UFRJ, 1995), mestre (1998) e doutora (2002) em Ciências pelo Instituto de Biofísica Carlos Chagas Filho, UFRJ. Realizou (2003) o pós-doutorado pelo  Pew Latin American Fellows Program in the Biomedical Sciences (Colorado, EUA). É cientista da Fundação Oswaldo Cruz  Bahia (Fiocruz Bahia) (2002-atual). Bolsista de produtividade em Pesquisa do CNPq  Nível 1B. Pesquisa  os mecanismos envolvidos na interação entre Leishmania e a célula hospedeira. É professora permanente e membro do colegiado do Programa de Pós-Graduação em Patologia Humana (UFBA/Fiocruz Bahia  CAPES 6), tendo sido sua coordenadora no quadriênio 2017-2021. Coordenou o Programa Institucional de Iniciação Científica (2011-2014).  Instituiu e coordena o Núcleo de Extensão da Fiocruz Bahia (2026-atual)  Co-fundadora do Laboratório Transdisciplinar de Ensino, Inovação e Afins (LabTEIA). Coordena o Festival Internacional de Divulgação Científica Pint of Science Salvador (2024-atual), integra o projeto reconhecido como tecnologia digital Meninas nas Ciências (UFF) (2021-atual). É membro do Comitê de Comunicação do Instituto Nacional de Ciência e Tecnologia em Doenças Infecciosas e Crônicas das Mucosas e Pele (INCT Mucosas e Pele).","Valeria De Matos Borges é bióloga e pesquisadora vinculada à Fundação Oswaldo Cruz - Instituto Gonçalo Moniz, Fiocruz Bahia, atuando como cientista desde 2002. Sua formação acadêmica inclui a graduação em Ciências Biológicas pela Universidade Federal do Rio de Janeiro (UFRJ) em 1995, o mestrado e doutorado em Ciências pelo Programa de Pós-Graduação em Biofísica do Instituto de Biofísica Carlos Chagas Filho, UFRJ, concluídos em 1998 e 2002, respectivamente. Além disso, realizou pós-doutorado no National Jewish Medical and Research Center (Colorado, EUA) como bolsista do Pew Latin American Fellows Program in the Biomedical Sciences entre 2003 e 2005.\n\nAo longo de sua carreira, Valeria tem se dedicado à pesquisa em áreas como imunologia, biologia celular e biomarcadores, com foco especial nos mecanismos que envolvem a interação entre o parasita Leishmania e a célula hospedeira. Sua expertise e contribuições científicas têm sido reconhecidas, sendo contemplada com a bolsa de produtividade em Pesquisa do CNPq no nível 1B. Além disso, ela é professora permanente e membro do colegiado do Programa de Pós-Graduação em Patologia Humana (UFBA/Fiocruz Bahia), onde também já exerceu o cargo de coordenadora no período de 2017 a 2021.\n\nValeria possui uma ampla produção bibliográfica recente, destacando-se artigos como \Assessing The Endotheliums Role In Covid-19 Severity Using The Huvec Model\"" e \""Lipid Mediators In Host-Pathogen Interactions During Infection: Friends Or Foes?\"", ambos publicados em 2026. Essas publicações evidenciam seu engajamento em investigações relevantes e atuais no campo da biologia e imunologia, contribuindo para o avanço do conhecimento científico.\n\nNo âmbito da gestão acadêmica, Valeria desempenhou papel de destaque como coordenadora do Programa Institucional de Iniciação Científica e coordenadora de Ensino na Fiocruz Bahia em diferentes períodos. Atualmente, ela é coordenadora do Núcleo de Extensão da instituição, onde desenvolve atividades nas áreas de educação científica, extensão e popularização da ciência. Como co-fundadora do Laboratório Transdisciplinar de Ensino, Inovação e Afins (LabTEIA) e coordenadora do Festival Internacional de Divulgação Científica Pint of Science Salvador, ela tem se envolvido ativamente em iniciativas de divulgação científica e promoção da representatividade feminina na ciência.\n\nAlém disso, Valeria é membro do Comitê de Comunicação do Instituto Nacional de Ciência e Tecnologia em Doenças Infecciosas e Crônicas das Mucosas e Pele (INCT Mucosas e Pele), contribuindo para ações de comunicação científica e estreitamento das relações entre a ciência e a sociedade. Sua participação em projetos de fomento e bolsas de pesquisa, como a bolsa de produtividade em Pesquisa do CNPq, evidencia seu engajamento e reconhecimento na comunidade acadêmica.\n\nEm resumo, Valeria De Matos Borges é uma pesquisadora dedicada e talentosa, com uma sólida formação acadêmica e atuação destacada nas áreas de imunologia, biologia celular e biomarcadores. Sua trajetória profissional e suas contribuições científicas recentes a posicionam como uma figura influente e atuante no cenário da pesquisa científica, tanto no Brasil quanto internacionalmente.""",104,3,1,1,0,0,38,3941,81,117,https://openalex.org/A5020803015,A+,
2954a2f0-0c28-4887-827f-2fdcccb87c6e,Camila Duarte Ferreira Ribeiro,F,6608165728129698,K4481034H0,0000-0003-2968-5739,Doutorado,CIENCIAS AGRARIAS,,Alimentos e tecnologia agroindustrial,desenvolvimento de produtos e processos; controle de qualidade de alimentos; propriedade intelectual,Salvador,Universidade Federal Da Bahia,UFBA,"Graduada em Nutrição (2013) pela Universidade Federal da Bahia (UFBA), mestre em Ciência de Alimentos (2015) (UFBA) e doutora em Alimentos, Nutrição e Saúde (2018) (UFBA). É Professora Adjunta do Departamento de Ciência dos Alimentos da Escola de Nutrição da UFBA e atua como Professora Permanente nos Programas de Pós-graduação em Alimentos, Nutrição e Saúde (PPGANS-UFBA) e em Ciência de Alimentos (PGAli-UFBA),  integrando, neste último, o colegiado desde 05.2025. Na pesquisa, coordena projetos com financiamento pelo CNPq, FAPESB, e UFBA, além de ser Pesquisadora do INCT - Cadeia Produtiva da Carne. Na extensão, participa e coordena projetos com financiamento voltados para a agricultura familiar e camponesa e rotulagem de alimentos. É líder do Grupo de Pesquisa do CNPq Alimentos, Nutrição, Inovação e Sustentabilidade (ANIS), é membro da Sociedade Brasileira de Ciência e Tecnologia de Alimentos (sbCTA), desde 2024 e é Bolsista de Produtividade em Desenvolvimento Tecnológico e Extensão Inovadora nível 2 do CNPq,  desde 2022. Obteve premiações regional e estadual na área de Ciência de Alimentos, além de possuir artigos científicos e tecnológicos (prospecções), livros e capítulos publicados nacional e internacionalmente. Possui parcerias e (co)autorias com diferentes instituições (Memorial University of Newfoundland - Canadá; University of Georgia - Estados Unidos; Universitat Politècnica de València  - Espanha; UFSC; SENAI/CIMATEC; UFRB), movimento camponês (MPA-BA) e cooperativa (CPC-BA). É também sócia fundadora da startup Dendê ON, voltada ao desenvolvimento de nanopartículas lipídicas para aplicação em alimentos e cosméticos. Tem experiência na área de Ciência de Alimentos, atuando principalmente nos seguintes temas: desenvolvimento de produtos e processos, controle de qualidade de alimentos, propriedade intelectual, micro e nanotecnologia, alimentos funcionais e compostos bioativos, aproveitamento de coprodutos regionais e rotulagem de alimentos.","Camila Duarte Ferreira Ribeiro é uma pesquisadora com sólida formação acadêmica e atuação destacada na área de Ciências Agrárias. Graduada em Nutrição pela Universidade Federal da Bahia (UFBA) em 2013, obteve seu mestrado em Ciência de Alimentos também pela UFBA em 2015, e concluiu seu doutorado em Alimentos, Nutrição e Saúde pela mesma instituição em 2018. Atualmente, é Professora Adjunta do Departamento de Ciência dos Alimentos da Escola de Nutrição da UFBA, integrando os Programas de Pós-graduação em Alimentos, Nutrição e Saúde (PPGANS-UFBA) e em Ciência de Alimentos (PGAli-UFBA), onde exerce a função de Professora Permanente desde maio de 2025.\n\nComo pesquisadora, Camila coordena projetos financiados pelo CNPq, FAPESB e UFBA, além de ser Pesquisadora do INCT - Cadeia Produtiva da Carne. Sua atuação se estende também à extensão, liderando projetos com foco na agricultura familiar, camponesa e rotulagem de alimentos. Como líder do Grupo de Pesquisa do CNPq \Alimentos, Nutrição, Inovação e Sustentabilidade (ANIS)\"", ela mantém parcerias com instituições nacionais e internacionais, como a Memorial University of Newfoundland (Canadá), University of Georgia (Estados Unidos), Universitat Politècnica de València (Espanha), UFSC, SENAI/CIMATEC, UFRB, Movimento dos Pequenos Agricultores da Bahia (MPA-BA) e a Cooperativa de Produção Comunitária (CPC-BA).\n\nAlém disso, Camila é sócia fundadora da startup Dendê ON, que se dedica ao desenvolvimento de nanopartículas lipídicas para aplicação em alimentos e cosméticos. Sua expertise na área de Ciência de Alimentos inclui temas como desenvolvimento de produtos e processos, controle de qualidade de alimentos, propriedade intelectual, micro e nanotecnologia, alimentos funcionais e compostos bioativos, aproveitamento de coprodutos regionais e rotulagem de alimentos.\n\nEm relação à sua produção científica, Camila recentemente publicou artigos em revistas de renome, como \""Postbiotics In Nanostructures: Scientometric, Patentometric, Market And Regulatory\"" (2026), \""Red Pitaya Peel As Encapsulant For Hybrid Crude Palm Oil Nanoparticles: Characterization And 60-Day Stability\"" (2026), e \""Sustainable Valorization Of Oil Palm Coproducts: Physicochemical Characterization And Potential Use In Insect Bioconversion\"" (2026). Essas contribuições refletem sua dedicação à pesquisa de ponta e sua busca por soluções inovadoras na área de alimentos.\n\nNo âmbito acadêmico, Camila está vinculada aos Programas de Pós-Graduação em Alimentos, Nutrição e Saúde, e em Ciência de Alimentos, onde desempenha um papel ativo no ensino e orientação de alunos de mestrado e doutorado. Além disso, ela recebeu bolsa de Produtividade em Desenvolvimento Tecnológico e Extensão Inovadora nível 2 do CNPq em 2022, o que atesta seu reconhecimento e relevância na comunidade acadêmica e científica.\n\nEm resumo, Camila Duarte Ferreira Ribeiro é uma pesquisadora multifacetada e altamente qualificada, com uma trajetória acadêmica e profissional consistente na área de Ciências Agrárias. Sua atuação abrange pesquisa, extensão, liderança em grupos de pesquisa, participação ativa em programas de pós-graduação e colaborações nacionais e internacionais. Suas contribuições científicas recentes evidenciam seu compromisso com a inovação e a sustentabilidade na área de alimentos, agregando valor ao cenário acadêmico e científico brasileiro e internacional.""",61,15,20,18,0,0,11,552,18,64,https://openalex.org/A5016237512,B+,
2a8954c7-5a78-436c-aea7-16cb51ae83b2,Maria Elisabete Machado,F,4472056042009533,K4704328Z6,0000-0001-8289-4842,Pós-Doutorado,CIENCIAS EXATAS E DA TERRA,,"Geociências, geoquímica e petróleo",,Salvador,Universidade Federal Da Bahia,UFBA,"Professora (Adjunto-C, nível III) do Instituto de Química, Departamento de Química Analítica da Universidade Federal da Bahia (UFBA). Doutora em Química pela Universidade Federal do Rio Grande do Sul (UFRGS). Realizou estágio Pós-doutoral na Università Degli Studi di Messina, Itália e também na UFRGS onde foi bolsista CNPq de Atração de Jovens Talentos, nível 1A. Atua como Docente Permanente nos Programas de Pós-Graduação da UFBA em Química (PPGQ), Geoquímica: Petróleo e Meio Ambiente (Pospetro) e como Docente Participante no Programa de Pós-Graduação em Energia e Ambiente (PGEnAm). Sócia efetiva da Sociedade Brasileira de Química (SBQ) e do EuChemS Sample Preparation Study Group and Network. Participou de parcerias internacionais com a Universidade de Galgary (Canadá) e com a Universidade de Liégi (Bélgica), atualmente mantém parceria com a Universidade de Ferrara, Itália. É membro do corpo editorial da revista Discover Chemistry (Springer Nature). É consultora da Área Interdisciplinar da Coordenação de Aperfeiçoamento de Pessoal de Nível Superior (CAPES). Possui experiência na área de Química Analítica, com atividades de pesquisa em Separações (GC e GCxGC) e espectrometria de massas (qMS MS/MS, TOF). Suas pesquisas atuais estão focadas no desenvolvimento, validação e aplicação de métodos analíticos empregando técnicas cromatográficas (GC-MS, GC/FID, GC-MS/MS, GCxGC) e em estratégias de preparo de amostras alinhadas aos princípios da Química Analítica Verde para a determinação de compostos orgânicos emergentes em amostras ambientais, bem como de marcadores e biomarcadores geoquímicos em petróleo e derivados.","Maria Elisabete Machado é uma renomada pesquisadora na área de Química Analítica, com atuação destacada na Universidade Federal da Bahia (UFBA). Com formação acadêmica sólida, possui Doutorado em Química pela Universidade Federal do Rio Grande do Sul (UFRGS), além de experiência internacional em estágios pós-doutorais na Università Degli Studi di Messina, na Itália, e na UFRGS, onde foi bolsista CNPq de Atração de Jovens Talentos.\n\nComo Professora Adjunto-C do Instituto de Química da UFBA, Maria Elisabete Machado também é membro permanente de programas de pós-graduação em Química (PPGQ), Geoquímica: Petróleo e Meio Ambiente (Pospetro) e participante do Programa de Pós-Graduação em Energia e Ambiente (PGEnAm). Sua contribuição se estende para além do ambiente acadêmico, sendo sócia efetiva da Sociedade Brasileira de Química (SBQ) e do EuChemS Sample Preparation Study Group and Network.\n\nDestaca-se a colaboração internacional da pesquisadora, com parcerias estabelecidas com universidades de renome, como a Universidade de Galgary (Canadá), Universidade de Liégi (Bélgica) e, atualmente, mantendo cooperação com a Universidade de Ferrara, na Itália. Além disso, Maria Elisabete integra o corpo editorial da revista Discover Chemistry (Springer Nature) e atua como consultora da Área Interdisciplinar da Coordenação de Aperfeiçoamento de Pessoal de Nível Superior (CAPES).\n\nSuas áreas de expertise incluem Química Analítica, com ênfase em Separações (GC e GCxGC) e espectrometria de massas (qMS MS/MS, TOF). Suas pesquisas atuais concentram-se no desenvolvimento, validação e aplicação de métodos analíticos utilizando técnicas cromatográficas, com foco na determinação de compostos orgânicos emergentes em amostras ambientais, bem como de marcadores e biomarcadores geoquímicos em petróleo e derivados.\n\nRecentemente, suas produções científicas incluem artigos como \A Global Imprint Of Gadolinium-Based Contrast Agents Used In Magnetic Resonance Imaging In Drinking Water\"" e \""Analytical Trends In The Determination Of Alkylated Polycyclic Aromatic Hydrocarbons In Environmental Samples: Challenges And Advances\"", demonstrando o alcance e a relevância de suas pesquisas.\n\nCom uma trajetória educacional consistente, Maria Elisabete Machado possui ainda um Mestrado em Engenharia de Minas, Metalúrgica e de Materiais e graduação em Ciências - Habilitação em Química - Licenciatura P. A pesquisadora se destaca também em sua inserção em programas de pós-graduação, como Química e Geoquímica: Petróleo e Meio Ambiente, evidenciando sua contribuição para a formação de novos pesquisadores e para o avanço do conhecimento nessas áreas.\n\nAinda, é importante ressaltar que Maria Elisabete Machado já recebeu apoio institucional por meio do Programa de Produtividade em Pesquisa - C, destacando sua atuação de destaque no cenário acadêmico e científico.\n\nDessa forma, Maria Elisabete Machado se consolida como uma pesquisadora de relevância nacional e internacional, cujo trabalho contribui significativamente para o avanço da Química Analítica, com foco em questões ambientais e na indústria de petróleo, destacando-se não apenas por suas contribuições científicas, mas também por sua atuação em programas de pós-graduação e parcerias internacionais.""",58,0,2,0,0,0,0,0,0,3,https://openalex.org/A5137026918,A+,
2ce01cad-a77f-4904-b929-2ca93e4faad0,Deborah Bittencourt Mothé,F,0047688541180439,K4130881Y8,0000-0003-4788-0319,Pós-Doutorado,,CIENCIAS BIOLOGICAS;CIENCIAS DA SAUDE,"Microbiologia, parasitologia e doenças infecciosas",diagnóstico; leishmaniose visceral e tegumentar; zoonoses e estudos epidemiológicos,Salvador,"Fundação Oswaldo Cruz - Instituto Gonçalo Moniz, Fiocruz Bahia",FIOCRUZ-BA,"Possui graduação em Medicina Veterinária pela Universidade Federal de Viçosa (1997), mestrado em Zootecnia pela Universidade Federal de Viçosa (2001) e doutorado em Biotecnologia em Saúde e Medicina Investigativa pela Fundação Oswaldo Cruz (2008). Atualmente é pesquisadora em saúde pública do Instituto Gonçalo Moniz/Fundação Oswaldo Cruz /BA e professora associada de Epidemiologia da Universidade Federal da Bahia. Na pós graduação, é professora permanente do PgBSMI (IGM/Fundação Oswaldo Cruz /BA), PGPAT (UFBA/FIOCRUZ) e PGPCT (IGM/Fundação Oswaldo Cruz /BA). Tem experiência nas áreas de Epidemiologia, Biotecnologia, Parasitologia, Zoonoses e Saúde única, atuando principalmente nos seguintes temas: diagnóstico, leishmaniose visceral e tegumentar, zoonoses e estudos epidemiológicos.","Deborah Bittencourt Mothé é uma pesquisadora renomada na área de Epidemiologia e Biotecnologia em Saúde, atuando como docente e pesquisadora na Fundação Oswaldo Cruz - Instituto Gonçalo Moniz, Fiocruz Bahia. Com uma extensa formação acadêmica, Deborah possui Doutorado em Biotecnologia em Saúde e Medicina Investigativa pela Fiocruz, Mestrado em Zootecnia e graduação em Medicina Veterinária pela Universidade Federal de Viçosa.\n\nAo longo de sua carreira, Deborah tem se dedicado a investigar temas de relevância para a saúde pública, com ênfase em áreas como diagnóstico, leishmaniose visceral e tegumentar, zoonoses e estudos epidemiológicos. Sua experiência abrange diferentes aspectos da saúde única, contribuindo para a compreensão e o enfrentamento de doenças que afetam tanto humanos quanto animais.\n\nAlém de sua atuação como pesquisadora, Deborah também exerce o papel de professora associada de Epidemiologia na Universidade Federal da Bahia, onde orienta alunos de pós-graduação nos programas de Patologia Humana e Biotecnologia em Saúde e Medicina Investigativa. Sua participação ativa em programas de pós-graduação evidencia seu compromisso com a formação de novos pesquisadores e a disseminação do conhecimento científico em sua área de atuação.\n\nRecentemente, Deborah tem se destacado por suas contribuições científicas, com publicações relevantes em periódicos de alto impacto. Dentre suas produções mais recentes, destacam-se artigos como \Oral Treatment With Heat Shock Protein 65-Producing Lactococcus Lactis Induces Regulatory T Cells, Modulating Inflammatory Response In Leishmania Braziliensis Infection\"", \""Performance Of Three Commercial Rapid Diagnostic Tests For Detection Of Igm And Igg Antibodies Against Sars-Cov-2\"" e \""Seroepidemiological Survey And Seropositivity Rate For Trypanosoma Cruzi Infection In A Community-Based Cardiac Screening Initiative In Feira De Santana, Bahia, Brazil\"".\n\nAlém de sua produtividade científica, Deborah também recebeu apoio institucional por meio de bolsas de pesquisa e participação em projetos de fomento, como o Programa de Produtividade em Pesquisa. Essa inserção em projetos financiados demonstra o reconhecimento de sua atuação acadêmica e a relevância de suas pesquisas para o avanço do conhecimento científico em sua área de especialização.\n\nEm suma, Deborah Bittencourt Mothé é uma pesquisadora dedicada e comprometida com a produção de conhecimento científico de alto nível, contribuindo significativamente para a compreensão e o enfrentamento de doenças de importância em saúde pública. Sua trajetória acadêmica e profissional exemplar, aliada às suas recentes contribuições científicas, a consolidam como uma referência na área de Epidemiologia e Biotecnologia em Saúde, sendo uma líder e mentora para estudantes e pesquisadores que compartilham de seus interesses e paixão pela ciência.""",53,0,2,0,0,0,19,1568,30,75,https://openalex.org/A5052201487,A+,
2cf9cd11-82e0-4b62-a390-4c0839ff6af9,Geni Da Silva Sodré,F,6652025101719377,K4772903D6,0000-0002-6184-4720,Pós-Doutorado,CIENCIAS AGRARIAS,,,,Cruz das Almas,Universidade Federal Do Recôncavo Da Bahia,UFRB,"Geni da Silva Sodré concluiu o Doutorado (2005) e o Mestrado (2001) em Entomologia pela Universidade de São Paulo/USP e a Graduação em Engenharia Agronômica pela Universidade Federal da Bahia/UFBA (1997). Pós-Doutorado na Universidade Federal do Recôncavo da Bahia/UFRB (2007) como Bolsista da FAPESB.  Foi Bolsista de Pós-Doutorado na Universidade Federal do Recôncavo da Bahia/UFRB pelo PNPD-Programa Nacional de Pós-Doutorado (2009-2010). Atualmente é Professora Associada IV da UFRB, foi Vice coordenadora do Programa de Pós-Graduação em Ciências Agrárias. Ministra aulas na Pós-Graduação em Ciências Agrárias na disciplina Tópicos Avançados em Fitossanidade, Métodos de Controle de Pragas, Tópicos Especiais em Fitotecnia, Polinização e Produtos das Abelhas. Na graduação Ministra aulas na disciplina Metodologia da Pesquisa, Manejo e conservação de abelhas sem Ferrão, Zoologia Geral e Entomologia Florestal. Foi Editora-chefe da revista Magistra. Participa como Membro do Comitê Executivo da Rede Baiana dos Polinizadores (REPOL). Publicou 70 artigos em periódicos especializados e 232 trabalhos em anais de eventos. Possui 10 livros publicados e 26 capítulos de livros, tem dois pedidos de patente e um registro no INPI de um aplicativo sobre insetos ''The Insects: insetos associados as orquídeas''. Supervisionou na UFRB cinco alunos de pós-doutorado, orientou 14 aluno de doutorado, 16 alunos de mestrado e 36 alunos de iniciação científica. Atualmente orienta em Ciências Agrárias quatro alunos de doutorado, um de mestrado e dois de iniciação científica. Participou de 18 bancas de conclusão de doutorado, 15 de bancas de conclusão de Mestrado, 24 bancas de qualificação e 22 de conclusão de curso de Graduação. Recebeu oito prêmios e títulos. Atualmente participa de cinco projetos de pesquisa. Atua na área de Entomologia com ênfase em insetos úteis, produtos dos insetos, manejo de insetos e agricultura familiar. Em suas atividades profissionais interagiu com 40 colaboradores em coautorias de trabalhos científicos. Em seu currículo Lattes os termos mais frequentes na contextualização da produção cientifica, tecnológica e artístico cultural são: insetos úteis, abelhas, apicultura, meliponicultura, mel, pólen, própolis, geoprópolis, melissopalinologia, Apoidea, flora apícola, plantas apícolas, entomologia agrícola, controle alternativo e agricultura familiar.",,87,10,24,4,1,1,14,658,25,91,https://openalex.org/A5021900987,A,
2e15a8de-daec-4a37-880e-fffaa42fa9c0,Clarissa Araújo Silva Gurgel,F,5582772150728380,K4702127D2,0000-0001-8922-2985,Pós-Doutorado,CIENCIAS BIOLOGICAS;CIENCIAS DA SAUDE,,Diagnóstico e pesquisa clínica,,Salvador,"Fundação Oswaldo Cruz - Instituto Gonçalo Moniz, Fiocruz Bahia",FIOCRUZ-BA,"Mãe de Caio (2009) e Camila (2015). Membro titular da Academia de Ciências da Bahia. Mestre e Doutora em Patologia Humana (Capes 6- UFBA/FIOCRUZ), estágio de Pós-Doutorado atuando em Biologia de Tumores (Fiocruz). Foi International Fellow da Academy of Medical Science/Newton Foundation (2021-2023) desenvolvendo estudos de  mecanismos complexos do câncer na Universidade de Sheffield (Reino Unido). Pesquisadora Titular da FIOCRUZ, Professora Associada IV da UFBA e Pesquisadora do  Instituto D'OR de Pesquisa. Atual Vice-dDretora de Educação e Informação da Fiocruz-BA e  coordenadora do Programa de Pós-Graduação em Patologia Humana (CAPES 6, UFBA/FIOCRUZ). Lidera os grupos de pesquisa- CNPQ: Estudos Multidisciplinares em Oncologia (Certificado pela FIOCRUZ) e Oncologia Translacional (Certificado pela UFBA).  Participa e coordena estudos internacionais envolvendo Canadá, Suiça e Reino Unido, financiados pela FAPESB, CNPq, INOVA-FIOCRUZ, Ministério da Saúde (PRONON), Academy of Medical Science, etc. https://orcid.org/0000-0001-8922-2985","Clarissa Araújo Silva Gurgel é uma renomada pesquisadora vinculada à Fundação Oswaldo Cruz - Instituto Gonçalo Moniz, Fiocruz Bahia, com expertise nas áreas de Ciências Biológicas e Ciências da Saúde. Possui uma extensa formação acadêmica, com destaque para seu Doutorado em Patologia Humana pela Universidade Federal da Bahia em parceria com a Fiocruz, concluído em 2009, além de um Pós-Doutorado em Biologia de Tumores na Fiocruz.\n\nAo longo de sua carreira, Clarissa tem se destacado não apenas por sua sólida base educacional, mas também pela consistente produção científica que vem desenvolvendo. Entre suas recentes contribuições bibliográficas, destacam-se artigos como \Mammographic Screening In The Brazilian Unified Health System\"", \""Functional Heterogeneity Of Mesenchymal Stem Cells And Their Therapeutic Potential in the K18-Hace2 Mouse Model of SARS-CoV-2 Infection\"" e \""Curcumin Triggers Reactive Oxygen Species-Mediated Apoptosis and Suppresses Tumor Growth in Metastatic Oral Squamous Cell Carcinoma\"", todos publicados em 2025 e 2026.\n\nAlém de suas atividades de pesquisa, Clarissa Araújo Silva Gurgel também desempenha um papel ativo na formação de novos pesquisadores, sendo coordenadora do Programa de Pós-Graduação em Patologia Humana (CAPES 6, UFBA/FIOCRUZ) e participando de programas como Pesquisa Clínica e Translacional e Odontologia e Saúde. Sua experiência e liderança se estendem a grupos de pesquisa como \""Estudos Multidisciplinares em Oncologia\"" e \""Oncologia Translacional\"", certificados pelo CNPq, Fiocruz e UFBA.\n\nA pesquisadora também tem uma significativa inserção em projetos de fomento e bolsas de pesquisa, demonstrando seu comprometimento e relevância no cenário científico atual. Mesmo sem indicação específica de projetos de fomento neste resumo, sua atuação como International Fellow da Academy of Medical Science/Newton Foundation e sua liderança em estudos internacionais financiados por diversas instituições, como FAPESB, CNPq e INOVA-FIOCRUZ, evidenciam seu engajamento em buscar recursos e parcerias para o desenvolvimento de suas investigações.\n\nCom uma trajetória educacional que abrange desde a graduação em Odontologia pela Universidade Federal da Bahia até especializações e mestrado em Patologia Humana, Clarissa Araújo Silva Gurgel se consolidou como uma pesquisadora de destaque no campo da Oncologia, com ênfase em estudos multidisciplinares e translacionais. Sua atuação como Pesquisadora Titular da Fiocruz, Professora Associada IV da UFBA e Pesquisadora do Instituto D'OR de Pesquisa evidenciam o reconhecimento de sua expertise e sua capacidade de liderança em diferentes instituições de prestígio.\n\nEm suma, Clarissa Araújo Silva Gurgel se destaca como uma pesquisadora multifacetada e influente, cujo trabalho incansável e dedicação à ciência têm contribuído significativamente para avanços no entendimento e tratamento de patologias complexas, especialmente no campo da Oncologia. Sua presença em programas de pós-graduação, liderança em grupos de pesquisa e participação em projetos de fomento e bolsas de pesquisa atestam não apenas sua excelência acadêmica, mas também sua relevância e impacto no meio científico, nacional e internacional.""",141,0,1,0,0,0,25,1615,46,91,https://openalex.org/A5089943243,A+,
33e3839f-2930-4486-9956-77f771b1a8f8,Cristina Maria Assis Lopes Tavares Da Mata Hermida Quintella,F,7897779819494573,K4723127Y3,0000-0002-3827-7625,Pós-Doutorado,CIENCIAS EXATAS E DA TERRA;CIENCIAS SOCIAIS APLICADAS,,"Ciência, tecnologia e inovação",,Salvador,Universidade Federal Da Bahia,UFBA,"Cristina Maria Assis Lopes Tavares da Mata Hermida Quintella (Cristina M. Quintella) [Google Scholar:  Citações=4652, Índice h=26, Índice i10=54 em 24/03/2026, Bolsista DT2 do CNPq] é bacharel em Física (1983, Universidade Federal do Rio de Janeiro), mestre em Físico-Química (1985, Instituto de Química da Universidade Federal do Rio de Janeiro), doutora em Ciências Moleculares (1993, University of Sussex, UK), pós-doutorados no Instituto Superior de Economia e Gestão da Univ. Lisboa (Portugal), e no Instituto Politécnico de Setúba (Portugal), além de diversas capacitações em Propriedade Intelectual e Transferência de Tecnologia (PI e TT) pela OMPI e INPI. É Prof. Titular da Universidade Federal da Bahia (UFBA). Atua principalmente em: dinâmica e cinética molecular; espectroscopias; interfaces; biotecnologia, produção e transporte de petróleo; CO2; instrumentação, negociação; prospecção tecnológica; PI e TT, gestão da inovação e de suas redes sociais. É autora/organizadora de 164 artigos, 11 livros, 43 capítulos de livros. Orientou/coorientou mais de 26 DR, 42 MS, 219 IC e orientações de desenvolvimento tecnológico (ITI e DTI), e 11 supervisões de POSDOC. Seu grupo ganhou 6 Prêmios Petrobrás (2003 a 2010). Foi criadora e Editora Chefe da revista Cadernos de Prospecção [ISSN:1983-1358, https://periodicos.ufba.br/index.php/nit hospedada pela UFBA] (2008-2023). É inventora de 59 patentes solicitada e/ou concedidas nos EUA, Grã-Bretanha, Japão, Rússia e Brasil, além de duas marcas. Desenvolveu tecnologias que são já inovação tecnológica sendo utilizadas pelas empresas QUIMIS, PETROBRAS, COSERN, etc. e outras estão aumentando a maturidade tecnológica (TRL), por exemplo no EMBRAPII. Participou da elaboração e do Comitê Gestor do PRODOC multi-institucional da Bahia (2000), coordenou o PIBIC da UFBA, idealizou e coordenou a criação do módulo de avaliação do SISBIC UFBA - Sistema de Avaliação de Mérito das Bolsas de Iniciação da UFBA (www.sisbic.ufba.br hospedado pela UFBA). Implantou e coordenou o Núcleo de Inovação Tecnológica (NIT) na UFBA (2005 a 2014), sendo a primeira Coordenadora de Inovação da UFBA. Possui ampla experiência na coordenação de projetos individuais, institucionais e em redes. Desde 2004 coordenou a Rede NIT-NE (52 organizações onde foi responsável por mais de 180 bolsas DTI e ITI dos bolsistas atuantes em cada NIT sob orientação imediata dos seus Coordenadores). Criou o Portal da Inovação da Rede NIT-NE com cadastro de usuários, de organizações, de Propriedade Intelectual, Transferência de tecnologia, gestão remota técnica e financeira de projetos, sistema de e-mails, relatórios de gestão, ferramentas dos Núcleos de Inovação Tecnológica, entre outros, e que, em maio/18 compreendia tinha 2.998 usuários, 1.591 inventores cadastrados; 52 organizações de todo o Brasil (academia, governo e empresas); 800 PI cadastradas em diversos e múltiplos setores empresariais (www.portaldainovacao.org hospedado pela UFBA). Membro fundador da Associação Fórum Nacional de Gestores de Inovação e Transferência de Tecnologia (FORTEC), tem participado de sua gestão: Coordenação da Regional Nordeste (2006-2010), Conselho Fiscal (2012-2014), Presidente (2014-2019), Diretório (2020-2021), Associada Pessoa Física. Propôs em 2014 e foi (até 2020) Coordenadora Acadêmica Nacional do PROFNIT - Programa de PósGraduação em Propriedade Intelectual e Transferência de Tecnologia para Inovação (www.profnit.org.br), mestrado profissional gratuito e em cadeia nacional, que compreende (em 2026) 47 Pontos Focais atendendo 25 estados e o Distrito Federal, 43 organizações, com 65 de interiorização, mais de 4 mil alunos, mais de 600 docentes.","Cristina Maria Assis Lopes Tavares da Mata Hermida Quintella, mais conhecida como Cristina M. Quintella, é uma renomada pesquisadora brasileira com uma vasta experiência e contribuições significativas nas áreas de Ciências Exatas e da Terra, bem como Ciências Sociais Aplicadas. Atualmente, é Professora Titular na Universidade Federal da Bahia (UFBA), onde desempenha um papel vital em diversos programas de pós-graduação, como Energia e Ambiente, Química e Biotecnologia.\n\nCom uma sólida formação acadêmica, Cristina possui um extenso currículo educacional. Ela obteve seu bacharelado em Física pela Universidade Federal do Rio de Janeiro em 1983, seguido por um mestrado em Físico-Química em 1985. Ela ampliou seus horizontes acadêmicos ao concluir um Doutorado em Ciências Moleculares na University of Sussex, no Reino Unido, em 1993, além de um Doutorado em Geofísica pela UFBA em 1990. Sua trajetória educacional também inclui formações em Astronomia e diferentes pós-doutorados, demonstrando sua busca contínua por conhecimento e excelência acadêmica.\n\nAo longo de sua carreira, Cristina tem se destacado por suas pesquisas inovadoras em dinâmica e cinética molecular, espectroscopias, interfaces, biotecnologia, produção e transporte de petróleo, entre outros temas relevantes. Com mais de 164 artigos publicados, 11 livros e 43 capítulos de livros, suas contribuições científicas são amplamente reconhecidas e citadas, evidenciando sua relevância no cenário acadêmico nacional e internacional.\n\nRecentemente, suas produções bibliográficas mais recentes abordam a análise do impacto de um biestimulante desenvolvido com carbon dot e a dependência do Brasil em tecnologias estrangeiras. Esses artigos refletem seu interesse contínuo em questões de relevância socioeconômica e ambiental, demonstrando sua versatilidade e capacidade de abordar temas complexos e interdisciplinares.\n\nAlém de sua atuação como pesquisadora e docente, Cristina também desempenha um papel ativo em programas de pós-graduação e em atividades de liderança em grupos de pesquisa. Sua participação em projetos de fomento e bolsas de pesquisa demonstra seu engajamento em buscar financiamento e apoio para sua pesquisa, contribuindo para o avanço da ciência e tecnologia no Brasil.\n\nEm resumo, Cristina Maria Assis Lopes Tavares da Mata Hermida Quintella é uma figura proeminente no cenário acadêmico brasileiro, cujo trabalho e dedicação têm sido fundamentais para o desenvolvimento de pesquisas inovadoras e relevantes. Sua abordagem multidisciplinar, experiência diversificada e liderança em projetos de grande impacto a consolidam como uma referência na comunidade científica, inspirando novas gerações de pesquisadores a seguir seus passos e contribuir para o avanço do conhecimento científico e tecnológico.",192,12,41,59,3,2,22,3340,40,209,https://openalex.org/A5053561071,A+,
34a3da9f-13c5-4884-8433-0f73be75f427,Luciene Almeida De Azevedo,F,2783013091209078,K4797560Z9,0000-0002-0224-6034,Pós-Doutorado,,LINGUISTICA LETRAS E ARTES,,formas narrativas contemporâneas; não ficção; autoficção,Salvador,Universidade Federal Da Bahia,UFBA,"Possui  Doutorado em Literatura Comparada (2004) pela Universidade do Estado do Rio de Janeiro e atualmente é professora de Teoria Literária da Universidade Federal da Bahia, vinculada ao programa de Pós-Graduação em Literatura e Cultura. Tem experiência na área de Letras, com ênfase em Teoria Literária e Literatura latino-americana, atuando principalmente nos seguintes temas: formas narrativas contemporâneas, não ficção, autoficção, performance autoral, campo literário.",,32,6,22,0,0,0,3,26,1,26,https://openalex.org/A5031250162,A,
35724afe-833f-45b0-97f2-58b49f63af34,Patrícia Alvarenga,F,4145265842474499,K4796281Y3,,Pós-Doutorado,CIENCIAS HUMANAS,,"Cultura, identidade e diversidade",Núcleo de Estudos sobre Desenvolvimento e Contextos Culturais,Salvador,Universidade Federal Da Bahia,UFBA,"Professora Titular do Instituto de Psicologia e Docente Permanente do Programa de Pós-graduação em Psicologia da Universidade Federal da Bahia (Conceito 6/CAPES). Bolsista de Produtividade em Pesquisa Nível C do CNPq desde 2013. Possui Graduação, Mestrado e Doutorado em Psicologia pela Universidade Federal do Rio Grande do Sul. Realizou estágio pós-doutoral na Universidade de Valência/ES (2012). Realizou estágio como Pesquisadora Visitante na Universidade do Texas/EUA (2018-2019), na Universidade de Nova Iorque/EUA (2019) e na Universidade de Harvard/EUA (2025-2026). Coordena o PARAPAIS - Grupo de Pesquisa sobre Parentalidade e Desenvolvimento Socioemocional na Infância. Foi coordenadora do GT da ANPEPP Parentalidade e Desenvolvimento Infantil em Diferentes Contextos (2021-2025). É a atual editora da Área de Psicologia do Desenvolvimento e da Educação da revista Trends in Psychology (2026-). Foi tutora da Residência Multiprofissional em Saúde da Criança do Complexo Hospitalar Universitário Professor Edgard Santos (2017-2020). Foi coordenadora do Programa de Pós-graduação em Psicologia da UFBA (2015-2016; 2022-2024). Foi uma das vencedoras do Prêmio Ciência pela Primeira Infância (2022) pela pesquisa Eficácia de um Programa de Visitas Domiciliares para Favorecer a Responsividade Materna. Coordena projetos de pesquisa e orienta dissertações de mestrado e teses de doutorado na área de Psicologia do desenvolvimento, com ênfase em programas de intervenção para promover a parentalidade e o desenvolvimento infantil em famílias com baixa escolaridade. Membro da Society for Research on Child Development - SRCD. Membro do International Congress for Infant Studies - ICIS. Membro da Sociedade Brasileira de Psicologia - SBP. Membro do Núcleo de Pesquisa sobre Desenvolvimento e Contextos Culturais (Diretório de Grupos de Pesquisa do CNPq).","Patrícia Alvarenga é uma renomada pesquisadora no campo das Ciências Humanas, atuando como Professora Titular no Instituto de Psicologia e Docente Permanente do Programa de Pós-graduação em Psicologia da Universidade Federal da Bahia. Com uma sólida formação acadêmica, ela obteve sua Graduação, Mestrado e Doutorado em Psicologia pela Universidade Federal do Rio Grande do Sul, além de ter realizado um estágio pós-doutoral na Universidade de Valência, na Espanha, em 2012.\n\nA trajetória educacional de Patrícia Alvarenga revela seu compromisso com a excelência acadêmica, tendo concluído sua graduação em Psicologia em 1997, seguida pelo mestrado em 1999 e pelo doutorado em 2004. Essa sólida base educacional a preparou para se destacar no campo da Psicologia do Desenvolvimento, com foco em programas de intervenção para promover a parentalidade e o desenvolvimento infantil em famílias com baixa escolaridade.\n\nAlém de sua atuação como pesquisadora e docente, Patrícia Alvarenga demonstra engajamento em atividades de liderança e colaboração acadêmica. Ela coordena o grupo de pesquisa PARAPAIS, dedicado ao estudo da parentalidade e desenvolvimento socioemocional na infância, e foi coordenadora do GT da ANPEPP sobre Parentalidade e Desenvolvimento Infantil em Diferentes Contextos. Sua expertise também a levou a assumir a editoria da área de Psicologia do Desenvolvimento e da Educação na revista Trends in Psychology.\n\nNo âmbito da produção científica, Patrícia Alvarenga contribui ativamente com artigos e estudos relevantes para a comunidade acadêmica. Seus trabalhos mais recentes incluem pesquisas sobre os efeitos da atenção plena na impulsividade e gratificação atrasada em pré-escolares, treinamento de habilidades de resolução de problemas para mães de pacientes com fibrose cística, e a viabilidade de um programa online para promover o bem-estar dos pais e o desenvolvimento na primeira infância no Brasil.\n\nA inserção de Patrícia Alvarenga em programas de pós-graduação, como o de Psicologia, evidencia seu papel ativo na formação de novos pesquisadores e na disseminação do conhecimento na área. Além disso, sua participação em grupos de pesquisa, como o Núcleo de Estudos sobre Desenvolvimento e Contextos Culturais, demonstra sua colaboração e liderança no ambiente acadêmico.\n\nComo reconhecimento de sua excelência e contribuição para o campo da Psicologia do Desenvolvimento, Patrícia Alvarenga recebeu a bolsa de Produtividade em Pesquisa Nível C do CNPq, bem como o Prêmio Ciência pela Primeira Infância em 2022, por sua pesquisa sobre a eficácia de um programa de visitas domiciliares para favorecer a responsividade materna. Tais conquistas são reflexo do impacto significativo de suas pesquisas e projetos na comunidade científica.\n\nEm resumo, Patrícia Alvarenga é uma pesquisadora dedicada e multidisciplinar, cuja trajetória acadêmica e profissional é marcada por uma sólida formação, atuação em projetos de destaque, liderança em grupos de pesquisa e produção científica de relevância. Seu compromisso com a promoção da parentalidade e o desenvolvimento infantil a torna uma figura essencial no cenário da Psicologia do Desenvolvimento, contribuindo ativamente para o avanço e aprimoramento do conhecimento nessa área.",73,4,15,0,0,0,0,0,0,0,,A+,
35a1f95f-25f3-4220-9430-a8792c3d5395,Luciana Da Cruz Brito,F,7930486501486931,K4235046Y8,,Pós-Doutorado,,CIENCIAS HUMANAS,"História, memória e patrimônio",,,Universidade Federal Do Recôncavo Da Bahia,UFRB,"É professora do colegiado de História da Universidade Federal do Recôncavo da Bahia. Possuí doutorado em História Social pela Universidade de São Paulo (USP), mestrado em História Social pela Universidade Estadual de Campinas (UNICAMP) e é licenciada em história pela Universidade Federal da Bahia (UFBA). Foi pesquisadora visitante no Instituto Du Bois da Universidade de Harvard e bolsista Fulbright na New York University, onde completou seu doutorado sanduíche. Sua tese de doutorado  ?Impressões norte-americanas sobre escravidão, abolição e relações raciais no Brasil escravista?, recebeu menção honrosa do Prêmio Capes de Teses 2015. Entre os anos de 2015 e 2016 foi  Andrew W. Mellon Postdoctoral Fellow na City University of New York (CUNY) e professora visitante no Trinity College, nos Estados Unidos. Atua na área de história atlântica, com ênfase em história da escravidão nos Estados Unidos e Brasil. Seus principais interesses são história da escravidão e abolição nas américas numa perspectiva transnacional e comparada, sobretudo entre estes dois países.","Luciana Da Cruz Brito é uma renomada pesquisadora e professora do colegiado de História da Universidade Federal do Recôncavo da Bahia. Possui uma sólida formação acadêmica, com doutorado em História Social pela Universidade de São Paulo (USP), mestrado em História Social pela Universidade Estadual de Campinas (UNICAMP) e licenciatura em história pela Universidade Federal da Bahia (UFBA). \n\nAo longo de sua carreira, Luciana desenvolveu uma expertise na área de história atlântica, com foco na história da escravidão nos Estados Unidos e no Brasil. Seus interesses convergem para a história da escravidão e abolição nas Américas numa perspectiva transnacional e comparada, especialmente entre esses dois países. O trabalho de pesquisa de Luciana culminou em sua tese de doutorado intitulada \Impressões norte-americanas sobre escravidão, abolição e relações raciais no Brasil escravista\"", que recebeu menção honrosa do Prêmio Capes de Teses 2015.\n\nAlém disso, Luciana teve a oportunidade de aprimorar sua formação como pesquisadora visitante no Instituto Du Bois da Universidade de Harvard e como bolsista Fulbright na New York University, onde realizou seu doutorado sanduíche. Sua experiência internacional também incluiu o período como Andrew W. Mellon Postdoctoral Fellow na City University of New York (CUNY) e professora visitante no Trinity College, nos Estados Unidos.\n\nNo âmbito da produção científica, Luciana Da Cruz Brito é autora de diversas obras de destaque, como o livro \""O Avesso Da Raça: Escravidão, Abolicionismo E Racismo Entre Os Estados Unidos E O Brasil\"", publicado em 2023, além de capítulos de livros e outras publicações relevantes. Suas pesquisas recentes abordam temas como reparação, memória e reconhecimento, assim como economias de trabalho coercitivo.\n\nA contribuição de Luciana para a formação acadêmica também se reflete em seu envolvimento com o Programa de Pós-Graduação em História Da África, Da Diáspora E Dos Povos Indígenas, demonstrando sua atuação e relevância no meio acadêmico. Além disso, seu reconhecimento na comunidade científica se fortalece através do recebimento de bolsas de pesquisa, como a Produtividade em Pesquisa - categoria 2, evidenciando seu engajamento em projetos de fomento e sua liderança em pesquisas de alto impacto.\n\nEm resumo, Luciana Da Cruz Brito é uma figura proeminente no campo da história atlântica, cujo trabalho e dedicação têm contribuído significativamente para a compreensão da escravidão e abolição nas Américas, consolidando-se como uma referência na área de estudos transnacionais e comparativos entre os Estados Unidos e o Brasil. Sua trajetória acadêmica e suas realizações refletem um compromisso com a excelência acadêmica e a produção de conhecimento de qualidade.""",13,7,7,0,0,0,0,0,0,0,,E,
36d6af28-e1cb-476c-87d3-3deffc8473e7,Margarete Magalhães De Souza,F,7584037714736754,K4784471A9,0000-0003-0292-7988,Pós-Doutorado,CIENCIAS AGRARIAS;CIENCIAS BIOLOGICAS,,"Genética, evolução e biologia molecular",Citogenética de plantas; Genética e Biologia da Reprodução de angiospermas; Melhoramento de passifloras ornamentais,Ilheus,Universidade Estadual De Santa Cruz,UESC,"Possui Mestrado e Doutorado em Produção Vegetal pela Universidade Estadual do Norte Fluminense Darcy Ribeiro - UENF (1998 e 2002). Possui Pós-Doutorado em Citogenética Molecular pela Universidade Estadual de Campinas - UNICAMP (2010). Professora Adjunto da Universidade Estadual de Santa Cruz (UESC) de julho de 2004 a agosto de 2008, Professora Titular de agosto de 2008 a dezembro de 2012 e Professora Pleno (Full Professor) a partir de janeiro de 2013. Líder do Grupo de Pesquisa 'Caracterização de Germoplasma e Melhoramento de Passifloras' (www.passifloras.org). Tem experiência na área de Biologia e Agronomia, com ênfase em Genética, atuando principalmente nos seguintes temas: Citogenética de plantas, Genética e Biologia da Reprodução de angiospermas, Melhoramento de passifloras ornamentais. E-mail: souzamagg@yahoo.com.br.","Margarete Magalhães De Souza, pesquisadora afiliada à Universidade Estadual de Santa Cruz (UESC), é uma renomada especialista em Ciências Agrárias e Biológicas, com destacada atuação nas áreas de Genética, Citogenética de plantas e Melhoramento de passifloras ornamentais. Possui uma extensa trajetória acadêmica e profissional que fundamenta sua expertise, destacando-se pela obtenção do Doutorado em Produção Vegetal pela Universidade Estadual do Norte Fluminense Darcy Ribeiro (UENF) em 2002, após concluir o Mestrado na mesma instituição, em 1998. Além disso, possui graduação em Ciências Biológicas pela Universidade Santa Úrsula, concluída em 1990.\n\nAo longo de sua carreira, Margarete enriqueceu seu conhecimento e experiência por meio de um Pós-Doutorado em Citogenética Molecular pela Universidade Estadual de Campinas (UNICAMP) em 2010, consolidando-se como uma pesquisadora de destaque no cenário acadêmico nacional. Sua atuação como Professora Adjunta, Titular e, posteriormente, como Professora Pleno na UESC é um reflexo de seu comprometimento e competência, evidenciando sua expertise em Genética e Biologia da Reprodução de angiospermas, áreas em que se destaca.\n\nLíder do Grupo de Pesquisa 'Caracterização de Germoplasma e Melhoramento de Passifloras', Margarete Magalhães De Souza tem se dedicado a contribuir significativamente para o avanço do conhecimento científico nesse campo. Suas produções bibliográficas mais recentes, como os artigos \Discrimination Between The Cultivated Species Passiflora Edulis And The New Species Passiflora Cacao Using Trnl Intron Sequence, Morphology And Reproductive System\"" e \""Karyotype And Fluorescent Banding In The Interspecific F1 Hybrid Passiflora lamepiana, Confirmed By Gish\"", são exemplos do impacto de suas pesquisas na comunidade científica.\n\nAlém disso, Margarete está vinculada aos programas de pós-graduação em Genética e Biologia Molecular, assim como em Produção Vegetal, demonstrando sua participação ativa na formação de novos pesquisadores e na disseminação do conhecimento em sua área de especialização. Sua contribuição para o desenvolvimento acadêmico e científico é ainda mais evidente por meio de seu envolvimento em projetos de fomento e bolsas de pesquisa, como a Produtividade em Pesquisa - nível 2, demonstrando seu reconhecimento e apoio institucional.\n\nEm síntese, Margarete Magalhães De Souza é uma pesquisadora dedicada e altamente qualificada, cuja trajetória educacional e profissional sólida a credencia como uma referência em Genética vegetal e Melhoramento de passifloras ornamentais. Sua liderança em grupos de pesquisa, suas contribuições científicas recentes e sua participação ativa em programas de pós-graduação atestam sua relevância e compromisso com a excelência científica. Assim, sua atuação é fundamental para o avanço contínuo do conhecimento e da inovação nas Ciências Agrárias e Biológicas.""",99,0,2,0,0,0,22,1628,54,109,https://openalex.org/A5082007052,B+,
37f93078-558f-4e42-bf8b-0acc4ad2ac1f,Miriam Cristina Marcilio Rabelo,F,7239267596119717,K4781277P4,,Pós-Doutorado,CIENCIAS HUMANAS,,"Sociologia, antropologia e sociedade",,Salvador,Universidade Federal Da Bahia,UFBA,"Fiz graduação em Ciências Sociais pela Universidade Federal da Bahia (1982-1985), doutorado na Universidade de Liverpool, Inglaterra (1986-1990)  e pós-doutorado  nos departamentos de antropologia das universidades de Toronto (2002-2003),  Aberdeen (2011) e Columbia (2019-2020) . Atualmente sou professora titular do Departamento de Sociologia e do Programa de Pós-Graduação em Ciências Sociais da Universidade Federal da Bahia, onde leciono desde 1992.  Tenho atuado nos campos da antropologia da religião e da saúde e escrito vários trabalhos sobre a construção do corpo e da experiência  no contexto do candomblé, espiritismo e pentecostalismo.  Mais recentemente venho me dedicando a pesquisas sobre religiões de matriz africana com foco na sensibilidade, modos de aprendizado e formas de conduta ética cultivados nessas religiões. Tenho interesse especial nos desdobramentos do pragmatismo clássico e da fenomenologia nas ciências sociais e nas abordagens contemporâneas à prática desenvolvidas sob inspiração dessas correntes teóricas. Sou pesquisadora do Núcleo de Estudos em Ciências Sociais e Saúde (ECSAS) da Universidade Federal da Bahia.","Miriam Cristina Marcilio Rabelo é uma renomada pesquisadora afiliada à Universidade Federal da Bahia, onde atua como professora titular no Departamento de Sociologia e no Programa de Pós-Graduação em Ciências Sociais desde 1992. Sua formação acadêmica inclui graduação em Ciências Sociais pela mesma instituição, concluída em 1985, seguida de um doutorado em Ciências Sociais/Antropologia pela University of Liverpool, obtido entre os anos de 1986 e 1990. Além disso, possui um sólido histórico de pós-doutorados, destacando-se passagens pelos departamentos de antropologia das universidades de Toronto, Aberdeen e Columbia, ao longo das últimas décadas.\n\nEspecializada na área de Ciências Humanas, Miriam tem se destacado principalmente nos campos da antropologia da religião e da saúde, com um enfoque particular na análise da construção do corpo e da experiência nos contextos do candomblé, espiritismo e pentecostalismo. Suas pesquisas recentes têm sido voltadas para as religiões de matriz africana, explorando temas como sensibilidade, modos de aprendizado e conduta ética presentes nestas práticas religiosas. A pesquisadora também se interessa pelos desdobramentos do pragmatismo clássico e da fenomenologia nas ciências sociais, além das abordagens contemporâneas à prática baseadas nessas correntes teóricas, evidenciando um viés interdisciplinar e inovador em sua produção científica.\n\nNo âmbito de sua atuação acadêmica, Miriam possui um amplo vínculo com programas de pós-graduação, integrando os programas de Ciências Sociais e Estudos Étnicos e Africanos. Sua participação ativa nesses programas evidencia seu papel de liderança e mentoria junto aos estudantes de pós-graduação, contribuindo significativamente para a formação de novos pesquisadores na área.\n\nDentre suas produções bibliográficas mais recentes, destacam-se trabalhos como \Tempos, Contextos E Um Encontro No Terreiro Guarany De Oxóssi\"", \""O Giro Pragmático Nas Ciências Sociais\"" e \""Produzindo A Atenção Cuidadosa\"", publicados respectivamente em 2026, 2025 e 2025. Esses artigos e capítulos de livro refletem a expertise da pesquisadora em temas cruciais para as Ciências Humanas, abordando questões complexas e atuais com rigor acadêmico e inovação conceitual.\n\nNo que tange ao apoio institucional e fomento à pesquisa, Miriam recebeu a modalidade de Produtividade em Pesquisa - 1C, demonstrando o reconhecimento de sua contribuição científica e a relevância de suas investigações para o campo acadêmico. Sua inserção no Núcleo de Estudos em Ciências Sociais e Saúde (ECSAS) da Universidade Federal da Bahia também reforça sua atuação ativa em grupos de pesquisa consolidados e reconhecidos no cenário acadêmico nacional.\n\nEm síntese, Miriam Cristina Marcilio Rabelo se destaca como uma pesquisadora de excelência, cuja trajetória acadêmica e profissional evidencia um compromisso contínuo com a produção de conhecimento de ponta e com a formação de novos pesquisadores nas Ciências Humanas. Sua ampla gama de publicações, sua atuação em programas de pós-graduação e seu engajamento em projetos de pesquisa financiados atestam a sua relevância e contribuição para o avanço do campo científico em que atua.""",31,4,33,0,0,0,0,0,0,0,,A+,
38e8af30-4b0e-4686-8e3f-52509d207c7a,Cristine Elizabeth Alvarenga Carneiro,F,8132720512334069,K4765094Z2,0000-0002-0782-3523,Pós-Doutorado,,CIENCIAS EXATAS E DA TERRA;ENGENHARIAS,Materiais e novos materiais,síntese de materiais; adsorção e reações em superfície sólida; equilíbrio químico do solo,Barreiras,Universidade Federal Do Oeste Da Bahia,UFOB,"Graduada em Química, Bacharelado e Licenciatura pela Universidade Federal de Goiás (1999), mestrado em Agronomia pela Universidade Estadual de Londrina (2003), doutorado em Agronomia pela Universidade Estadual de Londrina (2008) e doutorado em Química, na área de Físico-química (2012). Pós-doutoramento em Química Prébiotica e em Bioenergia. Atualmente é docente Adjunto da Universidade Federal do Oeste da Bahia. Tem experiência em Química com ênfase em Físico-química e Ciência do Solo, atuando principalmente nos seguintes temas: síntese de materiais, adsorção e reações em superfície sólida, equilíbrio químico do solo, mineralogia do solo, fertilidade do solo. Desenvolve pesquisa em Química Prebiótica, Química e Fertilidade de Solos e Desenvolvimento de novos materiais. Desenvolve projetos de extensão tecnológica com empresas do agronegócio e escolas públicas estaduais de Barreiras. Prestou serviços tecnológicos à empresas privadas dos setores Agrícolas e de Alimentos. Na área de inovação desenvolve trabalhos voltados para Propriedade Intelectual e Transferência de Tecnologia. Foi gestora da Incubadora Tecnológica de Empresas ''Quitandeiros'' até 2019 e Gestora do Ecossistema Local de Inovação da UFOB, foi vice-coordenadora do Profnit-UFOB e coordenadora do curso de Graduação em Bacharelado em Ciência e Tecnologia (BICT). Tem desenvolvido trabalhos e realizado acordos de parceria com empresas voltadas ao agronegócio, com o objetivo de desenvolver tecnologias e inovações. Docente no Programa de mestrado de Propriedade Intelectual e Transferência de Tecnologia para a Inovação (PROFNIT) e no Programa de mestrado e doutorado de Pós Graduação em Propriedade Intelectual - PPGPI do INPI.","Cristine Elizabeth Alvarenga Carneiro é uma pesquisadora atuante na área de Química e Agronomia, vinculada à Universidade Federal do Oeste da Bahia. Graduada em Química, com Bacharelado e Licenciatura pela Universidade Federal de Goiás, ela possui uma extensa formação acadêmica, com mestrado em Agronomia e doutorados em Agronomia e Química, este último com ênfase em Físico-Química. Além disso, realizou pós-doutorados em Química Prébiotica e Bioenergia, ampliando sua expertise em diversas áreas relacionadas à ciência dos materiais e à fertilidade do solo.\n\nSua carreira acadêmica é marcada por uma sólida atuação como docente Adjunto na UFOB, onde desenvolve pesquisas de destaque nas áreas de Química Prebiótica, Fertilidade de Solos e Desenvolvimento de novos materiais. Com experiência em síntese de materiais, adsorção e reações em superfície sólida, além do equilíbrio químico e mineralogia do solo, Cristine tem se destacado pelo pioneirismo e inovação em suas investigações científicas.\n\nAlém de sua atuação como pesquisadora e docente, Cristine Carneiro ainda mantém uma intensa colaboração com empresas do agronegócio, através de projetos de extensão tecnológica, prestação de serviços tecnológicos e desenvolvimento de tecnologias e inovações. Sua gestão na Incubadora Tecnológica de Empresas ''Quitandeiros'' e no Ecossistema Local de Inovação da UFOB demonstram seu comprometimento com a promoção de conhecimento e desenvolvimento regional.\n\nNo que diz respeito à sua produção científica, os trabalhos mais recentes de Cristine incluem a participação em capítulos de livros e artigos científicos, com temas como Convenções de PD&I, Ambientes de Inovação e Prospecção Tecnológica em dispositivos para reconhecimento de danos em bananas pós-colheita. Essas publicações refletem seu engajamento em conectar a academia com o setor produtivo, buscando gerar impacto e contribuições significativas para a sociedade.\n\nEm termos de formação e liderança acadêmica, Cristine Alvarenga Carneiro tem sido parte ativa de programas de pós-graduação, atuando como docente no Programa de Mestrado de Propriedade Intelectual e Transferência de Tecnologia para a Inovação (PROFNIT) e no Programa de Pós-Graduação em Propriedade Intelectual (PPGPI) do INPI. Sua participação em projetos de fomento e bolsas de pesquisa evidenciam seu compromisso com a pesquisa de ponta e a busca por novas fronteiras do conhecimento.\n\nEm resumo, Cristine Elizabeth Alvarenga Carneiro é uma pesquisadora multifacetada e engajada, cuja carreira brilhante se destaca pela diversidade de áreas de atuação e pela constante busca por inovação e excelência. Sua trajetória acadêmica e profissional, aliada às contribuições significativas para a ciência e para o desenvolvimento regional, a consolidam como uma profissional de destaque no cenário científico nacional.",40,1,6,4,1,0,12,356,13,55,https://openalex.org/A5028440758,A,
395e997c-f2d5-4c14-bd40-69e7965b14d8,Fernanda Carneiro Mussi,F,3959532303018324,K4761650Z6,0000-0003-0692-5912,Doutorado,,CIENCIAS DA SAUDE,Enfermagem e cuidado,Grupo Interdisciplinar sobre o Cuidado à Saúde Cardiovascular,Salvador,Universidade Federal Da Bahia,UFBA,"Graduada em Enfermagem pela Universidade Federal de Santa Catarina (1986), Doutora em Enfermagem (2000), Mestra em Enfermagem (1994) e Especialista em Cardiologia (1987) pela Escola de Enfermagem da Universidade de São Paulo. Atualmente é: Professora Titular da Escola de Enfermagem da Universidade Federal da Bahia (EEUFBA); Diretora da EEUFBA - Gestão 2026-2029; Docente do Curso de Graduação em Enfermagem e Docente Permanente do Programa de Pós-Graduação em Enfermagem e Saúde da EEUFBA; Líder do Grupo Interdisciplinar sobre o Cuidado à Saúde Cardiovascular desde a sua criação em 2007; Membro da Câmara Técnica Assessora em Atenção Cardiovascular, no âmbito do SUS do Ministério da Saúde (2024-Atual); Membro do Réseau de recherche en interventions en sciences infirmières du Québec - RRISIQ (2020-Atual); Coordenadora do grupo de trabalho para elaboração do Plano Diretor da EEUFBA (2024-Atual); Membro do Núcleo de Apoio ao Programa de Pós-Graduação em Enfermagem e Saúde da EEUFBA (2013-Atual); Membro do Sub Comitê local 4 Ciências da Saúde do Programa Institucional de Bolsas de Iniciação Científica - PIBIC-UFBA (2019-Atual). Atuou como Diretora de Ensino e Pesquisa da Associação Brasileira de Enfermagem - ABEn Seção Bahia (Gestão 2021 - 2022); Membro do Comitê de Enfermagem para o Enfrentamento da COVID-19 na Bahia (2020-2022); Membro do Grupo de Comunicação da EEUFBA (2017-2020); Membro do NUPEC/UFBA (2017-2020l); Coordenadora do Núcleo de Apoio à Pesquisa, Extensão, Criação e Inovação da EEUFBA  - NUPEC/UFBA (Gestão 2013 -2014 e 2015-2017); Vice-Coordenadora do Programa de Pós-Graduação em Enfermagem da EEUFBA (2011-2013); Pesquisadora UFBA de Produtividade CNPQ (PROPIC) - 2012/2013 e 2015; Membro da Câmara Básica de Assessoramento e Avaliação Científico Tecnológica, na área de Ciências Médicas e da Saúde da Fundação de Amparo a Pesquisa no Estado da Bahia - FAPESB (Gestão 2004 a 2007 e 2015 a 2018). Membro do Sub Comitê 4 do Programa Institucional de Bolsas de Iniciação Científica - PIBIC-UFBA na área de Ciências da Saúde (2008-2011; 2014-2016; 2016-2018).  Orientadora da Tese de Doutorado agraciada com o Prêmio Capes de Teses - Edição 2012. Tem experiência na área de Enfermagem em Cardiologia e Saúde do Adulto e focaliza como linhas de investigação  conforto e cuidado à pessoas adultas, idosas e familiares, retardo no atendimento pré e intra hospitalar face as síndromes coronarianas agudas e ao acidente vascular cerebral, educação à saúde cardiovascular e prevenção e controle de fatores de risco cardiovascular e doenças cardiovasculares. Desenvolve projetos de pesquisa com a parceria de docentes de instituições de ensino superior do Estado da Bahia, de outros estados do Brasil e do exterior conforme apresentado nos itens projetos de pesquisa, ensino e extensão. Desenvolve outras ações internacionalização referidas no item outras informações relevantes.","Fernanda Carneiro Mussi é uma pesquisadora renomada na área de Enfermagem, com titulação de Doutorado e atuação na Universidade Federal da Bahia (UFBA). Sua carreira acadêmica teve início na Universidade Federal de Santa Catarina, onde se graduou em Enfermagem em 1986 e posteriormente obteve especialização em Cardiologia em 1987. Com uma trajetória sólida, Fernanda conquistou o título de Mestra em Enfermagem em 1994 e, finalmente, o Doutorado em 2000, ambos pela Escola de Enfermagem da Universidade de São Paulo.\n\nAtualmente, Fernanda Carneiro Mussi ocupa a posição de Professora Titular na Escola de Enfermagem da UFBA, sendo também Diretora da instituição no período de 2026 a 2029. Além disso, ela é docente do Curso de Graduação em Enfermagem e do Programa de Pós-Graduação em Enfermagem e Saúde da UFBA, onde exerce a função de orientadora de pesquisas. Seu comprometimento com o ensino e a pesquisa é evidenciado por sua participação em diversos comitês e grupos de trabalho, como a Câmara Técnica Assessora em Atenção Cardiovascular do SUS e o Réseau de recherche en interventions en sciences infirmières du Québec.\n\nCom expertise na Enfermagem em Cardiologia e Saúde do Adulto, Fernanda concentra suas investigações em temas como o conforto e cuidado a pessoas adultas e idosas, o retardo no atendimento pré e intra hospitalar em casos de síndromes coronarianas agudas e acidente vascular cerebral, a educação em saúde cardiovascular, e a prevenção e controle de fatores de risco cardiovascular e doenças do coração. Seu alcance científico ampliado é elucidado pelos projetos de pesquisa desenvolvidos em colaboração com instituições de ensino brasileiras e internacionais, evidenciando sua atuação além das fronteiras nacionais.\n\nNo âmbito da produção bibliográfica, Fernanda Carneiro Mussi apresenta uma contribuição relevante para a literatura científica, com artigos recentes como \Violência Ocupacional no Campo da Enfermagem Durante a Pandemia: Uma Análise de Redes\"", \""Patterns of Hospitalizations, Mortality, Incidence and Prevalence of Respiratory Diseases in Brazil Before the Advent of Covid-19: Systematic Review\"", e \""Fatores Associados à Positividade para o Sars-CoV-2 em Trabalhadores da Enfermagem\"". Essas publicações refletem seu engajamento em investigar questões contemporâneas e relevantes para a área da saúde.\n\nNo campo da pós-graduação, Fernanda Carneiro Mussi mantém vínculo com o Programa de Pós-Graduação em Enfermagem e Saúde da UFBA, demonstrando seu envolvimento com a formação de novos pesquisadores na área. Sua liderança no Grupo Interdisciplinar sobre o Cuidado à Saúde Cardiovascular corrobora sua atuação como articuladora de pesquisas e projetos inovadores nesse campo.\n\nNo que tange a projetos de fomento e bolsas recebidas, Fernanda tem um histórico de apoio à pesquisa com a conquista da Produtividade em Pesquisa CNPQ, demonstrando reconhecimento e suporte financeiro para a continuidade de suas investigações. Sua vasta experiência e elevado padrão de excelência colocam Fernanda Carneiro Mussi como uma referência no campo da Enfermagem, contribuindo significativamente para o avanço do conhecimento científico e para a formação de profissionais qualificados e engajados em promover a saúde cardiovascular e o bem-estar da população.""",151,4,15,0,0,0,19,1485,50,224,https://openalex.org/A5040465390,E,
3a2cc24a-dce5-4e79-aa3a-efe1db617e3a,Fernanda Amato Gaiotto,F,7194205256185786,K4792559A6,0000-0002-7140-565X,Pós-Doutorado,CIENCIAS AGRARIAS;CIENCIAS BIOLOGICAS,,,genética da conservação; restauração florestal; fluxo gênico,Ilhéus,Universidade Estadual De Santa Cruz,UESC,"possui graduação em Ciências Biológicas [Botucatu] pela UNESP (1994), mestrado em Ciências Biológicas (Genética) pela UNESP (1997) e doutorado em Agronomia (Genética e Melhoramento de Plantas) pela ESALQ - USP (2001). Realizou PosDoc no Departamento de Ciências Florestais da Universidade de São Paulo (ESALQ) (2002) e na ''University of Florida'' (Estados Unidos - 2015) na área de bioinformática e genômica populacional. Tem cargo de professor titular-pleno da Universidade Estadual de Santa Cruz (UESC-BA) ministrando aulas de graduação para os cursos de Ciências Biológicas e Biomedicina. Atua como orientadora nos cursos de mestrado e doutorado dos Programas de Pós-graduação em Genética e Biologia Molecular e em Ecologia e Conservação da Biodiversidade, ambos da UESC. Tem experiência na área de Genética, atuando principalmente nos seguintes temas: genética da conservação, restauração florestal, fluxo gênico, parentesco, genética de populações e ecologia molecular. Atualmente é pró-reitora de Pesquisa e Pós-Graduação da UESC.","A pesquisadora Fernanda Amato Gaiotto é professora titular-pleno na Universidade Estadual de Santa Cruz (UESC-BA), com atuação nos cursos de Ciências Biológicas e Biomedicina. Possui formação acadêmica sólida, com graduação em Ciências Biológicas pela UNESP, mestrado em Ciências Biológicas (Genética) também pela UNESP e doutorado em Agronomia, com ênfase em Genética e Melhoramento de Plantas, pela ESALQ - USP. Além disso, realizou pós-doutorado no Departamento de Ciências Florestais da Universidade de São Paulo e na University of Florida, nos Estados Unidos, com enfoque em bioinformática e genômica populacional.\n\nAo longo de sua carreira, Fernanda tem se destacado na área de Genética, com foco em temas como genética da conservação, restauração florestal, fluxo gênico, parentesco, genética de populações e ecologia molecular. Sua experiência e expertise nesses campos a tornam uma referência no estudo e na aplicação de conhecimentos genéticos para a preservação e manejo de espécies vegetais, especialmente em ambientes de Mata Atlântica.\n\nAtualmente, além de suas atividades de ensino e pesquisa, Fernanda ocupa o cargo de pró-reitora de Pesquisa e Pós-Graduação da UESC, demonstrando seu engajamento e liderança no fomento à produção científica e ao desenvolvimento de programas de pós-graduação na instituição. Ela também é orientadora nos programas de mestrado e doutorado em Genética e Biologia Molecular, assim como em Ecologia e Conservação da Biodiversidade, fortalecendo a formação de novos pesquisadores em suas áreas de expertise.\n\nNo que diz respeito às suas contribuições científicas mais recentes, Fernanda tem se destacado por meio de publicações em eventos científicos, como os artigos \Anthropogenic Change Targets Stress-Response Genes In An Atlantic Forest Keystone Palm\"", \""Diversidade Genética De Acessos De Elaeis Guineensis Jacq. Do Banco Ativo De Germoplasma Da Ceplac\"" e \""Restoring The Past, Reconstructing The Future: How Genetic Parameters Can Support Forest Restoration?\"". Esses trabalhos evidenciam seu compromisso com a pesquisa de ponta e com a aplicação de conhecimentos genéticos para a conservação e restauração de ecossistemas naturais.\n\nAlém disso, Fernanda está envolvida em projetos de fomento à pesquisa, como a bolsa de Produtividade em Pesquisa - 1C, que demonstra seu reconhecimento e apoio institucional para o desenvolvimento de pesquisas científicas de excelência. Sua participação em programas de pós-graduação, como Genética e Biologia Molecular e Ecologia e Conservação da Biodiversidade, reforça seu papel como mentora e líder acadêmica, contribuindo para a formação de novos pesquisadores e para o avanço do conhecimento em sua área de atuação.\n\nEm resumo, Fernanda Amato Gaiotto é uma pesquisadora renomada, com uma sólida formação acadêmica e vasta experiência em Genética, destacando-se por suas contribuições significativas para a ciência, sua liderança em grupos de pesquisa e sua atuação como pró-reitora de Pesquisa e Pós-Graduação na UESC. Sua trajetória exemplar e seu compromisso com a excelência acadêmica a consolidam como uma referência na área, inspirando futuras gerações de pesquisadores e contribuindo para o avanço do conhecimento científico em Genética e áreas correlatas.""",89,2,6,0,0,0,20,1263,33,95,https://openalex.org/A5001971923,A+,
3bb02858-ab78-44de-8bdd-7635f3c62c98,Fabiana Cézar Félix Hackradt,F,1938903757821939,K4708995D3,0000-0001-7119-7128,Pós-Doutorado,CIENCIAS BIOLOGICAS;CIENCIAS EXATAS E DA TERRA,,"Biodiversidade, ecologia e conservação",Ecologia e Conservação Marinha,Porto Seguro,Universidade Federal Do Sul Da Bahia,UFSB,"Graduada em Licenciatura e Bacharelado em Ciências Biológicas pela Universidade Federal de São Carlos (2003), mestre em Zoologia pela Universidade Federal do Paraná (2006) e doutora em Biologia pelo programa de Biologia de Peixes da Universidad de Murcia na Espanha (2012). Atualmente sou Professora Associada da Universidade Federal do Sul da Bahia, na centro de Ciência Ambientais. Atuo na área de oceanografia e ecologia marinha e tenho como principais linhas de pesquisa ecologia de recifes de corais, estágios iniciais do ciclo de vida dos peixes, impactos antrópicos no ecossistema marinho, conectividade genética e efeitos de áreas marinhas protegidas.","Fabiana Cézar Félix Hackradt é uma renomada pesquisadora brasileira, atuante na Universidade Federal do Sul da Bahia, onde exerce a função de Professora Associada no centro de Ciências Ambientais. Sua formação acadêmica inclui uma graduação em Licenciatura e Bacharelado em Ciências Biológicas pela Universidade Federal de São Carlos, concluída em 2003. Posteriormente, obteve o título de mestre em Zoologia pela Universidade Federal do Paraná, em 2006, e, em seguida, realizou seu Doutorado em Biologia no programa de Biologia de Peixes da Universidad de Murcia, localizada na Espanha, com conclusão em 2012.\n\nCom uma sólida formação multidisciplinar, Fabiana Hackradt concentra suas pesquisas nas áreas de Ciências Biológicas e Ciências Exatas e da Terra, com enfoque em oceanografia e ecologia marinha. Suas principais linhas de pesquisa abrangem a ecologia de recifes de corais, estágios iniciais do ciclo de vida dos peixes, impactos antrópicos no ecossistema marinho, conectividade genética e os efeitos de áreas marinhas protegidas. Sua atuação tem sido fundamental para o avanço do conhecimento sobre a biodiversidade marinha e a conservação dos ecossistemas costeiros.\n\nAlém das suas contribuições significativas para a ciência, Fabiana Hackradt desempenha um papel ativo na formação de novos pesquisadores, participando como docente em diversos programas de pós-graduação, tais como Zoologia, Sistemas Aquáticos Tropicais, Biossistemas e Ecologia e Conservação da Biodiversidade. Sua expertise e liderança também são evidenciadas através do Grupo de Pesquisa \Ecologia e Conservação Marinha\"", no qual exerce função de destaque na área da Ecologia.\n\nNo que diz respeito às suas produções científicas mais recentes, é possível destacar artigos de relevância como \""Ecological Succession and Environmental Drivers in Algal Communities on a Tropical Reef in the Southwestern Atlantic\"", \""Metacommunity Structure, Species Richness, and Species Composition of Reef Fish Trophic Guilds along an Extensive Latitudinal Gradient in the Tropics\"" e \""Selective Effects of Environmental Conditions and Protection Levels on Herbivorous Fish Functions in the Largest South Atlantic Reef Complex\"". Essas publicações demonstram a diversidade e a profundidade das pesquisas conduzidas por Fabiana Hackradt, bem como sua contribuição para o avanço do conhecimento nas áreas de ecologia marinha e conservação da biodiversidade.\n\nEm termos de suporte institucional, a pesquisadora recebeu apoio do programa de Produtividade em Pesquisa - C, indicando o reconhecimento de sua produtividade e relevância no cenário científico nacional e internacional. Esses investimentos refletem não apenas a excelência do trabalho desenvolvido por Fabiana Hackradt, mas também a importância de suas pesquisas para a compreensão e preservação dos ecossistemas marinhos.\n\nEm suma, a trajetória de Fabiana Cézar Félix Hackradt no âmbito acadêmico e científico é marcada por um profundo compromisso com a pesquisa de ponta em ecologia marinha, pela formação de novos pesquisadores e pela promoção da conservação dos ambientes marinhos. Sua atuação multidisciplinar e suas contribuições significativas para a ciência a consolidam como uma figura proeminente no cenário da pesquisa científica atual.""",63,7,8,0,0,0,18,945,29,71,https://openalex.org/A5011066946,A+,
3d41dc97-76e5-474f-9bc8-7158f80fbd41,Sibelli Passini Barbosa Ferrão,F,8244055079402116,K4702569H3,0000-0002-5700-7882,Doutorado,,CIENCIAS AGRARIAS;CIENCIAS EXATAS E DA TERRA;ENGENHARIAS,Alimentos e tecnologia agroindustrial,fraudes em leite e derivados; qualidade e perfil proteômico de leite e derivados; utilização de extratos vegetais para produção de queijos e desenvolvimento de chocolates com leite de diferentes espécies,Itapetinga,Universidade Estadual Do Sudoeste Da Bahia,UESB,"possui graduação em Medicina Veterinária pela Universidade Federal de Minas Gerais (1994), mestrado em Medicina Veterinária pela Universidade Federal de Minas Gerais (1999) e doutorado em Ciências dos Alimentos pela Universidade Federal de Lavras (2006). Atualmente é professora Pleno da Universidade Estadual do Sudoeste da Bahia. Foi Presidente do CBMVHA nas gestões 2007/2011, 2011/2015 e 2017/2019. Foi Vice-Presidente na gestão de 2019/2024. Membro da Comissão Nacional de Tecnologia e Higiene Alimentar do Conselho Federal de Medicina Veterinária (gestão 2018/2021 e 2021/2024). Foi Coordenadora do Programa de Pós-Graduação em Engenharia e Ciência de Alimentos na gestão 2009/2013 e Vice-Coordenadora na gestão 2013/2017. É consultora de vários periódicos internacionais. Tem experiência na área de Ciência e Tecnologia de Alimentos, com ênfase em Ciência e Tecnologia do Leite e Derivados, atuando principalmente nos seguintes temas: fraudes em leite e derivados, qualidade e perfil proteômico de  leite e derivados, utilização de extratos vegetais para produção de queijos e desenvolvimento de chocolates com leite de diferentes espécies.","Sibelli Passini Barbosa Ferrão é uma renomada pesquisadora, com atuação no campo da Ciência e Tecnologia de Alimentos, com especialização em Ciência e Tecnologia do Leite e Derivados. Graduada em Medicina Veterinária pela Universidade Federal de Minas Gerais em 1994, obteve seu mestrado na mesma instituição em 1999 e seu doutorado em Ciências dos Alimentos pela Universidade Federal de Lavras em 2006. Atualmente, é professora Pleno na Universidade Estadual do Sudoeste da Bahia.\n\nAo longo de sua carreira, Sibelli Passini Barbosa Ferrão demonstrou liderança e engajamento em diversas esferas acadêmicas. Foi Presidente do Colegiado de Medicina Veterinária e Zootecnia nas gestões 2007/2011, 2011/2015 e 2017/2019, além de ter exercido o cargo de Vice-Presidente na gestão de 2019/2024. Ela também integrou a Comissão Nacional de Tecnologia e Higiene Alimentar do Conselho Federal de Medicina Veterinária em duas gestões, de 2018 a 2021 e de 2021 a 2024. Além disso, Sibelli Passini Barbosa Ferrão foi Coordenadora do Programa de Pós-Graduação em Engenharia e Ciência de Alimentos nas gestões 2009/2013 e Vice-Coordenadora nas gestões 2013/2017.\n\nA pesquisadora possui ampla experiência e reconhecimento internacional, atuando como consultora em diversos periódicos científicos. Seus estudos e investigações têm se concentrado em temas como fraudes em leite e derivados, qualidade e perfil proteômico de leite e derivados, utilização de extratos vegetais na produção de queijos e desenvolvimento de chocolates com leite de diferentes espécies.\n\nNo âmbito acadêmico, Sibelli Passini Barbosa Ferrão está vinculada ao Programa de Pós-Graduação em Engenharia e Ciência de Alimentos, demonstrando seu comprometimento com a formação de novos pesquisadores e a produção de conhecimento científico de alto nível. Além disso, ela é líder do Grupo de Estudos em Leite (GEL), que tem como foco a investigação na área de Ciência e Tecnologia de Alimentos.\n\nEm relação às suas contribuições científicas mais recentes, Sibelli Passini Barbosa Ferrão publicou uma série de artigos de destaque. Entre suas produções bibliográficas mais recentes, destacam-se os estudos sobre a detecção de adulteração em queijos de ricota de búfala, a verificação da origem geográfica de queijos brasileiros tradicionais e a identificação de adulteração de amido em iogurtes comerciais, utilizando técnicas como espectroscopia de infravermelho e análises quimiométricas.\n\nAlém de sua atuação em pesquisa e ensino, Sibelli Passini Barbosa Ferrão também recebeu apoio institucional por meio de um Programa de Produtividade em Pesquisa - C, demonstrando seu comprometimento com a investigação científica e o avanço do conhecimento em sua área de atuação.\n\nEm síntese, a trajetória acadêmica e profissional de Sibelli Passini Barbosa Ferrão é marcada por um profundo envolvimento com a ciência e tecnologia de alimentos, evidenciando sua expertise e liderança em projetos de pesquisa, programas de pós-graduação e grupos de estudos. Suas contribuições recentes e seu papel de destaque na comunidade científica consolidam sua posição como uma pesquisadora de referência em seu campo de atuação.",116,2,4,1,0,0,16,780,27,91,https://openalex.org/A5030785214,A+,
3f20edbc-488d-4233-bc6e-e8e9b97ae906,Vanessa Hatje,F,4132400977039625,K4796391U3,0000-0001-9766-8493,Doutorado,,CIENCIAS BIOLOGICAS;CIENCIAS EXATAS E DA TERRA;ENGENHARIAS,"Biodiversidade, ecologia e conservação",,Salvador,Universidade Federal Da Bahia,UFBA,"Possui graduação em Oceanologia pela Fundação Universidade Federal do Rio Grande, RS (1993), mestrado em Geociências (Geoquímica) pela Universidade Federal Fluminense, RJ (1996) e doutorado em Oceanografia Química pela Universidade de Sidnei, Austrália (2002). Em fevereiro de 2006 foi contratada como professora do Departamento de Química Analítica da Universidade Federal da Bahia, BA. Tem experiência na área de Oceanografia Química, sendo a poluição marinha, a biogeoquímica de carbono e metais traço, incluindo terras raras e biomonitoramento marinho suas principais áreas de atuação. Entre 2014 e 2020 foi membro do comitê científico do Programa Internacional GEOTRACES. Entre 2014 e 2022 foi membro do Capacity Building Committee do SCOR. Desde 2019 é também membro do IAEA Standing Advisory Group on Nuclear Applications (SAGNA). Atualmente é membro do GESAMP e presidente do grupo de trabalho GESAMP WG45- Climate Change and Greenhouse Gas Related Impacts on Contaminants in the Ocean. Atua como co-presidente do Grupo de Trabalho 1 da UN Década dos Oceanos (Understand and beat marine pollution). Depois de atuar como editor associado do Journal of the Brazilian Chemical Society por 9 anos, atua como editora associado do jornal Limnology and Oceanography. Vanessa publicou mais de 70 artigos científicos.",,109,3,6,0,0,0,41,4605,74,136,https://openalex.org/A5008351522,A+,
46dff2f4-4bbc-4600-b281-5e9320594b73,Evanilda Souza De Santana Carvalho,F,9231431669596510,K4730422P5,0000-0003-4564-0768,Doutorado,CIENCIAS DA SAUDE,,Enfermagem e cuidado,,Feira de Santana,Universidade Estadual De Feira De Santana,UEFS,"Enfermeira graduada pela Universidade Estadual de Feira de Santana -UEFS (1990) Mestrado em Enfermagem pela Universidade Federal da Bahia -UFBA (2005). Doutora em Enfermagem pela UFBA (2010) com Doutorado Sanduich no Departamento de Sociologia IV da Universidad Complutense de Madrid (2009-2010 bolsa CAPES).  Pós doutorado no College of Nursing - University of South Carolina, Columbia - Estados Unidos. (2018-2019 Bolsa CNPq). Atualmente é Docente nos cursos de Graduação em Enfermagem da UEFS; Docente permanente do Programa de Mestrado Profissional em Enfermagem e do Programa de Pós-Graduação em Saúde Coletiva da UEFS. Atuou com Coordenadora de Pesquisa e extensão do Departamento de Saúde (2014-2018), Coordenadora da Pós-graduação na Pró-reitoria de Pesquisa e Pós graduação da UEFS (2019-2021).Vice-reitora da UEFS periído 2023 /2024. Membro da Rede SOCHIENCO (Chile). Membro do Grupo de Investigación Salud Publica, Mental y del Niño - SAPUMENI (Perú) Coordenadora do Programa de Pós-graduação em Saúde Coletiva - UEFS 2022/2023. Atua na área de Enfermagem e Saúde coletiva.Estudos com enfoque na Experiência do adoecimento crônico e Cuidado; Estigma, discriminação e saúde de grupos em vulnerabilidade; Saúde da população negra com ênfase na doença falciforme.Bolsista Produtividade CNPq. Índice h 20.","Evanilda Souza De Santana Carvalho é uma enfermeira com uma carreira acadêmica sólida, graduada pela Universidade Estadual de Feira de Santana - UEFS em 1990, com mestrado em Enfermagem pela Universidade Federal da Bahia - UFBA em 2005 e doutorado em Enfermagem pela UFBA em 2010. Além disso, realizou um Doutorado Sanduíche no Departamento de Sociologia IV da Universidad Complutense de Madrid em 2009-2010 com bolsa da CAPES e um pós-doutorado no College of Nursing da University of South Carolina, Columbia, EUA, em 2018-2019 com bolsa do CNPq.\n\nAtualmente, Evanilda é docente nos cursos de Graduação em Enfermagem da UEFS e docente permanente do Programa de Mestrado Profissional em Enfermagem e do Programa de Pós-Graduação em Saúde Coletiva da mesma universidade. Ao longo de sua carreira, ela desempenhou importantes funções de liderança, como Coordenadora de Pesquisa e Extensão do Departamento de Saúde (2014-2018), Coordenadora da Pós-graduação na Pró-Reitoria de Pesquisa e Pós-graduação da UEFS (2019-2021) e Vice-reitora da UEFS no período de 2023 a 2024.\n\nEvanilda é membro da Rede SOCHIENCO no Chile e do Grupo de Investigación Salud Publica, Mental y del Niño - SAPUMENI no Peru. Além disso, ela coordena o Programa de Pós-graduação em Saúde Coletiva da UEFS de 2022 a 2023. Sua atuação está centrada na área de Enfermagem e Saúde Coletiva, com estudos que abordam a experiência do adoecimento crônico e cuidado, estigma, discriminação e saúde de grupos em vulnerabilidade, bem como a saúde da população negra com ênfase na doença falciforme. Evanilda é uma Bolsista Produtividade do CNPq, com índice h 20.\n\nNo âmbito da produção científica, Evanilda tem contribuído com diversos trabalhos recentes, incluindo a publicação do livro \Aplicações do Desenho-Estória na Pesquisa em Saúde\"" em 2026, assim como artigos como \""Estigma e a Estigmatização em Tempos de Covid-19: Revisão Integrativa de Literatura\"" e \""Autogestão Ineficaz de Saúde durante a Pandemia de Covid-19: Protocolo de Revisão de Escopo\"" em 2025.\n\nEvanilda mantém vínculos com programas de pós-graduação em Enfermagem e Saúde na UEFS, onde tem contribuído ativamente para a formação de novos pesquisadores e profissionais da área. Sua participação em projetos de fomento e bolsas de pesquisa, como a Modalidade Produtividade em Pesquisa - 2, demonstram seu engajamento e relevância na comunidade acadêmica, bem como o reconhecimento de sua produção científica.\n\nPor meio de sua trajetória educacional e profissional, suas pesquisas e publicações, assim como sua atuação em programas de pós-graduação e liderança acadêmica, Evanilda Souza De Santana Carvalho se destaca como uma pesquisadora comprometida com a excelência na Enfermagem e na Saúde Coletiva, contribuindo significativamente para avanços nessas áreas e para a formação de futuros profissionais qualificados.""",151,6,44,0,1,0,17,946,32,235,https://openalex.org/A5018563749,A+,
4750c099-b362-4df0-966e-51090dbad046,Juliana Ortegosa Aggio,F,5290499042057589,K4753835U4,0000-0001-6283-4797,Pós-Doutorado,CIENCIAS HUMANAS,,"Filosofia, epistemologia e ciência",,Salvador,Universidade Federal Da Bahia,UFBA,"Pesquisadora de produtividade do CNPq. Possui graduação, mestrado e doutorado em Filosofia pela Universidade de São Paulo, tendo realizado doutorado sanduíche na École Normale Supérieure - Paris (2009-2010). Professora associada do departamento de filosofia, membra do Programa de pós-graduação em Filosofia da UFBA (PPGF) e da UFRRJ (PPGFIL) e em Estudos Interdisciplinares sobre Mulheres, Gênero e Feminismo (PPGNEIM/UFBA). Realizou pós-doutoramento na UFRJ (2022-2023) e foi professora visitante na Universidade Paris 8 (2023). É líder do grupo de pesquisa em raça, gênero, sexualidade, classe e feminismos ''Coletivo Filosofia da Terceira Margem'' (COFITEM), desde 2025. Foi coordenadora do GT Filosofia e Gênero (2021-2022), é atualmente membra do núcleo de sustentação do GT Raça, gênero e classe (desde 2024), administradora da Rede brasileira de Mulheres Filósofas (desde 2019), membra permanente da Comissão de Organização do Encontro de Filosofia da Bahia (desde 2015) e membra da  Réseau d'études décoloniales (RED, desde 2025). Publicou diversos artigos, capítulos de livro e os livros ''Prazer e desejo em Aristóteles'' (Edufba), ''Filósofas'' (Kotter), ''Dispositivo cisheterocolonial: práticas críticas de si e alianças feministas anticapitalistas'' (no prelo, Col. Filósofas, ed. PUC-Rio/Autêntica). Faz uso de ferramentas conceituais para pesquisar questões relativas à constituição da subjetividade contemporânea a partir do pensamento de Foucault, Butler, Wittig, Lugones, Anzaldúa, Gonzalez, Carneiro, dentre outras feministas, bem como de temas relativos a outros modos de se fazer filosofia, a epistemologias não hegemônicas, sexualidades dissidentes, multiplicidades de gênero, raça, feminismos e suas intersecções.","Juliana Ortegosa Aggio é uma pesquisadora brasileira com atuação acadêmica na Universidade Federal da Bahia, onde ocupa a posição de professora associada no departamento de filosofia. Com uma extensa formação acadêmica, Juliana obteve sua graduação, mestrado e doutorado em Filosofia pela renomada Universidade de São Paulo, entre os anos de 2000 e 2012. Durante seu doutorado, teve a oportunidade de realizar um período sanduíche na École Normale Supérieure - Paris, ampliando seu repertório acadêmico e estabelecendo conexões internacionais.\n\nAo longo de sua carreira, Juliana tem se destacado como uma pesquisadora de produtividade reconhecida pelo CNPq, demonstrando um alto nível de engajamento e contribuições significativas para a área de Filosofia. Sua atuação profissional se estende para além da UFBA, sendo também membra do Programa de pós-graduação em Filosofia da UFRRJ e em Estudos Interdisciplinares sobre Mulheres, Gênero e Feminismo na UFBA. Essa multiplicidade de vínculos evidencia sua abrangente atuação no campo acadêmico, abordando temáticas relacionadas a raça, gênero, sexualidade, classe e feminismos.\n\nNo âmbito de suas pesquisas, Juliana utiliza ferramentas conceituais para investigar questões contemporâneas ligadas à constituição da subjetividade, tendo como base teórica pensadores como Foucault, Butler, Wittig, Lugones, Anzaldúa, Gonzalez e Carneiro, entre outras figuras feministas influentes. Sua produção acadêmica inclui diversos artigos, capítulos de livro e, destacando-se, a publicação dos livros \Prazer e desejo em Aristóteles\"", \""Filósofas\"" e \""Dispositivo cisheterocolonial: práticas críticas de si e alianças feministas anticapitalistas\"". Além disso, os títulos de produções bibliográficas mais recentes como \""Heterossexualidade Compulsória\"", \""Outros Modos De Se Fazer Filosofia\"" e \""Pour Un Féminisme Décolonial Brésilien\"" evidenciam a variedade e relevância de suas pesquisas.\n\nJuliana Ortegosa Aggio também desempenha um papel ativo na coordenação de grupos de pesquisa, sendo líder do grupo \""Coletivo Filosofia da Terceira Margem\"" (COFITEM) desde 2025. Sua participação em diferentes instâncias acadêmicas, como a coordenação de GTs, membros de núcleos de sustentação e redes de pesquisa demonstram seu compromisso com o desenvolvimento e a disseminação do conhecimento filosófico.\n\nNo que tange ao financiamento e apoio institucional, Juliana recebeu o reconhecimento do CNPq por sua produtividade em pesquisa, bem como outros possíveis projetos de fomento que não foram especificados. Esses suportes financeiros evidenciam a relevância e impacto de suas investigações no cenário acadêmico nacional e internacional.\n\nEm síntese, Juliana Ortegosa Aggio é uma pesquisadora prolífica e engajada, com uma trajetória acadêmica profícua e contribuições significativas para o campo da Filosofia, especialmente no que tange às discussões sobre gênero, raça, sexualidade e feminismos. Sua atuação interdisciplinar e internacionalizada reforça sua posição como uma figura relevante no panorama acadêmico contemporâneo, enriquecendo o debate filosófico com perspectivas críticas e inovadoras.""",29,3,17,0,0,0,2,8,0,37,https://openalex.org/A5005336685,A+,
487fe3e6-7918-40bc-a0ab-40799677688f,Daniela Mariano Lopes Da Silva,F,4488121718910800,K4792283Z9,0000-0002-9741-6170,Pós-Doutorado,CIENCIAS BIOLOGICAS,,Ecossistemas aquáticos e marinhos,biogeoquímica de nutrientes em rios e riachos e limnologia,Ilhéus,Universidade Estadual De Santa Cruz,UESC,"Possui graduação em Ciências Biológicas pela Universidade de São Paulo (1996), mestrado em Ciências (Energia Nuclear na Agricultura) pela Universidade de São Paulo (2000) e doutorado em Ciências (Química na Agricultura e Ambiente) pelo Centro de Energia Nuclear na Agricultura/USP (2005). Atualmente é docente do Departamento de Ciências Biológicas na Universidade Estadual de Santa Cruz.  Atua nos programas de pós graduação em Desenvolvimento e Meio Ambiente (PRODEMA - Área Ciências Ambientais) e no programa de pós graduação em Sistemas Aquáticos Tropicais (PPGSAT - Área Biodiversidade). Atual coordenadora do curso de Pós Graduação em Sistemas Aquáticos Tropicais - Programa em Associação UESC/UFSB (Biênio 2025-2027) e Gerente de Pesquisa na Pró Reitoria de Pesquisa e Pós Graduação da UESC desde agosto de 2025.  Atuou como Gerente de Pesquisa na Pró Reitoria de Pesquisa e Pós Graduação da UESC de 2013 a 2021 e atualmente ocupa novamente o cargo desde setembro de 2025. É bolsista de produtividade CNPq nível 2 na área de Ciências Ambientais e tem experiência na área de Ecologia, com ênfase em Ecologia de Ecossistemas, atuando principalmente nos seguintes temas: biogeoquímica de nutrientes em rios e riachos e limnologia.","Daniela Mariano Lopes Da Silva é uma pesquisadora com graduação em Ciências Biológicas pela Universidade de São Paulo, tendo concluído seu mestrado em Ciências (Energia Nuclear na Agricultura) e seu doutorado em Ciências (Química na Agricultura e Ambiente) também pela USP. Possui pós-doutorado e é docente do Departamento de Ciências Biológicas na Universidade Estadual de Santa Cruz.\n\nAo longo de sua carreira acadêmica, Daniela tem se destacado em sua área de especialização em Ciências Biológicas, com enfoque em Ecologia de Ecossistemas. Sua experiência e expertise se concentram na biogeoquímica de nutrientes em rios e riachos, bem como em estudos de limnologia. Suas pesquisas têm contribuído significativamente para o entendimento dos fatores que influenciam a dinâmica dos ecossistemas aquáticos, especialmente em ambientes tropicais.\n\nA trajetória educacional de Daniela inclui um extenso percurso, que vai desde sua formação em Ciências Biológicas na Universidade de São Paulo até a conclusão do doutorado no Centro de Energia Nuclear na Agricultura da USP. Sua formação multidisciplinar proporcionou-lhe uma base sólida para desenvolver pesquisas inovadoras e relevantes no campo da Ecologia.\n\nComo pesquisadora atuante, Daniela tem desempenhado funções de liderança em programas de pós-graduação na Universidade Estadual de Santa Cruz, participando ativamente do programa de Desenvolvimento Regional e Meio Ambiente, além de contribuir significativamente para o programa de Sistemas Aquáticos Tropicais. Sua atuação como coordenadora do curso de Pós Graduação em Sistemas Aquáticos Tropicais é reflexo de sua dedicação ao avanço da pesquisa nessa área.\n\nEm relação às suas produções científicas mais recentes, destacam-se artigos como \Temporal And Ecological Factors Influencing Aquatic Hyphomycetes In A Tropical Headwater Stream\"" e \""Multiparameter Hydro-Environmental Diagnosis Of Springs In A Headwater Watershed Of The Atlantic Forest, Brazil\"". Esses trabalhos evidenciam o compromisso de Daniela em explorar a interação entre aspectos temporais e ecológicos nos ecossistemas aquáticos, contribuindo para a compreensão dos desafios ambientais enfrentados em regiões tropicais.\n\nAlém de suas atividades de pesquisa e docência, Daniela conta com o suporte do CNPq, sendo bolsista de produtividade nível 2 na área de Ciências Ambientais. Essa distinção atesta o reconhecimento de sua contribuição acadêmica e científica, além de fornecer apoio financeiro para o desenvolvimento de seus estudos.\n\nEm suma, Daniela Mariano Lopes Da Silva é uma pesquisadora renomada dentro da comunidade científica, cujo trabalho incansável e comprometimento com a excelência acadêmica têm resultado em contribuições significativas para o avanço do conhecimento em Ecologia de Ecossistemas. Sua trajetória educacional e profissional, aliada às suas conquistas recentes e participação ativa em programas de pós-graduação, reforçam seu papel como uma líder e referência em sua área de pesquisa.""",45,1,5,0,0,0,19,768,22,56,https://openalex.org/A5088938158,A+,
5681bdab-2003-4190-b216-54d813dee72b,Alícia Duhá Lose,F,0964619379855440,K4767541U3,0000-0002-9114-3298,Pós-Doutorado,,CIENCIAS HUMANAS;LINGUISTICA LETRAS E ARTES,,"Modus Scribendi - Grupo de pesquisas paleográficas, filológicas e históricas",Salvador,Universidade Federal Da Bahia,UFBA,"Chefe do Serviço de Paleografia do Arquivo Nacional (Rio de Janeiro). Professora Titular do Instituto de Letras (disciplinas de Paleografia, Diplomática, Ecdótica, História Social da Cultura Escrita, Pesquisa em Acervos Documentais e Filologia textual) cedida ao Arquivo Nacional. Professora Permanente do Programa de Pós-Graduação em Língua e Cultura da Universidade Federal da Bahia (UFBA). É Bolsista de Produtividade em Pesquisa do Conselho Nacional de Desenvolvimento Científico e Tecnológico (CNPq). Licenciada em Letras Vernáculas pela Pontifícia Universidade Católica do Rio Grande do Sul (PUCRS), Mestre e Doutora em Letras e Linguística pelo Programa de Pós-Graduação em Letras e Linguística da Universidade Federal da Bahia (UFBA), com Pós-Doutoramentos em Letras (Filologia) pela Universidade Federal da Bahia; em História (Relações Internacionais) pela Universidade de Brasília (UnB); em Paleografia e Diplomática (Bolsista do Programa Professor Visitante Sênior no Exterior - PVSEx-Pós-Doc-Sênior - da Coordenação de Aperfeiçoamento de Pessoal de Nível Superior - CAPES) (2018-2019) pela Universidade de Coimbra (UC), e em História da Cultura Escrita pela Universidade de Évora (UE). Especialista em Grafoscopia para construção gráficas raras (UNLEYA). É conservadora-restauradora de itens patrimoniais em papel, com formação em cursos variados por todo o Brasil. É membro presidente do CEPEDOP - Centro de Pesquisa e Documentação Paleográfica do Memória  Arte. É líder do Grupo de Pesquisa Modus Scribendi - Paleografia, Diplomática, Codicologia, Filologia e História (CNPq-UFBA) e membro dos Grupos de Pesquisa em Crítica Textual da Fundação Biblioteca Nacional (CNPq-FBN), do Metamorphose - Materialidade e interpretação de manuscritos e impressos da Época Moderna (CNPq-UnB), do CEDOHS - Corpus Eletrônico de Documentos Históricos do Sertão (CNPq-UEFS) e do Pesquisadora do Grupo de Pesquisa CODEX: circulação de documentos e estudos de exemplares manuscritos (UFRGS/CNPq). É Investigadora colaboradora do Centro de Estudos Globais, da Universidade Aberta de Portugal; do Centro de Estudos Interdisciplinares - CEIS20, da Universidade de Coimbra e do CLEPUL (Centro de Literaturas e Culturas Lusófonas Europeias), da Universidade de Lisboa. É membro fundadora da Rede Memórias, Identidades e Património Cultural (UC/UL/UFBA/UESC/UEPR/PUCRS/PUC-SP). É membro do PHPB - Programa para história do Português Brasileiro. Foi orientadora da Tese vencedora do Prêmio Capes de Teses em Linguística e Literatura e do Grande Prêmio de Humanidades de 2025. Desenvolve projetos (com financiamentos estaduais, nacionais e internacionais) de salvaguarda, recuperação, restauração e edição em acervos de diversas instituições do estado da Bahia, como a Irmandade do Santíssimo Sacramento e Nossa Senhora da Conceição da Praia (Salvador), Congregação de Nossa Senhora dos Humildes (Santo Amaro da Purificação), Sociedade Protetora dos Desvalidos (Salvador), Convento de Santa Clara do Desterro (Salvador), Casa Pia dos Órfãos de São Joaquim (Salvador), Centro de Memória Documental da Polícia Militar da Bahia (Salvador), Gabinete Português de Leitura da Bahia e Centro de Estudos Baianos (SIBI-UFBA) (Salvador), entre outras. É autora de duas propostas aprovadas pela UNESCO de nominações ao Programa Memória do Mundo (MowBrasil/UNESCO) e colaboradora de outras duas.Para mais informações, acessar: Orcid: https://orcid.org/0000-0002-9114-3298Ciencia ID F31F-66D1-AD6DResearcherID da Web of Science MIO-4245-2025Site pessoal: http://aliciaduhalosepaleografia.comAcademia.edu: https://ufba.academia.edu/AlC3ADciaDuhC3A1LoseMooc Paleografia na Rede Wiki: https://pt.wikiversity.org/wiki/MOOC_Paleografia_na_Rede_Wiki","A Professora Alícia Duhá Lose, vinculada à Universidade Federal da Bahia (UFBA) e ao Arquivo Nacional (Rio de Janeiro), se destaca como uma renomada pesquisadora na área de Letras e Linguística, com especialização em Paleografia, Diplomática, Ecdótica e História Social da Cultura Escrita. Possui uma extensa formação acadêmica, iniciada com a graduação em Letras Vernáculas pela Pontifícia Universidade Católica do Rio Grande do Sul (PUCRS), seguida por Mestrado e Doutorado em Letras e Linguística pela UFBA. Alícia também possui Pós-Doutorados em áreas variadas, como Filologia, Relações Internacionais, e História da Cultura Escrita, realizados em instituições renomadas do Brasil e do exterior.\n\nCom uma sólida trajetória educacional, que inclui uma especialização em Perícia Grafoscópica nas Construções Gráficas Raras pela Unyleya, Alícia tem se destacado não apenas como pesquisadora, mas também como docente, ministrando disciplinas de Paleografia, Diplomática, Ecdótica, entre outras, tanto na UFBA quanto no Arquivo Nacional. Sua participação em diversos programas de pós-graduação, como Estudos Linguísticos, Língua e Cultura, e Crítica Cultural, evidencia a sua atuação multidisciplinar e a relevância de suas pesquisas para diferentes áreas do conhecimento.\n\nNo que diz respeito às suas contribuições científicas mais recentes, Alícia possui uma produção bibliográfica consistente, com capítulos de livros publicados em 2026, abordando temas como a documentação de temáticas indígenas, análise de códices setecentistas e a pesquisa no período colonial. Além disso, sua liderança no Grupo de Pesquisa Modus Scribendi, voltado para estudos paleográficos, filológicos e históricos, demonstra sua capacidade de articular e liderar projetos de pesquisa de relevância acadêmica.\n\nComo Bolsista de Produtividade em Pesquisa do CNPq e com participação em programas de fomento, Alícia tem sido reconhecida e apoiada institucionalmente em suas atividades de pesquisa, que envolvem a salvaguarda, recuperação, restauração e edição de acervos documentais de diversas instituições na Bahia. Sua participação em redes de pesquisa nacionais e internacionais, bem como em projetos como o Programa Memória do Mundo da UNESCO, evidenciam o alcance e a importância de seu trabalho para a preservação e valorização do patrimônio cultural.\n\nEm síntese, Alícia Duhá Lose se destaca como uma pesquisadora de excelência, com uma sólida formação acadêmica, vasta produção científica e atuação multidisciplinar. Sua atuação como docente, líder de grupo de pesquisa e participante ativa em projetos de fomento demonstram seu comprometimento e relevância no campo acadêmico, contribuindo significativamente para o avanço do conhecimento nas áreas de Letras, Linguística e Cultura Escrita.",63,33,42,0,0,0,2,19,0,56,https://openalex.org/A5037352418,B+,
5f5d05ce-77ce-4e93-a7be-00699f697f41,Beatrice Padovani Ferreira,F,6680356632730139,K4781427E4,,Doutorado,,CIENCIAS BIOLOGICAS;CIENCIAS EXATAS E DA TERRA,Oceanografia e ambientes marinhos,Estudos de Ambientes Recifais,Recife,Universidade Estadual De Feira De Santana,UEFS,"Graduada em Ciências Biológicas pela Universidade Santa Úrsula, com mestrado em Oceanografia Biológica pela Universidade Federal do Rio Grande e doutorado em Marine Biology pela James Cook University of North Queensland, Australia. Atualmente é professora titular do Departamento de Oceanografia da Universidade Federal de Pernambuco e membro do Programa de Pos Graduação em Oceanografia da UFPE. Atua na área de Oceanografia, com ênfase nos seguintes temas: ecologia e monitoramento de recifes de coral, áreas protegidas, ecologia e dinâmica populacional de peixes, conectividade ecossistêmica e manejo pesqueiro.  É membro dos grupos de especialistas da IUCN para elaboração da lista vermelha desde 2007, tendo atuado também no grupo de  especialista na avaliação global dos Oceanos conduzida pela ONU.","Beatrice Padovani Ferreira é uma renomada pesquisadora na área de Oceanografia, atualmente vinculada como professora titular do Departamento de Oceanografia da Universidade Federal de Pernambuco e membro do Programa de Pós-Graduação em Oceanografia da UFPE. Graduada em Ciências Biológicas pela Universidade Santa Úrsula, possui mestrado em Oceanografia Biológica pela Universidade Federal do Rio Grande e doutorado em Marine Biology pela James Cook University of North Queensland, na Austrália.\n\nCom uma vasta experiência acadêmica e profissional, Beatrice atua com ênfase em diversos temas, tais como ecologia e monitoramento de recifes de coral, áreas protegidas, ecologia e dinâmica populacional de peixes, conectividade ecossistêmica e manejo pesqueiro. Sua expertise na área de Oceanografia a colocou como membro dos grupos de especialistas da IUCN para elaboração da lista vermelha desde 2007, além de sua participação no grupo de especialistas na avaliação global dos Oceanos conduzida pela ONU.\n\nRecentemente, suas contribuições científicas mais destacadas incluem a publicação de artigos como \The State Of The Art In Blue Amazon Biodiversity: Protocol For A Systematic Review\"", uma obra que promete ampliar o conhecimento sobre a biodiversidade na região da Amazônia Azul. Além disso, o capítulo \""Mudanças Climáticas No Brasil: Estado Da Arte E Fronteiras Do Conhecimento: Capitulo 6 Oceano E Zonas Costeiras\"" e o artigo \""20-Years Later: Updated Stock Assessment Of Snappers In Northeast Brazil Using An Integrated Stock Assessment Framework\"" demonstram a relevância de seus estudos e pesquisas na área.\n\nComo líder do grupo de pesquisa \""Estudos de Ambientes Recifais\"" na área de Oceanografia, Beatrice Padovani Ferreira contribui significativamente para o avanço do conhecimento científico nesse campo específico. Além disso, sua participação em programas de pós-graduação e suas funções de professor e orientadora demonstram seu compromisso com a formação de novos pesquisadores e a disseminação do conhecimento.\n\nAo longo de sua carreira, Beatrice também recebeu apoio financeiro por meio de programas de fomento, como a Produtividade em Pesquisa - 2, demonstrando sua atuação ativa e reconhecida no meio acadêmico. Sua dedicação à pesquisa e sua ampla gama de estudos consolidam sua posição como uma referência na área de Oceanografia, contribuindo de forma significativa para o avanço da ciência e para a proteção dos ecossistemas marinhos.""",131,4,18,0,0,0,0,0,0,0,,E,
6076759a-033b-4e7a-a6a0-8a962ab27a6b,Vera Pacheco,F,9087620534046101,K4762080D0,0000-0002-7986-7701,Pós-Doutorado,,CIENCIAS HUMANAS;LINGUISTICA LETRAS E ARTES,Linguística e estudos da linguagem,análise acústica; percepção da fala; prosódia,Vitória da Conquista,Universidade Estadual Do Sudoeste Da Bahia,UESB,"Possui graduação em Linguística pela Universidade Estadual de Campinas (2001), graduação  em Letras pela Universidade Estadual de Campinas (2002), Bacharelado Em Letras pela Universidade Estadual de Campinas (2002), mestrado em Lingüística pela Universidade Estadual de Campinas (2003), doutorado em Linguística pela Universidade Estadual de Campinas (2006) e pósdoutorado pela Universidade Paulista ''Júlio de Mesquita Filho''/Araraquara. Atualmente é professor pleno da Universidade Estadual do Sudoeste da Bahia. Tem experiência na área de Linguística, com ênfase em Teoria e Análise Linguística, atuando principalmente nos seguintes temas: análise acústica, percepção da fala, prosódia, teorias fonológicas e alfabetização e leitura.","Vera Pacheco é uma pesquisadora renomada atuante na área de Linguística, com vasta experiência e expertise em Teoria e Análise Linguística. Graduada em Linguística, Letras e Bacharelado em Letras pela Universidade Estadual de Campinas, Vera obteve seu mestrado e doutorado também pela mesma instituição, consolidando sua formação acadêmica. Além disso, realizou pós-doutorado pela Universidade Paulista ''Júlio de Mesquita Filho'' em Araraquara.\n\nAtualmente, Vera Pacheco é professora plena na Universidade Estadual do Sudoeste da Bahia, onde tem desempenhado um papel fundamental na área de pesquisa linguística. Suas áreas de atuação incluem análise acústica, percepção da fala, prosódia, teorias fonológicas e alfabetização e leitura, demonstrando sua abrangência e relevância no campo científico.\n\nNo que diz respeito às produções científicas mais recentes de Vera, destacam-se três trabalhos significativos. O primeiro, intitulado \Do Som Ao Sentido: O Estímulo À Consciência Fonológica Como Estratégia De Ensino De Língua Inglesa Na Escola Pública\"", foi publicado como artigo em 2026. Em seguida, os estudos \""Quando O Inglês Encontra O Sotaque: Um Estudo Sociofonético Do Ensino De Língua Estrangeira Com Estudantes Da Eja Na Bahia\"" e \""Percepção Do Falar Macaubense: O Papel Da (não) Palatalização: Investigação Preliminar\"" foram apresentados em eventos acadêmicos no mesmo ano, demonstrando a diversidade de abordagens e temas explorados por Vera em sua produção científica.\n\nNo âmbito acadêmico, Vera Pacheco tem se destacado por seu envolvimento em programas de pós-graduação, sendo vinculada aos programas de Linguística e Letras. Sua atuação nestes programas evidencia sua relevância como pesquisadora e docente, contribuindo significativamente para a formação de novos profissionais e para o avanço do conhecimento em sua área de atuação.\n\nAlém disso, Vera também exerce liderança no Grupo de Pesquisa em Estudos da Linguagem (GPEL), área de atuação em Lingüística. Sua participação ativa neste grupo demonstra seu comprometimento com a pesquisa colaborativa e interdisciplinar, promovendo o desenvolvimento de estudos avançados no campo da Linguística.\n\nEm relação a projetos de fomento e bolsas recebidos, Vera Pacheco foi contemplada com a modalidade de Produtividade em Pesquisa - 2, evidenciando seu destaque e reconhecimento no meio acadêmico. Este tipo de apoio financeiro e institucional reforça sua posição como pesquisadora ativa e produtiva, incentivando-a a prosseguir com seus estudos e contribuições para a comunidade científica.\n\nDesta forma, Vera Pacheco se apresenta como uma figura proeminente na área de Linguística, com uma trajetória acadêmica sólida, contribuições significativas para a pesquisa científica e um papel ativo na formação de novos pesquisadores. Sua atuação multifacetada e seu compromisso com o avanço do conhecimento linguístico a consolidam como uma referência na área, inspirando colegas e alunos a seguirem seu exemplo de excelência e dedicação à ciência.""",94,11,33,0,0,0,4,56,0,99,https://openalex.org/A5065351135,E,
61d25fb9-88b9-4283-897c-2d3ee6a6f61d,Juliana Freire Gutmann,F,1713091767353588,K4769513D9,0000-0002-4760-670X,Pós-Doutorado,CIENCIAS SOCIAIS APLICADAS,,"Arquitetura, urbanismo e cidades","Cultura Audiovisual, Historicidades e Sensibilidades (CHAOS)",,Universidade Federal Da Bahia,UFBA,"Professora da Faculdade de Comunicação  e do Programa de Pós Graduação em Comunicação e Cultura Contemporâneas da Universidade Federal da Bahia (UFBA). Bolsista de Produtividade em Pesquisa 2 do CNPq.  Doutora em Comunicação e Cultura Contemporâneas, é jornalista graduada pela UFBA e mestre em Comunicação e Cultura.   Foi bolsita PDSE/ CNPq (2019-2020).  É líder do Grupo de Pesquisa CHAOS - Cultura Audiovisual, Historicidades e Sensibilidades (https://www.chaos-ufba.com.br/). Coordenou o GT Estudos de Televisão da Associação Nacional de Programas de Pós-graduação em Comunicação - Compós(2023-2025). É editora da Contemporanea - Revista em Comunicação e Cultura (UFBA). Foi professora visitante da Ruhr-Universität Bochum (2024/ Missão Capes Print). Coordenou o projeto Performance como dimensão de apreensão da cultura audiovisual nas ambiências digitais (Universal, CNPq, 2019-2023). Atualmente faz parte da Rede de Pesquisa Historicidades dos Processos Comunicacionais, da Rede de Música Pop Periférica Lusófonas (Universal/ CNPq, UFF) e da Rede Internacional Images of the South Atlantic and Indian Oceans: aesthetic ocean experience, com a Universität Bayreuth (PROBRAL/CAPES/DAAD). Orienta e desenvolve pesquisas em torno das seguintes temáticas: materialidades e linguagens do audiovisual; historicidades do audiovisual; audiovisual em contexto digital; performance; música e cultura pop, televisão e novas ecologias do televisivo. Tem passagens profissionais pela MTV Brasil, Canal Futura e TV Bahia e é autora dos livros Formas do Telejornal: linguagem televisiva, jornalismo e mediações culturais (Prêmio Compós/ Edufba, 2014), Audiovisual em rede: derivas conceituais (Selo PPGCOM UFMG, 2021) e Performances em Contextos Midiáticos: MTV BR  Rock SSA (Edufba, 2022).","Juliana Freire Gutmann é uma pesquisadora atuante na área de Ciências Sociais Aplicadas, com destaque em Comunicação e Cultura Contemporâneas. Graduada em Jornalismo pela Universidade Federal da Bahia (UFBA), Juliana obteve seu mestrado e doutorado na mesma instituição, consolidando uma sólida formação acadêmica na área. Além disso, possui pós-doutorado, o que reforça sua expertise e compromisso com a pesquisa.\n\nAtualmente, Juliana Freire Gutmann é professora na Faculdade de Comunicação e no Programa de Pós-Graduação em Comunicação e Cultura Contemporâneas da UFBA, demonstrando sua atuação tanto no ensino quanto na produção científica. Como bolsista de Produtividade em Pesquisa 2 do CNPq, ela se destaca por sua dedicação e relevância no meio acadêmico.\n\nSua trajetória educacional revela um percurso consistente, com a obtenção de diferentes graus acadêmicos ao longo dos anos. Desde sua graduação em Comunicação, passando pelo mestrado e doutorado em Comunicação e Cultura Contemporâneas, Juliana demonstrou um interesse contínuo e aprofundado nas questões relacionadas à área, consolidando-se como uma pesquisadora de destaque.\n\nJuliana Freire Gutmann possui uma extensa produção bibliográfica, com artigos recentes que abordam temas atuais e relevantes, como a interseção entre talk shows e podcasts, as performances esportivas do Esporte Clube Bahia e a reconstrução do broadcast por meio de audiovisuais em rede. Esses trabalhos refletem sua atuação dinâmica e inovadora no campo da Comunicação, contribuindo para o avanço do conhecimento e para a reflexão crítica sobre as práticas midiáticas contemporâneas.\n\nAlém de suas atividades de pesquisa e publicações, Juliana Freire Gutmann também se destaca por sua participação ativa em programas de pós-graduação, como o Programa de Comunicação e Cultura Contemporâneas, evidenciando seu papel como orientadora e formadora de novos pesquisadores na área. Sua liderança no Grupo de Pesquisa Cultura Audiovisual, Historicidades e Sensibilidades (CHAOS) demonstra seu comprometimento com a construção de conhecimento coletivo e interdisciplinar.\n\nNo que diz respeito a projetos de fomento, Juliana Freire Gutmann obteve bolsas e financiamentos que corroboram sua relevância e atuação no meio acadêmico, como a bolsa de Produtividade em Pesquisa do CNPq e projetos de pesquisa como \Performance como dimensão de apreensão da cultura audiovisual nas ambiências digitais\"". Esses apoios institucionais evidenciam seu compromisso em desenvolver pesquisas de qualidade e relevância no campo da Comunicação.\n\nEm síntese, Juliana Freire Gutmann é uma pesquisadora com uma trajetória acadêmica sólida, marcada pela formação consistente, produção científica relevante, participação ativa em programas de pós-graduação e liderança em grupos de pesquisa. Sua atuação multidisciplinar e inovadora contribui significativamente para o avanço da Comunicação e Cultura Contemporâneas, sendo uma referência no meio acadêmico nacional e internacional.""",32,5,15,0,0,0,4,52,0,40,https://openalex.org/A5055178345,A+,
63324e5d-6fcb-4a6b-b1f9-65d04195fa33,Dayana Bastos Costa,F,5523401011280282,K4766386U7,0000-0002-1457-6401,Pós-Doutorado,,ENGENHARIAS,Construção civil e infraestrutura,Grupo de Pesquisa e Extensão em Gestão e Tecnologia das Construções,Salvador,Universidade Federal Da Bahia,UFBA,"Possui graduação em Engenharia Civil pela Universidade Federal da Bahia (2001), Mestrado em Engenharia Civil (Construção Civil) pela Universidade Federal do Rio Grande do Sul (2003), Doutorado em Engenharia Civil (Construção Civil) pela Universidade Federal do Rio Grande do Sul (2008) com doutorado sanduíche na Universidade de Salford (2006-2007) no Reino Unido e Pós-Doutorado na Georgia Institute of Technology nos EUA (2014-2015). É Professora Titular do Departamento de Construção e Estruturas da Escola Politécnica da Universidade Federal da Bahia e Professora Permanente do Programa de Pós-Graduação em Engenharia Civil (Mestrado e Doutorado). Atualmente é Coordenadora de Ensino de Pós-Graduação na Pró-Reitoria de Pesquisa e Pós Graduação da Universidade Federal da Bahia (2022-atual). Já atuou como vice chefe do Departamento de Construção e Estruturas da Escola Politécnica (2018-2022), como coordenadora do Programa de Pós Graduação em Engenharia Civil da UFBA (2011-2013 e 2016-2019) e da Especialização em Gerenciamento de Obras da UFBA (2010-2018). Atualmente é Membro Titular da Academia de Ciências da Bahia (ACB), faz parte da Câmera de Engenharias FAPESB, é vice-presidente do Comitê Executivo do Global Leadership Forum in Construction Engineering and Management (GLF CEM) e é Editora Associada do períodico Engineering Construction Architectural Management (ECAM). Atua como Adhoc do CNPq, Capes, FINEP, FAPESB e outras FAPs. Tem experiência na área de Construção Civil, com ênfase em gestão e tecnologia das construções, atuando nos seguintes temas: gestão de obras, incluindo medição de desempenho, planejamento e controle de obra, gestão da qualidade, gestão sustentável em canteiros e uso de tecnologias digitais para gestão das construções.","Dayana Bastos Costa é uma renomada pesquisadora e Professora Titular do Departamento de Construção e Estruturas da Escola Politécnica da Universidade Federal da Bahia. Sua formação acadêmica inclui uma graduação em Engenharia Civil pela UFBA em 2001, um Mestrado e um Doutorado em Engenharia Civil (Construção Civil) pela Universidade Federal do Rio Grande do Sul, obtidos em 2003 e 2008, respectivamente, além de um Pós-Doutorado realizado na Georgia Institute of Technology nos EUA em 2014-2015.\n\nAo longo de sua carreira, Dayana tem se destacado por suas contribuições significativas no campo da Construção Civil, com foco em gestão e tecnologia das construções. Suas áreas de pesquisa abrangem temas como gestão de obras, medição de desempenho, planejamento e controle de obra, gestão da qualidade, gestão sustentável em canteiros e uso de tecnologias digitais para gestão das construções.\n\nAlém de sua atuação como docente e pesquisadora, Dayana ocupou diversos cargos de liderança e coordenação na UFBA, como vice-chefe do Departamento de Construção e Estruturas, coordenadora do Programa de Pós-Graduação em Engenharia Civil e da Especialização em Gerenciamento de Obras. Atualmente, ela é Coordenadora de Ensino de Pós-Graduação na Pró-Reitoria de Pesquisa e Pós-Graduação da UFBA.\n\nDayana Bastos Costa é membro titular da Academia de Ciências da Bahia, integra a Câmara de Engenharias da FAPESB, é vice-presidente do Comitê Executivo do Global Leadership Forum in Construction Engineering and Management (GLF CEM) e atua como Editora Associada do periódico Engineering Construction Architectural Management (ECAM). Sua atuação como adhoc em agências de fomento como CNPq, Capes, FINEP e FAPESB evidenciam seu comprometimento com a avaliação e seleção de projetos de pesquisa na área.\n\nRecentemente, Dayana Bastos Costa tem se destacado por suas produções bibliográficas, incluindo artigos como \Bim Ledger: A Blockchain Integration Framework For Automated Progress Payments In Cast-In-Place Concrete Construction\"" (2026), \""Enhancing Façade Condition Assessment Through Cnn-Based Crack Detection Using UAS Imagery\"" (2026) e \""CNN-Based Model For Automated Anomaly Recognition In Facade Execution To Support Quality Management\"" (2025). Esses trabalhos refletem sua expertise em inovações tecnológicas aplicadas à construção civil e sua contínua busca pela excelência na pesquisa.\n\nA pesquisadora também lidera o Grupo de Pesquisa e Extensão em Gestão e Tecnologia das Construções na UFBA, demonstrando sua capacidade de coordenar e promover atividades científicas e de extensão na área. Além disso, recebeu apoio institucional por meio de uma bolsa de Produtividade em Pesquisa - Nível 2, o que atesta o reconhecimento de sua produtividade e relevância acadêmica.\n\nEm síntese, Dayana Bastos Costa é uma figura proeminente no cenário da Engenharia Civil, com uma sólida formação acadêmica, ampla experiência profissional e destacada atuação em pesquisa, ensino e gestão acadêmica. Sua trajetória e suas contribuições científicas têm impactado positivamente a comunidade acadêmica, consolidando-a como uma referência no campo da Construção Civil no Brasil e no exterior.""",56,2,40,0,6,0,18,1590,35,169,https://openalex.org/A5000553226,E,
640f0060-56af-457c-b8a3-d4b7917a141a,Helenides Mendonça,F,3487676973485005,K4707337D2,0000-0003-3990-5432,Pós-Doutorado,,CIENCIAS HUMANAS,"Psicologia, subjetividade e comportamento",,Goiânia,Universidade Federal Da Bahia,UFBA,"Psicóloga, mestre em Filosofia Política (UFG) e doutora em Psicologia (UnB), com pós-doutorado pelo Instituto Universitário de Lisboa - ISCTE/IUL. Professora titular da PUC Go, onde foi Diretora do Curso de Psicologia, Pró-Reitora de Desenvolvimento Institucional, Pró-Reitora interina de Pós-Graduação e Pesquisa, e Pró-Reitora de Graduação. Desenvolve estudos com foco em processos psicossociais do trabalho, cultura organizacional, bem-estar no trabalho, e fatores de risco e proteção para saúde e qualidade de vida no trabalho. Recebeu a Comenda Berenice Teixeira Artiaga, importante honraria atribuída pela Assembleia Legislativa de Goiás, em reconhecimento à sua contribuição para a participação feminina na vida política e social do estado. Recentemente, recebeu homenagens da Associação dos Psicólogos de Goiás e da Câmara de Vereadores de Goiânia por sua contribuição à saúde mental e ao desenvolvimento da Psicologia em Goiás","Helenides Mendonça é uma psicóloga de renome, atualmente professora titular na Pontifícia Universidade Católica de Goiás (PUC Go), onde desfruta de uma carreira acadêmica abrangente e bem-sucedida. Com formação multidisciplinar, possui mestrado em Filosofia Política pela Universidade Federal de Goiás (UFG), doutorado em Psicologia pela Universidade de Brasília (UnB), e pós-doutorado pelo Instituto Universitário de Lisboa - ISCTE/IUL. Seu extenso percurso acadêmico e profissional inclui experiência como Diretora do Curso de Psicologia, Pró-Reitora de Desenvolvimento Institucional, Pró-Reitora interina de Pós-Graduação e Pesquisa, e Pró-Reitora de Graduação na PUC Go, destacando-se como uma líder acadêmica respeitada em sua instituição.\n\nEspecializada em processos psicossociais do trabalho, cultura organizacional, bem-estar no trabalho, além de fatores de risco e proteção para saúde e qualidade de vida no trabalho, Helenides Mendonça tem contribuído de forma significativa para o avanço do conhecimento científico nessas áreas. Sua produção acadêmica mais recente inclui artigos como \Escala Revisada De Comportamentos De Redesenho Do Trabalho: Novas Evidências De Validade\"" e \""Cross-Cultural Adaptation And Validity Evidence Of The Engaging Leadership Scale In Brazil\"", demonstrando seu comprometimento em aprimorar instrumentos de pesquisa e adaptá-los para contextos culturais específicos. Além disso, sua atuação como autora de capítulos de livros, como em \""Métodos Longitudinais\"", evidencia sua abordagem multidisciplinar e sua presença em publicações de destaque.\n\nNo âmbito acadêmico, Helenides Mendonça mantém vínculos estreitos com o Programa de Pós-Graduação em Psicologia, fortalecendo a formação de novos pesquisadores e contribuindo para a excelência do ensino e pesquisa nessa área. Sua participação ativa em grupos de pesquisa e funções de liderança evidenciam seu compromisso em promover a formação de futuros profissionais qualificados e engajados nas demandas do mercado de trabalho e da sociedade em geral.\n\nNo que tange ao apoio institucional, Helenides Mendonça foi contemplada com a modalidade de Produtividade em Pesquisa - C, por meio de um programa de fomento específico, validando seu compromisso com a pesquisa de qualidade e seu impacto na comunidade científica. Essa conquista também reflete seu engajamento em projetos de pesquisa inovadores e de relevância para a área de Psicologia, demonstrando a confiança e reconhecimento de órgãos financiadores em seu trabalho e expertise.\n\nEm suma, Helenides Mendonça é uma figura proeminente no campo da Psicologia, com uma trajetória acadêmica sólida, contribuições significativas para a área e reconhecimento pela sua atuação como pesquisadora, professora e líder institucional. Sua dedicação ao desenvolvimento de conhecimento científico, aliada a sua atuação em diversos espaços acadêmicos, posiciona-a como uma referência no cenário da Psicologia e no fomento de uma produção científica de excelência e relevância.""",54,5,40,0,0,0,12,408,15,81,https://openalex.org/A5090955499,E,
64d424fc-2cc5-448a-9db6-a8a3232ac69b,Renata Cristina Ferreira Bonomo,F,6268031157235728,K4769526H1,0000-0002-9896-4099,Pós-Doutorado,CIENCIAS AGRARIAS;CIENCIAS BIOLOGICAS,,Alimentos e tecnologia agroindustrial,modelagem e processos de separação; propriedades termofísicas; reológicas e funcionais,Itapetinga,Universidade Estadual Do Sudoeste Da Bahia,UESB,"Possui graduação em Engenharia de Alimentos (1999), mestrado em Ciência e Tecnologia de Alimentos (2001) e doutorado em Ciência e Tecnologia de Alimentos  (2005) pela Universidade Federal de Viçosa. É docente da Universidade Estadual do Sudoeste da Bahia desde 2001, atuando nos cursos de graduação em Engenharia de Alimentos e Engenharia Ambiental e como docente permanente dos Programas de Pós-graduação em Engenharia e Ciência de Alimentos e em Ciência Ambientais. Tem experiência na área de Engenharia de Processos, principalmente com matérias-primas regionais, atuando principalmente nos seguintes temas: modelagem e processos de separação, propriedades  termofísicas, reológicas e funcionais.  Publicou vários artigos em revistas especializadas e participa de projetos de pesquisa e de cooperação. Atua como revisor de diversos periódicos científicos da área entre eles: Journal of Food Process Engineering, Journal of Chemical & Engineering Data, Journal of Food Science and Technology, Food Research International, Journal of Chromatography, Fluid Phase Equilibria. Dentre as atividades administrativas destaca-se a atuação como Coordenadora de Curso de Graduação (4 anos) e no Programa de Pós-Graduação em Engenharia e Ciência de Alimentos como vice-coordenadora (4 anos) e como coordenadora (3 anos).","Renata Cristina Ferreira Bonomo é uma pesquisadora vinculada à Universidade Estadual do Sudoeste da Bahia, com formação acadêmica sólida e experiência consolidada nas áreas de Ciências Agrárias e Ciências Biológicas. Graduada em Engenharia de Alimentos pela Departamento de Tecnologia de Alimentos em 1999, ela prosseguiu seus estudos com um mestrado e doutorado em Ciência e Tecnologia de Alimentos pela Universidade Federal de Viçosa, concluídos em 2001 e 2005, respectivamente.\n\nDesde 2001, ela atua como docente na Universidade Estadual do Sudoeste da Bahia, lecionando nos cursos de graduação em Engenharia de Alimentos e Engenharia Ambiental. Sua expertise está centrada na área de Engenharia de Processos, com ênfase em matérias-primas regionais. Seus principais interesses de pesquisa abrangem modelagem e processos de separação, propriedades termofísicas, reológicas e funcionais. Com uma extensa produção acadêmica, Renata conta com a publicação de diversos artigos em revistas especializadas e participação em projetos de pesquisa e cooperação.\n\nAlém de suas atividades docentes, a pesquisadora desempenha um papel ativo em programas de pós-graduação, sendo membro permanente dos programas de Engenharia e Ciência de Alimentos e de Ciências Ambientais. Sua contribuição para a formação de novos profissionais é evidente também em sua atuação administrativa, tendo coordenado cursos de graduação e programas de pós-graduação ao longo de sua carreira.\n\nRecentemente, Renata Bonomo tem se destacado por suas contribuições científicas inovadoras. Entre suas produções bibliográficas mais recentes, destacam-se artigos que abordam o uso de materiais magnéticos funcionalizados com genipina para imobilizar proteases na produção de peptídeos antioxidantes, aprimoramento da extração de curcumina utilizando solventes orgânicos e complexos de inclusão de ß-ciclodextrina, e a influência de diferentes variedades de cacau na composição de ácidos graxos, propriedades térmicas e físico-químicas da manteiga de cacau.\n\nNo âmbito de projetos de fomento e bolsas de pesquisa, a pesquisadora foi contemplada com a modalidade Produtividade em Pesquisa - 1D, destacando-se por seu engajamento e produtividade no campo da pesquisa científica. Sua atuação em programas de pós-graduação e liderança em grupos de pesquisa evidenciam seu compromisso com a formação de novos pesquisadores e com o avanço do conhecimento em suas áreas de atuação.\n\nEm resumo, Renata Cristina Ferreira Bonomo é uma pesquisadora dedicada e comprometida, com uma trajetória acadêmica e profissional sólida e repleta de realizações. Seu trabalho inovador e sua atuação em programas de pós-graduação e projetos de pesquisa posicionam-na como uma referência no campo da Engenharia de Alimentos e Ciências Ambientais, contribuindo significativamente para o avanço científico e tecnológico em sua área de expertise.",206,0,2,0,0,0,30,2912,76,211,https://openalex.org/A5074962236,A+,
65ae4c5f-7466-43b0-9422-49d3f5b8074b,Maria Eugênia De Oliveira Mamede,F,2370176162781504,K4703126Z8,0000-0002-7063-1794,Pós-Doutorado,CIENCIAS AGRARIAS;CIENCIAS DA SAUDE,,Alimentos e tecnologia agroindustrial,,Salvador,Universidade Federal Da Bahia,UFBA,"Possui graduação em Química pela Universidade Federal de Uberlândia (1996), mestrado em Ciências Biológicas pela Universidade Estadual de Campinas (1999) e doutorado em Ciência de Alimentos pela Universidade Estadual de Campinas (2003). Atualmente é professora Titular do Departamento de Análises Bromatológicas da Faculdade de Farmácia da Universidade Federal da Bahia, na área de Bromatologia e Análise Sensorial. Atua na grande área de Ciência Agrárias e subárea Ciência e Tecnologia de Alimentos, lidera o grupo de pesquisa Ciência e Tecnologia de Alimentos da UFBA, desenvolve pesquisa nas linhas: Controle de Qualidade de Alimentos e Inovação e Desenvolvimento de Produtos e Processos. Assim seus projetos de pesquisa são focados em análise e desenvolvimento de bebidas de caráter alcoólico e não alcoólico. A professora faz parte do corpo docente do Programa de Pós-graduação em Ciência de Alimentos da UFBA. Em extensão coordena o projeto Programa de apoio ao desenvolvimento de ações educacionais, científicas e extensionistas em análise e segurança de alimentos no estado da Bahia desenvolvido no Laboratório de Bromatologia da Faculdade de Farmácia, que segue a norma de ensaios químicos 17025: 2017, o qual é credenciado ao Ministério da Agricultura, Pecuária e Abastecimento (MAPA) e acreditado pelo CGcre/Inmetro.","Maria Eugênia De Oliveira Mamede, pós-doutora em Ciência de Alimentos pela Universidade Estadual de Campinas, é atualmente professora titular do Departamento de Análises Bromatológicas da Faculdade de Farmácia da Universidade Federal da Bahia (UFBA). Sua área de especialização inclui Bromatologia e Análise Sensorial, com foco em Ciência Agrárias e Ciência e Tecnologia de Alimentos. \n\nCom uma sólida formação acadêmica, Maria Eugênia obteve sua graduação em Química pela Universidade Federal de Uberlândia em 1996, seguida por um mestrado em Ciências Biológicas e um doutorado em Ciência de Alimentos pela Universidade Estadual de Campinas, concluídos em 1999 e 2003, respectivamente. Sua trajetória educacional evidencia a constante busca por aprimoramento e aprofundamento em sua área de atuação.\n\nComo líder do grupo de pesquisa Ciência e Tecnologia de Alimentos da UFBA, Maria Eugênia desenvolve pesquisas nas áreas de Controle de Qualidade de Alimentos e Inovação e Desenvolvimento de Produtos e Processos. Seus projetos mais recentes incluem análise e desenvolvimento de bebidas alcoólicas e não alcoólicas, destacando-se publicações como \Cartilha De Produção E Boas Práticas De Fabricação De Licor De Frutas\"" e \""Analysis Of Wines Elemental Composition Using Icp-Ms/ms And Artificial Intelligence For Classification From Different Origins\"". \n\nAlém disso, a pesquisadora participa ativamente do Programa de Pós-Graduação em Ciência de Alimentos da UFBA, contribuindo para a formação de novos pesquisadores na área. Sua atuação como coordenadora do projeto \""Programa de apoio ao desenvolvimento de ações educacionais, científicas e extensionistas em análise e segurança de alimentos no estado da Bahia\"" demonstra seu compromisso com a disseminação do conhecimento e a promoção de práticas inovadoras em sua comunidade acadêmica.\n\nNo que tange ao apoio institucional, Maria Eugênia foi contemplada com bolsas de Produtividade em Desenvolvimento Tecnológico e Extensão Inovadora - C, evidenciando o reconhecimento de sua pesquisa e atuação no campo da Ciência de Alimentos. Sua participação em projetos de fomento também reflete seu engajamento e relevância no cenário acadêmico nacional.\n\nEm síntese, Maria Eugênia De Oliveira Mamede destaca-se como uma pesquisadora dedicada e qualificada, cuja trajetória acadêmica e profissional reflete um contínuo compromisso com a excelência na pesquisa e na formação de novos profissionais. Sua atuação na UFBA e sua produção científica recente demonstram sua relevância e contribuição significativa para o avanço da Ciência de Alimentos no Brasil.""",52,2,3,5,0,0,6,191,4,13,https://openalex.org/A5009419000,A+,
66554b16-a570-4aa2-9a88-97d79408fb99,Sônia Maria Guedes Gondim,F,9725833775313298,K4760097T2,0000-0003-3482-166X,Pós-Doutorado,CIENCIAS HUMANAS,,"Psicologia, subjetividade e comportamento","INDIVÍDUO, ORGANIZAÇÕES E TRABALHO: Processos Psicossociais",Salvador,Universidade Estadual Do Sudoeste Da Bahia,UESB,"Professora Titular aposentada do Instituto de Psicologia da Universidade Federal da Bahia, com mestrado em Psicologia Social pela Universidade Gama Filho (1990) e doutorado em Psicologia pela Universidade Federal do Rio de Janeiro (1998). Fez estágio pós-doutoral de novembro de 2006 a outubro de 2007, tendo passado 6 meses na Universidade Complutense de Madri e os demais meses em Cambridge, UK, ambos com bolsa do CNPq. Fez o segundo estágio pós-doutoral na Espanha em 2013, tendo sido contemplada com bolsa CAPES do Programa de Cooperação Internacional Brasil/Espanha. Atua na pós-graduação do Instituto de Psicologia. Atuou na pós-graduação do Centro de Estudos Interdisciplinares de Desenvolvimento e Gestão Social (CIAGS). É bolsista de produtividade do CNPq. Membro do Subcomitê de Psicologia do Comitê de Assessoramento de Psicologia e Serviço Social (CA-PS), entre 30/06/2021 a 30/06/2024. Assumiu a coordenação do Comitê de Psicologia e Serviço Social (2023-2024). Foi vice-diretora do Instituto de Psicologia da UFBA, editora associada da rPOT (Revista Psicologia, Organizações e Trabalho) e vice-presidente da Associação Brasileira de Psicologia Organizacional e do Trabalho (SBPOT). Foi Secretária-Geral da diretoria da Associação Nacional de Pesquisa e Pós-Graduação em Psicologia (ANPEPP), no período de 2016 a 2018. Membro do Conselho Fiscal da ANPEPP - biênios 2019-2020 e 2021-2022. Coordena o grupo de pesquisa Emoções, Sentimentos e Afetos em Contextos de trabalho, desenvolvendo pesquisas sobre trabalho emocional, regulação emocional, emoções intergrupais, competências socioemocionais, bem-estar subjetivo e psicológico no trabalho. Outros interesses de pesquisa incluem criatividade e inovação organizacional, emoções e aprendizagem, estilos de aprendizagem, empreendedorismo, autoeficácia, engajamento no trabalho, desenho do trabalho e contratos psicológicos. Métodos qualitativos, especialmente grupos focais. Membro da International Society for Research on Emotion (ISRE), da Sociedade Brasileira de Psicologia Organizacional e do Trabalho e da RIPOT (Red Iberoamericana de Psicología Organizacional y del Trabajo). ORCID: 0000-0003-3482-166X. Índice h: 39; índice i10: 104 (https://scholar.google.com.br/citations?hl=pt-BRuser=4KnHtngAAAAJ). Scopus: Índice 11 (https://www.scopus.com/authid/detail.uri?authorId=16202345800origin=recordpage). Membro do Comitê Gestor da Rede PePsic, representando a SBPOT (2023-2026). Editoria adjunta da Paideia (USP) (2024-2027). Presidente do CBPOT2026.  Bolsa da FCT Mobility incoming do governo de Portugal - 2 meses para atuar no Instituto de Ciências Sociais da Universidade de Lisboa (de março a maio de 2026). Membro da Sociedade de Estudos e Pesquisa Qualitativos (SEPQ).",,156,13,67,0,18,0,19,1831,30,204,https://openalex.org/A5065855186,A+,
6b0bc3b0-dba4-4df5-825c-27671fe8bdd3,Tânia Maria De Araújo,F,5173511080564745,K4784545A3,,Pós-Doutorado,CIENCIAS DA SAUDE,,Saúde mental e comportamento,saúde mental; estresse ocupacional; saúde mental e trabalho,Feira de Santana,Universidade Estadual De Feira De Santana,UEFS,"Graduação em Psicologia pela Universidade Federal de Minas Gerais (1990), Mestrado em Saúde Comunitária pela Universidade Federal da Bahia (1994), Doutorado em Saúde Pública pela Universidade Federal da Bahia (1999), Pós-doutorado na University of Massachusetts, Estados Unidos (2004) e na Heinrich-Heine-Universität Düsseldorf (HHU) (2019). Professora Visitante da Heinrich-Heine-Universität Düsseldorf (HHU), Alemanha (2018-2019). Professora Titular Pleno da Universidade Estadual de Feira de Santana desde setembro de 2010. Coordenadora do Núcleo de Epidemiologia da UEFS. Docente dos Programas de Pós-Graduação em Saúde Coletiva (UEFS) e de Saúde, Ambiente e Trabalho (UFBA). Membro da Comissão de Epidemiologia (2018-2021) e do GT Saúde Mental da Associação Brasileira de Saúde Coletiva/ABRASCO. Membro da Coordenação Colegiada da Comissão de Epidemiologia/ABRASCO (2022-2024). Coordenadora do GT Plano Diretor para o Desenvolvimento da Epidemiologia no Brasil - 20024-2028/ Comissão de Epidemiologia/Abrasco. Co-Chair do Comitê de Work Organization  Psychosocial Factors da International Comission on Occupational Health, (ICOH-WOPS) (gestão 2018-2022 e 2022-2024). Membro da Comissão de Avaliação Quadrienal dos Programas de Pós-Graduação Acadêmico da CAPES (2022). Editora Associada da Revista Brasileira de Epidemiologia (Saúde Mental), da Revista Ciência  Saúde Coletiva (área de Saúde e Trabalho) e da Revista Brasileira de Saúde Ocupacional. Membro do Conselho Editorial da Revista Cadernos Saúde Coletiva (UFRJ). Participou do GT que elaborou o Protocolo de Distúrbios Vocais Relacionados ao Trabalho (DVRT), publicado pelo Ministério da Saúde, em 2018. Participou do GT que discutiu as Diretrizes de Vigilância e Atenção Integral à Saúde Mental Relacionada ao Trabalho criado pela Coordenação Geral de Saúde do Trabalhador do Ministério da Saúde (2017). Coordena o GT Saúde Mental e Trabalho da Frente Ampla em Defesa da Saúde dos Trabalhadores. Diretora Científica Adjunta da Associação Brasileira de Saúde do Trabalhador e da Trabalhadora (ABRASTT), Gestao 2022-2023; 2024-2025. Tem experiência na área de Saúde Coletiva, com ênfase em Saúde Mental e Trabalho, atuando principalmente nos seguintes temas: saúde mental, estresse ocupacional, saúde mental e trabalho, condições de trabalho, trabalho docente e saúde, gênero e saúde, desigualdades em saúde mental, vigilância em saúde mental e trabalho.","Tânia Maria de Araújo é uma renomada pesquisadora na área de Ciências da Saúde, atuando como Professora Titular Pleno na Universidade Estadual de Feira de Santana. Sua formação acadêmica inclui graduação em Psicologia pela Universidade Federal de Minas Gerais em 1990, seguida por um Mestrado em Saúde Comunitária e um Doutorado em Saúde Pública pela Universidade Federal da Bahia em 1994 e 1999, respectivamente. Além disso, Tânia possui um Pós-Doutorado pela University of Massachusetts, EUA, em 2004, e pela Heinrich-Heine-Universität Düsseldorf, Alemanha, em 2019.\n\nCom uma sólida trajetória educacional, Tânia comprovou sua expertise ao longo dos anos, contribuindo significativamente para a área de Saúde Coletiva, com foco em Saúde Mental e Trabalho. Sua atuação abrange temas como estresse ocupacional, condições de trabalho, gênero e saúde, desigualdades em saúde mental, vigilância em saúde mental e trabalho, entre outros. Como membro de diversas comissões e grupos de pesquisa, Tânia desempenha um papel ativo na promoção e desenvolvimento destas áreas de estudo.\n\nNo âmbito acadêmico, Tânia Maria de Araújo participa como docente nos Programas de Pós-Graduação em Saúde Coletiva na UEFS e de Saúde, Ambiente e Trabalho na UFBA, contribuindo para a formação de novos pesquisadores e profissionais qualificados. Além disso, sua atuação como Editora Associada em importantes periódicos científicos como a Revista Brasileira de Epidemiologia e a Revista Ciência e Saúde Coletiva, demonstra seu engajamento na disseminação do conhecimento e no estímulo à produção científica de qualidade.\n\nDestacam-se as produções bibliográficas mais recentes de Tânia, que evidenciam sua relevância e impacto na área. Seus artigos, como \Ideação Suicida Entre Trabalhadores(as) Urbanos De Um Município De Grande Porte, Bahia, Brasil\"" e \""Conhecer Para Bem Cuidar: Avaliação De Transtornos Mentais Relacionados Ao Trabalho No Setor Saúde No Brasil E Implicações Para A Gestão\"", abordam questões fundamentais relacionadas à saúde mental e ao ambiente de trabalho, contribuindo para a compreensão e o enfrentamento desses desafios.\n\nAlém de suas contribuições científicas, Tânia também se destaca por seu envolvimento em projetos de fomento e bolsas de pesquisa, como a modalidade de Produtividade em Pesquisa - 1D. Esses apoios institucionais evidenciam o reconhecimento de sua atuação e a relevância de suas pesquisas para a comunidade acadêmica e para a sociedade em geral.\n\nEm síntese, Tânia Maria de Araújo é uma pesquisadora dedicada e comprometida com a produção de conhecimento científico de excelência na área de Saúde Mental e Trabalho, sendo reconhecida por sua atuação em diversas frentes, desde a formação de novos pesquisadores até a liderança em importantes projetos e publicações. Sua trajetória exemplar e suas contribuições significativas fazem dela uma referência no campo da Saúde Coletiva, inspirando e influenciando positivamente a comunidade científica.""",246,7,44,0,0,0,0,0,0,0,,A+,
6b62a28d-8f2c-4615-90af-ac1745e35368,Camila Alexandrina Viana De Figueirêdo,F,4758550783703417,K4730103T6,0000-0003-1356-6188,Pós-Doutorado,,CIENCIAS BIOLOGICAS;CIENCIAS DA SAUDE,,,Salvador,Universidade Federal Da Bahia,UFBA,"Farmacêutica (UFPB-2001), Doutora em Farmacologia (UNICAMP-2005) e Pós-doutora pela Johns Hopkins University (2012). Professora Titular da Universidade Federal da Bahia. Atual Professora Visitante na London School of Hygiene and Tropical Medicine (2024). Professora visitante no Center for Personalized Medicine, Anschutz Medical Campus, University of Colorado School of Medicine (2020). Membro afiliado da Academia Brasileira de Ciências (2014). Membro junior da Academia de Ciências da Bahia (2017). Professora dos Programas de Pós-graduação em Imunologia (ICS/UFBA) e em Processos Interativos do Orgãos e Sistemas (ICS/UFBA). Foi coordenadora Regional Norte-Nordeste da Sociedade Brasileira de Imunologia (SBI - 2019-2022). Faz pesquisa em Imunogenética e Imunoepidemiologia. Tem especial interesse em doenças complexas, em especial, asma e alergias, avaliando fatores genéticos e epigenétivos ligados a tais enfermidades.","Camila Alexandrina Viana De Figueirêdo é uma renomada pesquisadora farmacêutica, com formação acadêmica sólida e reconhecimento internacional em Imunogenética e Imunoepidemiologia. Atualmente, é Professora Titular na Universidade Federal da Bahia e Professora Visitante na London School of Hygiene and Tropical Medicine, com passagem pelo Center for Personalized Medicine, Anschutz Medical Campus, University of Colorado School of Medicine.\n\nA trajetória acadêmica de Camila teve início na Universidade Federal da Paraíba, onde concluiu sua graduação em Farmácia em 2001. Posteriormente, obteve o título de Doutora em Farmacologia pela Universidade Estadual de Campinas (UNICAMP) em 2005, consolidando sua expertise na área. Sua busca por aprimoramento a levou a realizar um Pós-Doutorado na renomada Johns Hopkins University, nos Estados Unidos, em 2012, expandindo ainda mais seus horizontes científicos.\n\nComo membro afiliado da Academia Brasileira de Ciências e membro junior da Academia de Ciências da Bahia, Camila destaca-se não apenas por seu arcabouço teórico, mas também por sua atuação em diferentes frentes da pesquisa. Além de ser professora dos Programas de Pós-graduação em Imunologia e em Processos Interativos dos Órgãos e Sistemas na UFBA, ela desempenhou o papel de coordenadora Regional Norte-Nordeste da Sociedade Brasileira de Imunologia, demonstrando seu engajamento com a comunidade científica.\n\nSuas contribuições científicas mais recentes demonstram a relevância e abrangência de suas pesquisas. Dentre seus artigos recentes, destacam-se estudos como \Airway Microbiota In Young People Across Four Continents Differ By Country, Asthma Status And Inflammatory Phenotype\"", \""Association Of Mtor Gene Polymorphisms With Asthma And Poor Response To Treatment In A Latin American Population\"" e \""Association Of Toll-Like Receptors Polymorphisms With Atopy And Asthma Symptoms In Latin American Children\"". Esses trabalhos evidenciam o foco de suas investigações em doenças complexas, como asma e alergias, explorando fatores genéticos e epigenéticos associados a tais enfermidades.\n\nAlém de suas contribuições científicas, Camila também recebeu reconhecimento e apoio institucional por meio de projetos de fomento e bolsas de pesquisa. No âmbito do Programa de Fomento, participou da Modalidade de Produtividade em Pesquisa - nível 2, reforçando seu compromisso com a produção de conhecimento de qualidade e relevância na área da Imunologia.\n\nEm suma, a trajetória de Camila Alexandrina Viana De Figueirêdo destaca-se pela sua sólida formação acadêmica, expertise em Imunogenética e Imunoepidemiologia, atuação em programas de pós-graduação e liderança em sociedades científicas, bem como pelas suas contribuições científicas recentes e pelo apoio recebido em projetos de fomento. Sua dedicação à pesquisa e sua busca constante por inovação e excelência certamente a consolidam como uma referência na área e um agente transformador no cenário científico nacional e internacional.""",136,0,6,2,0,0,32,3638,72,190,https://openalex.org/A5026107760,E,
6de935a5-e580-440e-a0ae-10f09dd8a775,Liana Silvia De Viveiros E Oliveira,F,8583090742995485,K4784929E1,,Doutorado,,CIENCIAS SOCIAIS APLICADAS,"Arquitetura, urbanismo e cidades",planejamento urbano; habitação de interesse social; paisagem,,Universidade Federal Da Bahia,UFBA,"Doutora em Arquitetura e Urbanismo pela Universidade Federal da Bahia (2018), pesquisadora do grupo de pesquisa Lugar Comum (UFBA) e coordenadora do grupo de pesquisa DCidade (UCSal). Possui graduação em Arquitetura e Urbanismo pela Universidade Federal da Bahia (1991) e mestrado em Arquitetura e Urbanismo pela Universidade Federal da Bahia (2005). Foi Superintendente de Habitação da Secretaria de Desenvolvimento Urbano do estado da Bahia (2007-2011). Tem experiência na área de Arquitetura e Urbanismo, Planejamento Urbano e Regional e Habitação, atuando principalmente nos seguintes temas: planejamento urbano, habitação de interesse social, paisagem, projeto urbanístico e arquitetônico. Foi professora do Curso de Arquitetura e Urbanismo da Universidade Salvador (Unifacs) e professora substituta do Curso de Arquitetura e Urbanismo da UFBA. Foi também professora do curso de especialização lato sensu em Planejamento e Gestão de Cidades da Unifacs no período 2005 a 2007. Cooperação em atividades de ensino no Programa de Pós-graduação em Arquitetura e Urbanismo da Universidade Federal da Bahia (2019 - 2021). Foi professora do curso de Arquitetura e Urbanismo e do Programa de Pós-graduação em Território, Ambiente e Sociedade da Universidade Católica do Salvador até julho de 2023, exercendo a coordenação deste Programa entre 2022 e 2023. Desde 2023 é professora do Curso de Arquitetura e Urbanismo e integra o quadro de docentes permanentes do Programa de Pós-graduação em Arquitetura e Urbanismo (PPG-AU) da Universidade Federal da Bahia (UFBA).",,12,4,11,0,0,0,0,0,0,0,,B+,
72490146-6c67-4b9f-ab53-4b6baffab9bb,Iacy Maia Mata,F,2577158971348698,K4773476H6,0000-0002-2790-9623,Pós-Doutorado,,CIENCIAS HUMANAS,"Cultura, identidade e diversidade",,Salvador,Universidade Federal Da Bahia,UFBA,"É doutora em História Social pela Universidade Estadual de Campinas (2012) e mestre em História pela Universidade Federal da Bahia (2002), onde também concluiu o bacharelado em História (1999). Realizou estágio pós-doutoral na Universidade de Nova Iorque (2017-2018), com bolsa CAPES. É professora de História da América na Universidade Federal da Bahia, onde atua na graduação em História e no Programa de Pós-Graduação em História, do qual já foi coordenadora (2020) e onde integra a Linha de Pesquisa Escravidão e Invenção da Liberdade. Pesquisa e orienta trabalhos sobre relações de trabalho, pós-abolição e processos de racialização na Bahia e em Cuba. É autora do livro Conspirações da 'raça de cor': Escravidão, liberdade e tensões raciais (Santiago de Cuba, 1864-1881), menção honrosa no Prêmio Casa das Américas 2018. Foi coeditora da revista Afro-Ásia de 2019 a 2023 e atualmente é uma das editoras da seção de resenhas da mesma revista (2024-atual). Contato: iacymaia@yahoo.com.br.","Iacy Maia Mata é uma pesquisadora atuante na área de História Social, com destaque em estudos sobre relações de trabalho, pós-abolição e processos de racialização na Bahia e em Cuba. Possui uma sólida formação acadêmica, sendo doutora em História Social pela Universidade Estadual de Campinas (2012) e mestre em História pela Universidade Federal da Bahia (2002), onde também concluiu o bacharelado em História (1999). Sua expertise na área também foi aprimorada durante um estágio pós-doutoral na Universidade de Nova Iorque (2017-2018), com suporte da bolsa CAPES.\n\nAtualmente, Iacy Maia Mata exerce a função de professora de História da América na Universidade Federal da Bahia, contribuindo tanto na graduação em História quanto no Programa de Pós-Graduação em História. Vale ressaltar que sua atuação no programa de pós-graduação incluiu a coordenação em 2020, além de integrar a Linha de Pesquisa Escravidão e Invenção da Liberdade, consolidando assim sua relevância no campo acadêmico.\n\nEm sua carreira, Iacy Maia Mata se destacou pela produção de pesquisas e orientação de trabalhos que abordam questões cruciais sobre a escravidão, liberdade e tensões raciais. Um de seus principais feitos foi a autoria do livro intitulado \Conspirações da 'raça de cor': Escravidão, liberdade e tensões raciais (Santiago de Cuba, 1864-1881)\"", que recebeu menção honrosa no renomado Prêmio Casa das Américas em 2018. Além disso, sua participação como coeditora da revista Afro-Ásia entre os anos de 2019 e 2023, e atualmente como uma das editoras da seção de resenhas da mesma revista desde 2024, evidenciam sua constante contribuição para a disseminação e debate científico na área de História.\n\nNo âmbito acadêmico, Iacy Maia Mata está vinculada aos programas de pós-graduação em História e Estudos Étnicos e Africanos, demonstrando sua abrangência e interesse por temáticas interdisciplinares. A pesquisadora também recebeu apoio institucional por meio do Programa de Fomento, na modalidade de Produtividade em Pesquisa - nível 2, demonstrando seu compromisso e destaque na área de pesquisa em que atua.\n\nEntre suas produções bibliográficas mais recentes, destacam-se artigos como \""Um Olhar Brasileiro Sobre As Afro-Américas\"" (2024), \""Cuba E Estados Unidos: Histórias Cruzadas\"" (2023) e \""Apresentação Do Dossiê Escravidão, Liberdade E Processos De Racialização Em Cuba\"" (2023), que evidenciam a relevância e a continuidade de suas investigações e contribuições para o campo historiográfico.\n\nPor meio de sua sólida formação, atuação docente na universidade, participação em programas de pós-graduação, liderança em pesquisas e produção científica relevante, Iacy Maia Mata se destaca como uma figura proeminente na área de História, oferecendo uma perspectiva única e enriquecedora para o entendimento de questões fundamentais acerca das relações étnico-raciais e do legado da escravidão na sociedade contemporânea.""",11,2,7,0,0,0,3,27,1,17,https://openalex.org/A5084045083,E,
727fba54-9f28-4725-acb1-7e4632f8f36c,Nadirlene Pereira Gomes,F,5212781090539158,K4765410J9,0000-0002-6043-3997,Pós-Doutorado,CIENCIAS DA SAUDE,,Enfermagem e cuidado,"LABORATÓRIO DE ESTUDOS VIOLÊNCIA, SAÚDE E QUALIDADE DE VIDA (Vid@)",Salvador,Universidade Federal Da Bahia,UFBA,"Doutorado em Enfermagem (2009) pela Universidade Federal da Bahia (UFBA) com doutoramento sanduíche na Universidade de Aveiro, Portugal. Especialista em Conciliação e Mediação de Conflitos (360h) pela Faculdade Centro de Mediadores, FCM (2023-2024); Especialista em Psicanálise Clínica (720h) pela Faculdade Metropolitana do Estado de São Paulo, FAMEESP (2023-2024); Especialista em Capacitação Pedagógica em Educação Profissional (660h) pelo Centro de Pesquisas Gonçalo Moniz/Fundação Oswaldo Cruz /BA, CPGM (2002-2003). Graduada em Enfermagem pela Universidade Federal da Bahia (1997-2000). Graduanda em Psicanálise pelo Centro Universitário Internacional, UNINTER (2023 - atual). Professora Titular da Escola de Enfermagem da Universidade Federal da Bahia. Professora Permanente do Programa de Pós-Graduação em Enfermagem e Saúde (PPGENF-UFBA), vinculado a área de concentração Enfermagem, Cuidado e Saúde e a Linha Pesquisa (LP) Promoção à Saúde, Prevenção e Controle de Agravos. Editora Chefe da Revista Baiana de Enfermagem (vigência: 2021 a atual). Consultora Ad Hoc de periódicos nacionais e internacionais nas áreas de Ciências da Saúde e Humanas. Experiência na coordenação do Programa de Pós-Graduação em Enfermagem e Saúde da EEUFBA (vigência: 2019-2024). Professora Visitante Sênior na Universidade de Trás-os-Montes e Alto Douro, 2023 (Fomento: CAPES. Docente estrangeira: Prof. Dr. Amâncio Antônio de Sousa Carvalho). Professora Visitante Júnior no Instituto Superior de Ciências Sociais e Políticas da Universidade de Lisboa, Portugal, 2020 (Fomento: CAPES. Docente estrangeira: Profa. Dra. Dalia Costa). Bolsista de Produtividade em Pesquisa 1D. Pós-Doutorado pela Universidade Federal de Santa Catarina (2013). Líder do Laboratório de Estudos Violência, Saúde e Qualidade de Vida (LabVid@). Desenvolve projetos de ensino, pesquisa e extensão com ênfase nas temáticas: violência doméstica e conjugal, relações familiares, considerando a perspectiva de gênero e outros marcadores sociais. Integra componentes curriculares na Graduação (ACCS -  Prevenção e Enfrentamento de Violências) e na Pós-graduação em Enfermagem e Saúde (Violência e Saúde); realiza ações extensionistas e desenvolve projetos de pesquisas juntamente com estudantes do doutorado, mestrado, graduação e também do ensino médio (bolsistaJúnior).",,175,3,13,0,0,0,19,1493,56,254,https://openalex.org/A5027047350,A+,
73beb2e7-b3a3-4d2f-a20d-fecd4a5e8252,Andréia Maria Pereira De Oliveira,F,6664329706421891,K4771995D1,,Doutorado,CIENCIAS HUMANAS,,"Educação, ensino e formação docente",,Salvador,Universidade Federal Da Bahia,UFBA,"Possuo graduação em Licenciatura em Matemática pela Universidade Católica do Salvador (1995), mestrado em Educação Matemática pela Universidade Estadual Paulista Júlio de Mesquita Filho (2003) e doutorado em Ensino, Filosofia e História das Ciências pela Universidade Federal da Bahia e Universidade Estadual de Feira de Santana (2010). Desde 2015, sou Professora, em regime de dedicação exclusiva, no Departamento II da Faculdade de Educação da Universidade Federal da Bahia (UFBA). Atuo na docência dos cursos de Licenciatura em Matemática e Pedagogia e integro, como docente permanente, o Programa de Pós-Graduação em Ensino, Filosofia e História das Ciências da UFBA/UEFS e o Programa de Pós-Graduação em Educação da UFBA, nos quais também oriento projetos de pesquisa em nível de Iniciação Científica, Mestrado e Doutorado. Sou Bolsista Produtividade em Pesquisa do CNPq desde 2025. Sou uma das líderes do Grupo Observatório da Educação Matemática (OEM), certificado pelo CNPq junto à UFBA. Atuo como Coordenadora Adjunta de Programas Acadêmicos da Área de Ensino da CAPES (gestão 2026-2030) e, também, como Coordenadora do Comitê de Ética em Pesquisa em Educação da Faculdade de Educação da UFBA (CEP-FACED/UFBA), no triênio 2023-2026. Sou associada a sociedades científicas como a Sociedade Brasileira de Educação Matemática (SBEM) e a Associação Nacional de Pós-Graduação e Pesquisa em Educação (ANPEd). Minha trajetória acadêmica concentra-se na área de Educação Matemática, com ênfase em projetos de pesquisa sobre formação e prática pedagógica de professores(as) que lecionam Matemática, modelagem matemática e materiais curriculares educativos. Os resultados dessas investigações estão divulgados em mais de cem produções acadêmicas, incluindo artigos em periódicos, capítulos de livros e trabalhos completos em anais de eventos científicos. Orcid: https://orcid.org/0000-0002-8011-5179.","Andréia Maria Pereira De Oliveira é uma pesquisadora atuante na área de Ciências Humanas, com vínculo principal na Universidade Federal da Bahia (UFBA). Com uma extensa formação acadêmica, ela possui graduação em Licenciatura em Matemática pela Universidade Católica do Salvador (1995), mestrado em Educação Matemática pela Universidade Estadual Paulista Júlio de Mesquita Filho (2003) e doutorado em Ensino, Filosofia e História das Ciências pela UFBA e Universidade Estadual de Feira de Santana (2010).\n\nDesde 2015, Andréia atua como Professora em regime de dedicação exclusiva no Departamento II da Faculdade de Educação da UFBA. Seu trabalho inclui a docência nos cursos de Licenciatura em Matemática e Pedagogia, além de integrar como docente permanente o Programa de Pós-Graduação em Ensino, Filosofia e História das Ciências da UFBA/UEFS e o Programa de Pós-Graduação em Educação da UFBA. Ela também orienta projetos de pesquisa em níveis de Iniciação Científica, Mestrado e Doutorado, demonstrando um envolvimento ativo na formação de novos pesquisadores.\n\nComo indicativo de sua produtividade científica, Andréia é Bolsista Produtividade em Pesquisa do CNPq desde 2025 e uma das líderes do Grupo Observatório da Educação Matemática (OEM), certificado pelo CNPq junto à UFBA. Além disso, ela desempenha funções de destaque como Coordenadora Adjunta de Programas Acadêmicos da Área de Ensino da CAPES (gestão 2026-2030) e Coordenadora do Comitê de Ética em Pesquisa em Educação da Faculdade de Educação da UFBA (CEP-FACED/UFBA) no triênio 2023-2026. Sua associação a sociedades científicas como a Sociedade Brasileira de Educação Matemática (SBEM) e a Associação Nacional de Pós-Graduação e Pesquisa em Educação (ANPEd) demonstra seu engajamento com a comunidade acadêmica.\n\nRecentemente, suas produções bibliográficas apontam para sua atuação e relevância na área. Com títulos como \Delineamento De Tarefas Matemáticas Na Formação Inicial De Professores\"", \""Um Modelo Teórico Baseado Na Perspectiva De Toulmin E De Perelman Para Produção E Análise Da Argumentação Na Educação Matemática\"" e \""Uma Educação Matemática Para A Paz: Do Micro Ao Macro\"", Andréia destaca-se por sua investigação em temas como formação e prática pedagógica de professores, modelagem matemática e materiais curriculares educativos.\n\nNo contexto acadêmico, ela está vinculada a Programas de Pós-Graduação em Ensino, Filosofia e História das Ciências e em Educação, consolidando sua atuação e participação ativa na formação de novos pesquisadores. Com um histórico de trajetória educacional sólida, culminando com um Doutorado em Ensino, Filosofia e História das Ciências pela UFBA, Andréia Maria Pereira De Oliveira evidencia seu comprometimento com a pesquisa e a educação, contribuindo de forma significativa para o avanço do conhecimento em Educação Matemática.""",68,1,12,0,0,0,0,0,0,0,,A+,
74f809eb-01b1-4a58-a4c6-4447a5e50f37,Barbara Coelho Neves,F,7327673330074701,K4537614E2,0000-0002-3429-7522,Pós-Doutorado,,CIENCIAS HUMANAS;CIENCIAS SOCIAIS APLICADAS,Informação e sociedade,Laboratório de Tecnologias Informacionais e Inclusão Sociodigital (LTI Digital),Salvador,Universidade Federal Da Bahia,UFBA,"Barbara Coelho é Professora Associada da Universidade Federal da Bahia (UFBA). Bolsista de Produtividade CNPq (2025-2027). Bolsista de Desenvolvimento Tecnológico Industrial do CNPq (2023-2024). Pós-Doutora em Ciência da Informação (UNB), Doutora em Educação (FACED-UFBA) e Mestre em Ciência da Informação (PPGCI-UFBA). Docente permanente do Programa de Pós-Graduação em Educação (PPGE) da UFBA, onde pesquisa na Linha Política e Gestão da Educação. Docente colaboradora do PPGCI-UFBA na Linha Política e Tecnologia de Informação. Docente do Instituto de Ciência da Informação (ICI), nos cursos de Biblioteconomia e Documentação e Arquivologia. Professora do PPGCI-UFSCar. É Pesquisadora Líder do LABORATÓRIO DE PESQUISAS EM TECNOLOGIAS INFORMACIONAIS E INCLUSÃO SOCIODIGITAL (LTI Digital). Presidente do Evento internacional CONCITEC, que converge as áreas de Tecnologias, Ciências da Informação e Educação. Desenvolve atividades ligadas ao apoio à pesquisa, atuando principalmente na interrelação entre Ciência-Tecnologia-Sociedade. Embaixadora de Inovação Cívica do Open Knowledge Brasil e compõe o Grupo IFLA Special Interest on Artificial Intelligence, GT de CTI da APUB, Coodenadora do Comitê Inteligência Artificial na Educação da International Association of Artificial Intelligence (I2AI).  É autora do livro Tecnologias e Mediação. Em 2010 recebeu o Prêmio Nacional Ações Inovadoras. Membro do Conselho Consultivo da FINEP. Escreve para a coluna INFOhome e Planeta Digital do Observatório da Imprensa. Blog Acadêmico: http://inclusaoecognicao.wordpress.com/Site do LTI: http://ltidigital.ufba.br - Instagram: @profa_barbara_coelho","Barbara Coelho Neves é Professora Associada na Universidade Federal da Bahia (UFBA), onde exerce importante papel como docente permanente do Programa de Pós-Graduação em Educação (PPGE) e docente colaboradora do Programa de Pós-Graduação em Ciência da Informação (PPGCI). Possui uma vasta formação acadêmica, com Pós-Doutorado em Ciência da Informação pela Universidade de Brasília (UNB), Doutorado em Educação pela FACED-UFBA e Mestrado em Ciência da Informação pelo PPGCI-UFBA.\n\nAtuando nas áreas de Política e Gestão da Educação, bem como em Política e Tecnologia de Informação, a pesquisadora destaca-se por sua liderança no Laboratório de Pesquisas em Tecnologias Informacionais e Inclusão Sociodigital (LTI Digital). Neste grupo, desenvolve pesquisas que abordam a interação entre Ciência, Tecnologia e Sociedade, com foco em temas como Tecnopolítica, Algoritmos e Inteligência Artificial.\n\nDestacam-se as contribuições recentes de Barbara Coelho Neves por meio de suas produções bibliográficas, como o trabalho \Formação Crítica em Tempos de Plataformas e Algoritmos: o Ensino de Tecnopolítica em um Curso de Biblioteconomia\"", apresentado em evento acadêmico, e artigos como \""Algoritmos da Eternidade e o Trabalho Permanente\"" e \""Alucinação da Inteligência Artificial\"", publicados em periódicos especializados.\n\nAlém disso, a pesquisadora tem participação ativa em programas de pós-graduação, tanto em Ciência da Informação quanto em Educação, onde contribui para a formação de novos pesquisadores e profissionais. Sua atuação como Presidente do evento internacional CONCITEC, dedicado à convergência de Tecnologias, Ciências da Informação e Educação, demonstra seu compromisso com a disseminação do conhecimento e a promoção do diálogo interdisciplinar.\n\nBarbara Coelho Neves também conta com apoio financeiro e reconhecimento por sua produção científica, sendo Bolsista de Produtividade do CNPq no período de 2025-2027 e Bolsista de Desenvolvimento Tecnológico Industrial do CNPq de 2023 a 2024. Além disso, recebeu o Prêmio Nacional Ações Inovadoras em 2010, evidenciando seu impacto e relevância no cenário acadêmico e científico.\n\nPor meio de seu blog acadêmico e redes sociais, como o Instagram @profa_barbara_coelho, a pesquisadora mantém uma presença ativa na divulgação de suas pesquisas e no compartilhamento de conhecimento com a comunidade acadêmica e além. Seu engajamento como Embaixadora de Inovação Cívica do Open Knowledge Brasil e sua participação em grupos de interesse, como o IFLA Special Interest on Artificial Intelligence e o Comitê de Inteligência Artificial na Educação da International Association of Artificial Intelligence, demonstram seu compromisso com a inovação e a intersecção entre tecnologia, informação e educação.\n\nEm síntese, Barbara Coelho Neves é uma pesquisadora atuante e renomada, cuja trajetória acadêmica e contribuições científicas refletem seu compromisso com a excelência na pesquisa, na formação de novos pesquisadores e na promoção do diálogo interdisciplinar. Sua liderança em grupos de pesquisa e participação ativa em programas de pós-graduação corroboram sua relevância e impacto na comunidade acadêmica.""",86,12,24,0,1,1,5,102,1,97,https://openalex.org/A5016019960,E,
77e5357d-9764-486a-8dde-3a141b3dd70e,Mirella Márcia Longo Vieira Lima,F,6989730496031782,K4788115U3,,Pós-Doutorado,,CIENCIAS HUMANAS;LINGUISTICA LETRAS E ARTES,"Filosofia, epistemologia e ciência",Revisões de obras canônicas: modulações estéticas.,Salvador,Universidade Federal Da Bahia,UFBA,"Professora Titular de Teoria Literária e Literatura Comparada da UFBA. Pesquisadora do CNPq desde 2002, atua nos Cursos de Graduação e no Programa de Pós-graduação em Literatura e Cultura do Instituto de Letras da UFBA.  Concluiu Licenciatura e Mestrado em Letras na UFBA. Sob a orientação de João Luis Machado Lafetá, fez doutorado na FFLCH/ USP (1993). Fez estágio pós-doutoral de pesquisa na Biblioteca Nacional de Lisboa, com bolsa da BN e da Fundação para o desenvolvimento do mundo em língua portuguesa.Realizou  pós- doutorado  em Letras na USP,  com bolsa do CNPQ e supervisão de Flávio Aguiar.  Retornou à USP, realizando  outro pós-doutorado, com supervisão de Alfredo Bosi e apoio da CAPES/ PNPD. Entre 2008 e 2011, integrou diretoria da AIL (Associação Internacional de Lusitanistas). Foi Assessora para assuntos internacionais da UFBA, durante dois anos (2016-2018). Estuda representações da família, da própria arte e do amor (inclusive erotismo místico) em textos literários modernos e contemporâneos.  Desenvolve, com apoio do CNPQ, o projeto &quot;Páginas com figuras: os diários de Carlos Drummond de Andrade &quot;. Entre outras publicações, é autora dos livros:  &quot;Cenas de Amor em Romances do Século XX&quot; , e &quot;Confidência Mineira: o amor na poesia de Carlos Drummond de Andrade&quot;: ensaios; &quot;A música liberta&quot; e &quot; Um amor desconhecido e outras crônicas&quot;; crônicas; &quot;O curso das águas&quot; e &quot;A torre infinita&quot;: poesia. Líder do grupo de pesquisa &quot;Revisão de obras canônicas: modulações estéticas&quot;, Mirella Márcia ocupa, desde 2023, a Cadeira 16 da Academia de Letras da Bahia.",,33,8,20,0,0,0,0,0,0,0,,E,
782b99aa-bc2b-41b2-a9a7-a7f4409b3118,Marilda De Souza Gonçalves,F,7082465592838517,K4795661J0,0000-0003-3000-1437,Pós-Doutorado,CIENCIAS BIOLOGICAS;CIENCIAS DA SAUDE,,Biotecnologia,,Salvador,"Fundação Oswaldo Cruz - Instituto Gonçalo Moniz, Fiocruz Bahia",FIOCRUZ-BA,"A pesquisadora possui graduação em Farmácia Bioquímica pela Universidade Federal da Bahia (1980), graduação em Farmácia opção Alimentos pela Universidade Federal da Bahia (1984), Mestrado em Genética e Biologia Molecular pela Universidade Estadual de Campinas (1989), Doutorado Sanduiche - Medical College of Georgia (1991-1993) , doutorado em Genética e Biologia Molecular pela Universidade Estadual de Campinas (1994) e Pós-doutorado pela Universidade da Pensilvania (2005). Atualmente é Pesquisadora titular do Instituto  Gonçalo Moniz (IGM) da FIOCRUZ-BA, professora Colaboradora Titular da Faculdade de Farmácia da Universidade Federal da Bahia. Atua nos cursos de pós-graduação em Patologia da Faculdade de Medicina da UFBA e IGM-FIOCRUZ; no curso de Farmácia da Faculdade de Farmácia da UFBA e no curso de pós-graduação em Biotecnologia e Medicina Investigativa, do IGM-FIOCRUZ. Foi vice-diretora de pesquisa e desenvolvimento tecnológico da Fiocruz Bahia, no período de 2013-2017, diretora da Fiocruz Bahia  no período de 2017-2021 (primeiro mandato), diretora da Fiocruz Bahia, no segundo mandato, de 2021-2025. Possui Comenda de Mérito Farmacêutico pelo Conselho Regional de Farmácia da Bahia, Comenda de Mérito Farmacêutico pelo Conselho Federal de Farmácia,  Medalha de Cavalheira do Dois de Julho.  Orienta discentes de Mestrado, Doutorado e Iniciação Científica, e supervisiona pós-doutorado.  Possui experiência na área de Hematologia e Genética, com ênfase em Biologia Molecular, atuando na área de interação da genética com marcadores hematológicos, bioquímicos e imunológicos, principalmente nos seguintes temas: doença falciforme, hemoglobina fetal, anemias, leucemias e saúde materno-fetal.","Marilda De Souza Gonçalves é uma renomada pesquisadora com uma extensa trajetória na área de Ciências Biológicas e da Saúde, atuando principalmente no Instituto Gonçalo Moniz da Fundação Oswaldo Cruz (Fiocruz Bahia). Sua formação acadêmica inclui graduações em Farmácia Bioquímica e Farmácia Alimentos pela Universidade Federal da Bahia, além de mestrado em Genética e Biologia Molecular pela Universidade Estadual de Campinas e doutorado nesta mesma área, com um período sanduíche no Medical College of Georgia. Posteriormente, realizou um pós-doutorado na Universidade da Pensilvânia, consolidando sua expertise nessas disciplinas.\n\nAo longo de sua carreira, Marilda tem se destacado por suas pesquisas na interação da genética com marcadores hematológicos, bioquímicos e imunológicos, com foco em doenças como a anemia falciforme, hemoglobina fetal, leucemias e saúde materno-fetal. Sua produção científica mais recente engloba artigos como \The Correlation Between Hb And The Clinical Spectrum Of SCA\"", \""Endothelial Cells Protect Schistosoma Mansoni From Hydrogen Peroxide-Induced Death\"" e \""Assessing The Endothelium’s Role In Covid-19 Severity Using The HUVEC Model\"", evidenciando sua relevância e diversidade de temas investigados.\n\nAlém de suas contribuições em pesquisa, Marilda De Souza Gonçalves desempenha papel ativo na formação acadêmica, orientando estudantes de mestrado, doutorado e iniciação científica, bem como supervisionando pós-doutorandos. Sua participação em programas de pós-graduação, como Farmácia, Patologia Humana (Ufba/Fiocruz) e Biotecnologia em Saúde e Medicina Investigativa, demonstra seu engajamento no desenvolvimento de novos pesquisadores e na disseminação do conhecimento científico.\n\nNo âmbito institucional, Marilda exerceu funções de liderança de destaque na Fiocruz Bahia, atuando como vice-diretora de pesquisa e desenvolvimento tecnológico, diretora (em dois mandatos) e recebendo reconhecimentos como a Comenda de Mérito Farmacêutico pelo Conselho Regional e Federal de Farmácia, além da Medalha de Cavaleira do Dois de Julho. Essas atribuições ressaltam sua expertise e liderança no ambiente acadêmico e científico.\n\nApesar de não haver menção a projetos de fomento específicos em sua ficha, a modalidade de Produtividade em Pesquisa - Nível 2 evidencia seu reconhecimento e apoio institucional à sua produção científica. Esses indicativos, somados à sua vasta experiência e formação sólida, consolidam Marilda De Souza Gonçalves como uma figura proeminente no cenário da pesquisa em genética, biologia molecular e saúde.\n\nEm síntese, Marilda De Souza Gonçalves é uma pesquisadora renomada e altamente qualificada, com uma trajetória acadêmica e profissional marcada por contribuições significativas para as ciências biológicas e da saúde. Sua atuação abrangente, que engloba pesquisa, orientação, participação em programas de pós-graduação e liderança institucional, a posiciona como uma referência no campo da genética e biologia molecular, com impacto relevante em áreas como hematologia, marcadores genéticos e saúde materno-fetal.""",175,0,2,4,0,0,32,3353,81,233,https://openalex.org/A5045309288,A+,
789f403d-91df-4c1b-ae74-d20ccd45dc15,Leila Denise Alves Ferreira Amorim,F,7571944616774417,K4796745P5,0000-0002-1112-2332,Pós-Doutorado,,CIENCIAS DA SAUDE;CIENCIAS EXATAS E DA TERRA,"Matemática, estatística e modelagem",modelagem multinível; análise de sobrevivência; análise de dados categorizados,Salvador,Universidade Federal Da Bahia,UFBA,"Possui Bacharelado em Estatística pela Universidade Federal da Bahia (1996), Licenciatura em Ciências Biológicas pela Universidade Católica do Salvador (1993), Mestrado em Saúde Coletiva pela Universidade Federal da Bahia (2000), Doutorado (2006) e Pós-Doutorado (2012) em Bioestatística pela ''The University of North Carolina (UNC) at Chapel Hill''. Atualmente é Professora Titular do Departamento de Estatística,e docente dos Programas de Pós-Graduação em Saúde Coletiva do ISC, em Matemática (concentração em Estatística) e em Estatística e Ciência de Dados do IME na Universidade Federal da Bahia. Tem experiência na área de Estatística Aplicada, com ênfase em Bioestatística, atuando principalmente nos seguintes temas: modelagem multinível, análise de sobrevivência, análise de dados categorizados, modelagem com variáveis latentes, métodos quantitativos em Epidemiologia, inferência causal e análise de dados  longitudinais.","Leila Denise Alves Ferreira Amorim, Professora Titular do Departamento de Estatística da Universidade Federal da Bahia, é uma renomada pesquisadora com ampla experiência nas áreas de Estatística Aplicada e Bioestatística. Sua formação acadêmica inclui Bacharelado em Estatística pela UFBA, Licenciatura em Ciências Biológicas pela Universidade Católica do Salvador, Mestrado em Saúde Coletiva e Doutorado em Bioestatística pela UFBA, além de um Pós-Doutorado pela The University of North Carolina (UNC) at Chapel Hill.\n\nAo longo de sua carreira, Leila Denise tem se destacado por sua atuação em modelagem multinível, análise de sobrevivência, análise de dados categorizados, modelagem com variáveis latentes, métodos quantitativos em Epidemiologia, inferência causal e análise de dados longitudinais. Sua expertise tem sido fundamental para a compreensão e interpretação de dados complexos, contribuindo significativamente para o avanço da área.\n\nAlém de suas atividades como docente, Leila Denise possui vínculos com diversos Programas de Pós-Graduação, como Saúde Coletiva, Estatística e Ciência de Dados, e Matemática. Sua participação ativa nesses programas evidencia seu compromisso com a formação de novos pesquisadores e a disseminação do conhecimento científico em suas áreas de especialização.\n\nEntre suas produções bibliográficas mais recentes, destacam-se artigos como \Family-Based Discrimination, Non-Disclosure Of Sexual Orientation Or Gender Identity, And Initiation Of Oral Pre-Exposure Prophylaxis Among Adolescents\"", \""Sociodemographic Factors And Childhood Growth: Associations With Environmental Sanitation Phases\"", e \""Measuring And Characterizing The Quality Of Child Care In Brazilian Primary Health Care: A Latent Class Analysis\"". Esses trabalhos refletem a diversidade de interesses e o impacto das pesquisas conduzidas por Leila Denise no cenário acadêmico.\n\nAlém de sua atuação como pesquisadora e docente, Leila Denise também exerce funções de liderança em importantes grupos de pesquisa, tais como o LInCa - Laboratório de Inferência Causal e Aplicações e o Grupo de Métodos Estatísticos Aplicados e Computacionais. Sua liderança nesses grupos demonstra seu papel ativo na promoção do desenvolvimento de novas metodologias e na colaboração com outros pesquisadores em projetos inovadores.\n\nPor fim, vale ressaltar que Leila Denise também recebeu apoio financeiro por meio de programas de fomento, como a bolsa de Produtividade em Pesquisa - nível 2. Esse reconhecimento institucional reforça a relevância de suas contribuições científicas e sua atuação destacada no campo da Estatística e Bioestatística.\n\nEm síntese, Leila Denise Alves Ferreira Amorim é uma pesquisadora talentosa e dedicada, cuja trajetória acadêmica e profissional se destaca pela excelência em pesquisa, pela formação de novos pesquisadores e pela liderança em grupos de pesquisa. Sua atuação abrangente e suas contribuições significativas fazem dela uma referência na comunidade acadêmica e científica, inspirando futuras gerações de cientistas a seguir seus passos rumo ao conhecimento e inovação.""",90,0,5,0,1,0,27,2089,45,115,https://openalex.org/A5026083338,A+,
7943e0ec-540c-4fb7-b423-3c5735b73862,Iza Cristina Salles De Castro,F,3721529815031445,K4133089P8,0000-0001-8514-7631,Pós-Doutorado,CIENCIAS DA SAUDE,,,,Salvador,Escola Bahiana De Medicina E Saúde Pública,EBMSP,"Presidente do Congresso Brasileiro do Sono - 2025. Pesquisadora CNPq nível 2 e da Fundação Nacional de Desenvolvimento do Ensino Superior Particular  Funadesp.No ano de 2025, atuou estrategicamente na conquista de editais de fomento e expansão de parcerias institucionais. Coordenadora de projetos de pesquisa e inovação contemplados em editais independentes do Instituto Maria Emília, da Rede Nacional de Ensino e Pesquisa (RNP), da FAPESB e do CNPq. É idealizadora das soluções tecnológicas SONOPREV (calculadora de risco de quedas associada a distúrbios do sono) e QUEDAPREV (aplicativo  Possui experiência na liderança de iniciativas científicas de alta performance, atuando na articulação entre fomento privado e agências de fomento estaduais e federais Docente e colaboradora na gestão da Pós-Graduação Tecnologia em Saúde da Escola Bahiana de Medicina (2016), Professora adjunta da Escola Bahiana de Medicina e Saúde (2015), Preceptora da neurologia e pneumologia na  Medicina do Sono da Universidade Federal da Bahia (Hospital Universitário Professor Edgard Santos -  Coordenadora do Serviço de Medicina do Sono (2015), o qual foi planejado e implantado à partir do Doutorado (CNPq), assim como o Serviço de Medicina do Sono da Escola Bahiana de Medicina - Salvador - Bahia (2025). Pesquisadora CNPq e Pesquisadora FUNADESP (2023 até o momento). Supervisora Médica do REVALIDA - 2023 até o momento. Avaliadora do Sistema Nacional de Avaliação da Educação Superior (2025). Experiência em gestão empresarial na Clínica Cevem - Clínica em Medicina do Sono, assim como fundadora, diretora médica e médica do sono - onde tem a função de antecipar e resolver problemas: através do contínuo treinamento a Equipe, acompanhando os resultados e estabelecendo planejamento estratégico e tático. Coordenadora do grupo de pesquisa: International Center of Clinical Sleep Medicine and Research (certificado pelo CNPq): Perfil metabolômico relacionado aos distúrbios do sono e ocorrência de quedas na idade avançada; Relações entre cognição, qualidade do sono e qualidade de vida de idosos com idade maior ou igual a sessenta e cinco anos e do grupo de pesquisa. Todos contam com parcerias nacionais e internacionais. Um dos produtos recentemente com registro de patente foi o aplicativo NutriMicro que tem por objetivo o cálculo individualizado de micronutrientes para crianças. Idealizou e participou do desenvolvimento das ferramentas tecnológicas: Quedaprev e SonoPrev. Escrevemos mais 4 capítulos de livro sobre Tecnologia e Inovação, desses 3 estão em fase de publicação e mais1 já foi publicado: C., SALLES et al. CAPÍTULO 8 TECNOLOGIA, INFORMAÇÃO E SONO: ferramentas para a longevidade.Faz parcerias nacionais e internacionais com Universidade Federal do Rio Grande do Norte, Faculdade de Lisboa e Universidade da Califórnia, promovendo intercâmbio científico e cultural entre as Universidades e Centros de Pesquisa.  Presidente da Regional Bahia - Associação Brasileira do Sono, assim como da Liga Baiana do Sono (2019-2021). Membro do Comitê de Ética Médica do Hospital Universitário Professor Edgard Santos (2021 até 2023). Uma das autoras do livro Anemia Falciforme e comorbidades associadas na infância e na adolescência (2020). Pós-Doutorado pelo Curso de Pós-Graduação em Medicina e Saúde Humana da Escola Bahiana de Medicina e Saúde Pública (2014), Doutora pelo Programa de Pós-graduação em Ciências da Saúde da Universidade Federal da Bahia - Faculdade de Medicina (2013), Mestre pelo Curso de Pós-Graduação em Medicina e Saúde Humana da Escola Bahiana de Medicina e Saúde Pública (2009), Especialista em Medicina do Sono pela Sociedade Brasileira de Medicina do Sono (2003), Especialista em Otorrinolaringologia pela Santa Casa de Misericórdia da Bahia (1997) , e graduação em Medicina pela Escola Bahiana de Medicina e Saúde Pública (1993).Membro do Comitê de Ética em Pesquisa da Escola Bahiana de Medicina e Saúde (início março-2014) P.Revisora ad hoc. Membro da Sleep Research Society.","Iza Cristina Salles De Castro é uma pesquisadora atuante na área de Ciências da Saúde, com vínculo principal na Escola Bahiana de Medicina E Saúde Pública. Com uma sólida trajetória acadêmica e profissional, Iza possui alta qualificação, incluindo Pós-Doutorado e uma ampla gama de especializações ao longo dos anos.\n\nSua formação inclui um Doutorado em Medicina e Saúde pela Universidade Federal da Bahia, concluído entre 2010 e 2014, além de mestrado em Medicina Interna e especializações em Medicina do Sono e Otorrinolaringologia, entre outros. Graduada em Medicina pela Escola Bahiana de Medicina e Saúde Pública, Iza consolidou uma sólida base educacional que a impulsionou para uma carreira de destaque na pesquisa e na prática clínica.\n\nComo profissional, Iza tem se destacado por suas contribuições significativas para o avanço do conhecimento na área da Medicina do Sono e da Saúde em geral. Sua atuação como presidente do Congresso Brasileiro do Sono em 2025 e sua participação em importantes projetos de pesquisa e inovação evidenciam sua liderança e expertise no campo científico. Além disso, sua participação em parcerias nacionais e internacionais com renomadas universidades e centros de pesquisa demonstra seu reconhecimento e relevância no cenário acadêmico global.\n\nNo âmbito da produção científica, Iza tem se destacado por artigos recentes, como \Awakening Of A Complex Patient: Reversal Of Hypoventilation And Cardiac Sequelae Following Pap Initiation,\"" \""Comorbid Insomnia And Sleep Apnea: Association With Nocturnal Hypoxic Burden,\"" e \""Association Between Circadian Rhythm Disturbances And Cognitive Decline In The Elderly: A Systematic Review.\"" Esses estudos refletem o compromisso de Iza com a investigação de questões relevantes para a saúde e o bem-estar da população.\n\nAlém disso, Iza tem sido ativa em programas de pós-graduação, como Tecnologias em Saúde e Medicina e Saúde Humana, onde sua expertise tem contribuído para a formação de novos pesquisadores e profissionais qualificados. Sua liderança em grupos de pesquisa, como o International Center of Clinical Sleep Medicine and Research, demonstra sua capacidade de articulação e colaboração no ambiente acadêmico.\n\nNo que diz respeito a projetos de fomento e bolsas de pesquisa, Iza tem obtido reconhecimento e apoio institucional para suas iniciativas, como o Programa de Fomento em Produtividade em Pesquisa nível 2 do CNPq. Esses recursos financeiros e institucionais são essenciais para o desenvolvimento contínuo de suas linhas de pesquisa e para a realização de estudos inovadores e de alto impacto.\n\nEm resumo, Iza Cristina Salles De Castro é uma pesquisadora dedicada e qualificada, cuja atuação na área da Medicina do Sono e da Saúde tem sido fundamental para o avanço do conhecimento científico e para a formação de novos profissionais na área. Sua trajetória acadêmica e profissional exemplar, aliada às suas contribuições científicas significativas, posicionam-na como uma figura de destaque e referência no cenário da pesquisa em saúde.""",98,3,12,1,4,0,0,0,0,1,https://openalex.org/A5140883990,A+,
79ce8067-ee0a-44a6-916f-b65fae586fba,Eliana Cazetta,F,1416504174729391,K4765253D3,,Pós-Doutorado,,CIENCIAS BIOLOGICAS,"Biodiversidade, ecologia e conservação",LABORATÓRIO DE ECOLOGIA APLICADA À CONSERVAÇÃO - LEAC,Ilhéus,Universidade Estadual De Santa Cruz,UESC,"Possui graduação em Ciências Biológicas pela Universidade Estadual Paulista Júlio de Mesquita Filho (2002), doutorado direto em Biologia Vegetal (2008) também pela Universidade Estadual Paulista Júlio de Mesquita Filho, com período sanduíche na Universidade de Freiburg na Alemanha. Sou professora Titular B junto ao departamento de Ciências Biológicas da Universidade Estadual de Santa Cruz (UESC). Realizei estágio sabático na Carleton University - Canadá entre 2017-2018 (estágio sênior - bolsista CAPES). Atuei como coordenadora do Programa de Pós Graduação em Ecologia e Conservação da Biodiversidade durante o período de 2013-2015 e novamente no período de 2019-2023. Atualmente atuo como gerente de Pós-Graduação na UESC. Minha linha de pesquisa busca entender como os impactos antrópicos como a perda de habitat, fragmentação florestal e defaunação influenciam os padrões de diversidade e processos ecológicos como a dispersão de sementes. Mãe de dois filhos, licença maternidade em 2009 e 2012.","Eliana Cazetta é uma pesquisadora brasileira com ampla experiência na área de Biologia Vegetal, atuando como professora Titular B no departamento de Ciências Biológicas da Universidade Estadual de Santa Cruz (UESC). Com formação em Ciências Biológicas pela Universidade Estadual Paulista Júlio de Mesquita Filho, Eliana obteve seu doutorado direto em Biologia Vegetal na mesma instituição, com um período de estudos na Universidade de Freiburg, na Alemanha. Além disso, ela realizou um estágio sabático na Carleton University, no Canadá, entre 2017 e 2018, sendo bolsista da CAPES.\n\nAo longo de sua carreira, Eliana Cazetta tem se destacado como coordenadora do Programa de Pós-Graduação em Ecologia e Conservação da Biodiversidade em duas ocasiões, nos períodos de 2013 a 2015 e de 2019 a 2023, demonstrando seu comprometimento com a formação de novos pesquisadores e a promoção de estudos nessa área. Atualmente, ela exerce a função de gerente de Pós-Graduação na UESC, contribuindo para a qualidade e excelência dos programas acadêmicos oferecidos pela universidade.\n\nSua linha de pesquisa está voltada para entender os impactos dos distúrbios antrópicos, como a perda de habitat, a fragmentação florestal e a defaunação, sobre os padrões de diversidade e os processos ecológicos, com foco na dispersão de sementes. Essa abordagem visa fornecer insights valiosos para a conservação da biodiversidade e o manejo sustentável dos ecossistemas, aspectos fundamentais em um contexto de mudanças ambientais globais.\n\nNo que diz respeito às suas produções científicas mais recentes, Eliana Cazetta tem se destacado com artigos de relevância internacional, tais como \Forest Loss Or Fragmentation Per Se? Drivers Of Nymphalidae Butterfly Diversity In Fragmented Landscapes\"", \""A Global Review Of Mistletoe Frugivory And Seed Dispersal: The Plant Perspective\"", e \""Climate Change Vulnerability And Conservation Priorities For Atlantic Forest Palms\"", todos publicados em 2026. Essas contribuições refletem o compromisso da pesquisadora com a produção de conhecimento de ponta e a disseminação de informações relevantes para a comunidade acadêmica.\n\nAlém disso, Eliana Cazetta possui vínculos com programas de pós-graduação em Zoologia e Ecologia e Conservação da Biodiversidade, onde desempenha um papel ativo na orientação de estudantes e na promoção da pesquisa científica. Como líder do Laboratório de Ecologia Aplicada à Conservação (LEAC), ela tem consolidado um grupo de pesquisa de destaque, dedicado ao estudo de questões ambientais emergentes e à busca por soluções inovadoras para os desafios atuais da conservação da natureza.\n\nPor fim, Eliana Cazetta também recebeu apoio financeiro por meio do programa de Produtividade em Pesquisa - 1D, evidenciando o reconhecimento de suas contribuições para o avanço da ciência e sua atuação de destaque no cenário acadêmico nacional e internacional. Sua trajetória acadêmica e profissional reflete um compromisso contínuo com a excelência na pesquisa e no ensino, destacando-a como uma figura proeminente no campo da Ecologia e Conservação da Biodiversidade no Brasil.""",88,0,0,0,0,0,0,0,0,0,,E,
79e1cfc9-e774-49cc-86ea-e6dd73fbef1a,Rosângela Pereira De Tugny,F,8693017792087928,K4787588A4,,Pós-Doutorado,,LINGUISTICA LETRAS E ARTES,Artes e processos de criação,,Porto Seguro,Universidade Federal Do Sul Da Bahia,UFSB,"Cursou graduação em Piano pela Universidade Federal de Minas Gerais (1986), DEA em Música e Musicologia - Université de Tours (Université François Rabelais) (1991) e doutorado em Música e Musicologia - Université de Tours (Université François Rabelais) (1996). Atualmente é professora titular do IHAC do Campus Sosígenes Costa de Porto Seguro  e do Centro de Formação em Artes da Universidade Federal do Sul da Bahia. Coordenou projetos no Acervo Curt Lange  e no Laboratório de etnomusicologia da UFMG, desenvolvendo pesquisas sobre as práticas musicais indígenas. Publicou livros e artigos sobre música contemporânea e etnomusicologia. Em colaboração com especialistas dos repertórios de cantos do povo Tikmu'un-Maxakali, organizou a tradução, edição e publicação de filmes, gravações, livros de tradução de cantos e mitos e livros didáticos. Coordena o Grupo de pesquisas (CNPq) Poéticas ameríndias e é integrante do INCT de Inclusão do Ensino Superior e na Pesquisa (CNPq).","Rosângela Pereira De Tugny é uma renomada pesquisadora brasileira, atualmente vinculada à Universidade Federal Do Sul Da Bahia, onde exerce a função de professora titular no Instituto de Humanidades, Artes e Ciências (IHAC) do Campus Sosígenes Costa de Porto Seguro e no Centro de Formação em Artes. Com uma extensa formação acadêmica, Rosângela obteve sua graduação em Piano pela Universidade Federal de Minas Gerais em 1986, seguida por um DEA em Música e Musicologia pela Université de Tours (Université François Rabelais) em 1991 e um doutorado na mesma instituição em 1996, consolidando assim sua expertise em música e etnomusicologia.\n\nAo longo de sua carreira, a pesquisadora se destacou por coordenar importantes projetos no Acervo Curt Lange e no Laboratório de etnomusicologia da UFMG, conduzindo pesquisas significativas sobre as práticas musicais indígenas. Sua produção acadêmica é vasta, incluindo a publicação de livros e artigos sobre música contemporânea e etnomusicologia, bem como a colaboração com especialistas dos repertórios de cantos do povo Tikmu'un-Maxakali na tradução, edição e publicação de materiais como filmes, gravações, livros de tradução de cantos e mitos, e livros didáticos.\n\nNo contexto acadêmico, Rosângela Pereira De Tugny tem sido uma figura ativa em programas de pós-graduação, sendo vinculada ao Programa de Pós-Graduação em Artes. Além disso, ela lidera o Grupo de Pesquisas (CNPq) Poéticas ameríndias e também integra o INCT de Inclusão do Ensino Superior e na Pesquisa (CNPq), demonstrando seu comprometimento com a produção de conhecimento e sua participação ativa na comunidade científica.\n\nNo que se refere às suas produções bibliográficas mais recentes, destacam-se obras como \YꞶMꞶ Ãte Nõg Te Ax Hãhãm Xi Kopa Pip Xop TikmꞶ?ꞶN Mãxakani Yõg Hãm Tu = Planos De Gestão Territorial E Ambiental Das Terras Indígenas TikmꞶ?ꞶN_Maxakali\"", \""Hãhitupmã | Alegrar A Terra.\"" e \""A Aliança Contracolonizadora Indígena Quilombola Como Potência De Uma Etnomusicologia Do Nordeste Do Brasil\"", evidenciando a diversidade e a relevância de suas contribuições para o campo da etnomusicologia e estudos indígenas.\n\nNo âmbito do financiamento de suas pesquisas, Rosângela Pereira De Tugny foi contemplada com uma bolsa de produtividade em pesquisa - 1D, evidenciando o reconhecimento de sua atuação e a qualidade de suas investigações. Sua trajetória profissional e acadêmica é marcada por um profundo engajamento com temas sensíveis e relevantes, contribuindo para a construção de um conhecimento mais diverso e inclusivo nas áreas da música e da etnomusicologia.\n\nDessa forma, Rosângela Pereira De Tugny se destaca como uma pesquisadora dedicada, comprometida com a promoção da diversidade cultural, o diálogo intercultural e a valorização das práticas musicais indígenas, deixando sua marca na academia e no campo da pesquisa em música e etnomusicologia.""",25,30,31,0,0,0,0,0,0,0,,E,
7b4e9238-1cbd-41d4-b0e7-d5dcdf88e329,Tânia Cristina Rocha Silva Gusmão,F,4475063425193939,K4704820Z6,0000-0001-6253-0435,Pós-Doutorado,CIENCIAS EXATAS E DA TERRA;CIENCIAS HUMANAS,,"Educação, ensino e formação docente",Museu Pedagógico: Didática das Ciências Experimentais e da Matemática - GDICEM,Vitória da Conquista,Universidade Estadual Do Sudoeste Da Bahia,UESB,"Licenciada em Ciências Exatas Habilitação em Matemática pela Universidade Estadual do Sudoeste da Bahia (1993), Mestre em Educação Matemática pela Universidade Estadual Paulista Júlio de Mesquita Filho (2000), Doutora em Didática da Matemática pela Universidade de Santiago de Compostela, Espanha (2006), com Estágio Doutoral na Universidade de Lisboa, Portugual  (2005), obtendo ainda o Doutorado Europeu (2006). Realizou Pós-Doutorado com bolsa CAPES pelo Programa Centros Associados para o Fortalecimento da Pós-Graduação/CAFP-BA, Projeto: 14/2009, no Programa de Didáctica de las Ciencias Experimentales de la Universidad Nacional del Litoral (UNL), Santa Fe, Argentina (2011), projeto do qual foi Coordenadora Operacional durante quatro anos. Possui, ainda, especialização em Estatística e Investigação Operativa (2003) e em Metodologia do Ensino da Matemática (1996). Professora Pleno aposentada da Universidade Estadual do Sudoeste da Bahia. Atualmente, está como professora colaboradora do Programa de Pós-Graduação em Educação Científica e Formação de Professores (PPG-ECFP/UESB) e do Programa de Pós-Graduação em Ensino (PPGEn/UESB), programa do qual foi coordenadora de 2016 a 2018, e vice-coordenadora de 2018 a 2020. Foi professora colaboradora no Programa de Pós-Graduação em Educación en Ciencias y en Didáctica de las Ciencias Experimentales da UNL, Santa Fe - Argentina e do Programa de Didática das Ciencias Experimentais e da Matemática da Universidade de Santiago de Compostela, Espanha. Coordena o Grupo de Estudo e Pesquisa CNPQ: Museu Pedagógico: Didática das Ciências Experimentais e da Matemática, desenvolvendo pesquisas na área de Educação Matemática, no marco do Enfoque Ontossemiótico, do Desenho de Tarefas, da Metacognição e Afetividade Matemática. Foi homenageada em 2025 com o Prêmio Martha Dantas, pela Sociedade Brasileira de Educação Matemática - Regional Bahia. É Bolsista Produtividade CNPq, PQ-2.","Tânia Cristina Rocha Silva Gusmão é uma renomada pesquisadora brasileira, com vínculo principal na Universidade Estadual do Sudoeste da Bahia. Sua formação acadêmica inclui uma Licenciatura em Ciências Exatas com Habilitação em Matemática pela mesma universidade em 1993, seguida por um Mestrado em Educação Matemática pela Universidade Estadual Paulista Júlio de Mesquita Filho em 2000 e um Doutorado em Didática da Matemática pela prestigiada Universidad de Santiago de Compostela, na Espanha, com Estágio Doutoral na Universidade de Lisboa, Portugal, em 2005. Além disso, Tânia obteve o título de Doutorado Europeu em 2006. Sua trajetória educacional é marcada por uma especialização em Estatística e Investigação Operativa em 2003 e outra em Metodologia do Ensino da Matemática em 1996.\n\nComo pesquisadora, Tânia tem se destacado atuando como Professora Pleno aposentada na Universidade Estadual do Sudoeste da Bahia, e atualmente como professora colaboradora no Programa de Pós-Graduação em Educação Científica e Formação de Professores e no Programa de Pós-Graduação em Ensino, sendo coordenadora deste último de 2016 a 2018. Sua expertise se concentra nas áreas de Ciências Exatas e da Terra, assim como em Ciências Humanas.\n\nEm seu extenso currículo, Tânia apresenta uma significativa produção bibliográfica, com artigos recentes como \Gestion Des Tâches Dans L enseignement Des Limites De Fonctions Réelles Dans L enseignement Supérieur\"", publicados em 2026. Além disso, sua liderança no Grupo de Estudo e Pesquisa CNPQ: Museu Pedagógico: Didática das Ciências Experimentais e da Matemática evidencia seu compromisso com o avanço e compartilhamento do conhecimento na área de Educação Matemática.\n\nNo âmbito da formação acadêmica, Tânia também se destaca por sua participação ativa em programas de pós-graduação, como no Programa de Pós-Graduação em Ensino e no Programa de Pós-Graduação em Educação Científica e Formação de Professores. Sua contribuição como coordenadora e vice-coordenadora demonstram não apenas sua competência como pesquisadora, mas também sua capacidade de liderança e gestão acadêmica.\n\nA pesquisadora também recebeu reconhecimento por sua excelência acadêmica, sendo homenageada em 2025 com o Prêmio Martha Dantas pela Sociedade Brasileira de Educação Matemática - Regional Bahia. Além disso, a bolsa de Produtividade CNPq, PQ-2, demonstra seu contínuo envolvimento em projetos de fomento e pesquisa na área.\n\nEm resumo, Tânia Cristina Rocha Silva Gusmão é uma pesquisadora amplamente reconhecida por sua sólida formação acadêmica, vasta produção científica e significativa atuação em programas de pós-graduação e liderança em grupos de pesquisa. Sua trajetória profissional e educacional refletem um compromisso contínuo com a excelência acadêmica e a contribuição para o avanço do conhecimento na área de Educação Matemática, consolidando-a como uma figura de destaque no cenário acadêmico nacional.""",77,113,20,1,1,0,6,120,3,79,https://openalex.org/A5028383562,A+,
800ff726-203b-4a1c-b412-858e22c71dfd,Urpi Montoya Uriarte,F,1763130968164564,K4799671T8,0000-0002-8135-7559,Pós-Doutorado,CIENCIAS HUMANAS;CIENCIAS SOCIAIS APLICADAS,,"Sociologia, antropologia e sociedade",Panoramas Urbanos,Salvador,Universidade Federal Da Bahia,UFBA,"Possuo graduação em Antropologia pela Universidad Nacional Mayor de San Marcos, Lima-Peru (1992), doutorado em História Social (área de história da cultura) pela Universidade de São Paulo (1997), pós-doutorado na Universidade Federal de Pernambuco (2009), ISCTE-Instituto Universitário de Lisboa (2017) e Laboratoire Architecture Anthropologie (LAA, Paris, 2022-2023). Atuo na área de Antropologia Urbana, fazendo etnografias de centros históricos, formas de habitar, usos da cidade, do patrimônio e da memória, e juventudes periféricas e imaginários urbanos. Sou professora do departamento de Antropologia e do Programa de Pós-Graduação em Antropologia da Universidade Federal da Bahia, desde 2010.Acredito que a principal contribuição de minha atividade nos últimos 10 anos é a extensão. Considero que a pesquisa urbana deve ser feita não apenas entre e com os interlocutores nativos, mas, também, para eles. Este fazer têm uma relação direta com a ACCS que venho lecionando desde 2018.  As atividades Curriculares em Comunidade e Sociedade (ACCS) são componentes curriculares ofertados na Universidade Federal da Bahia que têm como objetivo trabalhar em comunidades ou espaços sociais, levando os e as alunas de cursos variados para além dos muros da universidade, descobrindo e experimentando a realidade e seus habitantes para, em conjunto, atuar nela. Decorrentes da junção extensão e pesquisa, meus trabalhos no Centro Histórico de Salvador têm promovido um diálogo e uma cooperação frutífera com seus habitantes e movimentos sociais. Desta visceral relação entre pesquisa e extensão tenho incorporado novas temáticas que inicialmente eu não previa  usuários de drogas, violência policial, juventudes periféricas  e tem surgido produtos em formatos muito mais acessíveis, interessantes e úteis aos interlocutores  tais como as cartografias, censo, cartilha e livro com linguagem e proposta visual que permitem sua leitura por públicos diversos. Esta forma de fazer Antropologia urbana entre, com e para os moradores de uma área específica da cidade coloca os interlocutores em outro patamar, muito além de informantes, como parceiros e co-autores do conhecimento e produtos gerados. Pesquisadora CNPq C. urpi.montoya@ufba.br","Urpi Montoya Uriarte é uma pesquisadora atuante na área de Antropologia Urbana, com ênfase em etnografias de centros históricos, formas de habitar, usos da cidade, do patrimônio e da memória, bem como juventudes periféricas e imaginários urbanos. Graduada em Antropologia pela Universidad Nacional Mayor de San Marcos, Lima-Peru, em 1992, prosseguiu seus estudos culminando com um doutorado em História Social pela Universidade de São Paulo em 1997. Com um pós-doutorado na Universidade Federal de Pernambuco (2009) e em outras instituições renomadas como ISCTE-Instituto Universitário de Lisboa (2017) e Laboratoire Architecture Anthropologie em Paris.\n\nDesde 2010, ela é professora do departamento de Antropologia e do Programa de Pós-Graduação em Antropologia da Universidade Federal da Bahia, onde tem se dedicado a uma abordagem participativa e colaborativa em suas pesquisas. Nas últimas duas décadas, Urpi Montoya Uriarte vem desenvolvendo projetos que envolvem uma estreita relação entre pesquisa e extensão, buscando criar um diálogo construtivo com os habitantes das áreas urbanas estudadas.\n\nSeu trabalho tem se destacado por promover a inclusão dos moradores locais como parceiros e co-autores do conhecimento gerado, extrapolando a tradicional relação pesquisador-informante. Acreditando na importância da extensão universitária, ela tem conduzido atividades que aproximam os estudantes da realidade social e cultural das comunidades, como as atividades Curriculares em Comunidade e Sociedade (ACCS) na Universidade Federal da Bahia.\n\nUrpi Montoya Uriarte tem contribuído significativamente para o campo da Antropologia Urbana, com produções bibliográficas recentes como os livros \Fazer Cidade. Lutas E Práticas De Habitar No Espaço Urbano\"" (2026), \""Do Habitar Familiar Ao Habitar Estilhaçado. O Estado E A Destruição De Um Bairro No Centro Histórico De Salvador\"" (2026), e \""Mobilidade E Território:. Uma Análise Destes Temas Entre Os Usuários De Crack Que Frequentam A Lladeira Da Preguiça, No Centro De Salvador\"" (2024). Além disso, lidera o grupo de pesquisa Panoramas Urbanos na área de Antropologia.\n\nComo pesquisadora CNPq, Urpi Montoya Uriarte tem recebido apoio financeiro para seus projetos, incluindo a modalidade de Produtividade em Pesquisa - C. Sua trajetória acadêmica e profissional, pautada em uma abordagem participativa e engajada com as comunidades estudadas, demonstra seu compromisso em transformar a pesquisa acadêmica em ações concretas e relevantes para a sociedade.\n\nEnvolvida em múltiplos projetos e colaborações internacionais, Urpi Montoya Uriarte se destaca como uma pesquisadora engajada e comprometida com a produção de conhecimento relevante e com impacto social. Sua atuação na Universidade Federal da Bahia e no cenário acadêmico nacional e internacional reafirma seu papel como uma das principais vozes da Antropologia Urbana contemporânea, contribuindo para uma abordagem mais inclusiva e participativa dentro da disciplina.""",30,9,19,0,0,0,2,54,1,18,https://openalex.org/A5064272897,A+,
807025c9-4f97-4cfd-9d44-7c4d87da4af2,Fatima Regina Gomes Tavares,F,6141190119426087,K4782613P4,0000-0001-6668-4300,Doutorado,,CIENCIAS HUMANAS,"Sociologia, antropologia e sociedade","Encruzilhada de Saberes: Cultura, Corpo e Ambiente; ObservaBaía-Observatório de Riscos e Vulnerabilidades Socioambientais da Baía de Todos os Santos",Salvador,Universidade Federal Da Bahia,UFBA,"Graduada em Ciências Sociais pela UFRJ, onde também obteve os títulos de Mestre em Sociologia e Doutora em Ciências Humanas (Antropologia). Realizou estágio de doutorado na École des Haute Études en Sciences Sociales em Paris entre 1996 e 1997. Em 1999 ingressou no Programa de Pós-Graduação em Ciência da Religião da UFJF e em 2005 passou a atuar no Programa de Pós-Graduação em Ciências Sociais da mesma instituição, onde permaneceu até 2008, sendo redistribuída para a Universidade Federal da Bahia em  2009, onde é Professora Titular no Departamento de Antropologia e Etnologia. Foi Pesquisadora Visitante na Université de Montreal, em 2014, e na Universidade Federal do Rio de Janeiro, em 2024. Tem desenvolvido pesquisas na confluência entre religião e saúde; religião e espaço público; campo religioso brasileiro; redes de cuidado em quilombos. Co-coordena o Grupo de Pesquisa Observabaía (Observatório de Riscos e Vulnerabilidades Socioambientais da Bahia de Todos os Santos).  Atua nas áreas de Antropologia da Saúde, da Religião voltada para a compreensão de práticas tradicionais e contemporâneas em saúde e desenvolvimento comunitário. Seus trabalhos enfocam os seguintes temas: novas religiosidades, movimento nova era, religiões afro-brasileiras, juventude e religião, mídia e religião, turismo religioso, festas, terapêuticas alternativas, Estratégia Saúde da Família, saúde e religião em quilombos.","Fatima Regina Gomes Tavares é uma renomada pesquisadora brasileira, atuante na área de Antropologia, vinculada à Universidade Federal da Bahia. Com uma sólida formação acadêmica, Fatima obteve seu grau de graduação em Ciências Sociais na Universidade Federal do Rio de Janeiro, seguido por um mestrado e doutorado em Sociologia e Antropologia, respectivamente, na mesma instituição. Sua trajetória educacional culminou com um estágio de doutorado na renomada École des Haute Études en Sciences Sociales, em Paris, entre 1996 e 1997. \n\nDesde então, a pesquisadora tem desempenhado um papel fundamental no campo acadêmico, transitando por diferentes instituições de ensino e pesquisa. Em 1999, ingressou no Programa de Pós-Graduação em Ciência da Religião da UFJF, onde também atuou no Programa de Pós-Graduação em Ciências Sociais a partir de 2005. Em 2009, foi redistribuída para a Universidade Federal da Bahia, onde atualmente ocupa o cargo de Professora Titular no Departamento de Antropologia e Etnologia.\n\nAo longo de sua carreira, Fatima tem se destacado por suas pesquisas na interseção entre religião e saúde, religião e espaço público, campo religioso brasileiro e redes de cuidado em quilombos. Sua atuação se estende a diversos temas, como novas religiosidades, movimento nova era, religiões afro-brasileiras, juventude e religião, mídia e religião, turismo religioso, festas, terapêuticas alternativas, Estratégia Saúde da Família e saúde e religião em quilombos.\n\nComo líder em grupos de pesquisa, Fatima co-coordena o Grupo de Pesquisa Observabaía (Observatório de Riscos e Vulnerabilidades Socioambientais da Bahia de Todos os Santos) e o Grupo Encruzilhada de Saberes: Cultura, Corpo e Ambiente. Além disso, possui vínculo com o Programa de Pós-Graduação em Antropologia, onde contribui significativamente para a formação de novos pesquisadores e a produção de conhecimento na área.\n\nEm termos de produção bibliográfica, Fatima Regina Gomes Tavares tem se destacado por suas contribuições recentes, como o livro \Das Receitas E Rezas Quilombolas\"", publicado em 2025, e artigos como \""Dinâmicas Religiosas Em Salvador E Na Baía De Todos Os Santos Notas Sobre O Censo De 2022\"" e o capítulo de livro \""Religião, Hibridismos E Margens Na Vida E Na Pesquisa\"", ambos publicados em 2024.\n\nNo que diz respeito a projetos de fomento e bolsas recebidos, destaca-se a sua participação no Programa de Fomento em Produtividade em Pesquisa - nível 2, demonstrando o reconhecimento de suas contribuições científicas e a relevância de suas pesquisas na comunidade acadêmica.\n\nEm suma, Fatima Regina Gomes Tavares é uma pesquisadora dedicada e proeminente, cujo trabalho incansável na área da Antropologia tem contribuído significativamente para o avanço do conhecimento científico, com foco especial nas dinâmicas religiosas e de cuidado em comunidades diversas. Sua atuação em programas de pós-graduação, liderança em grupos de pesquisa e participação em projetos de fomento demonstram seu engajamento constante e relevância no cenário acadêmico atual.""",65,13,43,0,0,0,3,47,1,48,https://openalex.org/A5086112038,A+,
830e469e-9bb0-45ba-a5f7-a313e53ca2a1,Milena Botelho Pereira Soares,F,3526964931609975,K4721285Z5,0000-0001-7549-2992,Doutorado,CIENCIAS BIOLOGICAS,,Imunologia e interação hospedeiro-patógeno,medicina de precisão; imunopatologia e imunomodulação; terapias avançadas,Salvador,"Fundação Oswaldo Cruz - Instituto Gonçalo Moniz, Fiocruz Bahia",FIOCRUZ-BA,"Possui graduação em Ciências Biológicas (bacharelado em genética) pela Universidade Federal do Rio de Janeiro (1990) e doutorado em Ciências Biológicas (Biofísica) pela Universidade Federal do Rio de Janeiro (1997). Realizou doutorado sanduíche na Harvard University-EUA (1992-1996). Atualmente é Pesquisadora Titular da Fundação Oswaldo Cruz/BA e Coordenadora do Laboratório de Engenharia Tecidual e Imunofarmacologia (LETI). É Professora Titular do Instituto Tecnológico em Saúde do Senai/Cimatec. É sócia-fundadora e foi presidente da Associação Brasileira de Terapia Celular e Gênica (ABTCEL-GEN). Membro da Câmara de Assessoramento Técnico da ANVISA na área de terapias avançadas. É sócia da International Society for Stem Cell Research (ISSCR) e da International Society for Cell and Gene Therapy (ISCT), da qual foi vice-presidente regional das Américas Central e do Sul. É Membro Titular da Academia Brasileira de Ciências (ABC) da Academia de Ciências da Bahia e da TWAS (The World Academy of Sciences). Foi membro do Conselho Estadual de Saúde da Bahia (2021-2023) e do Conselho Técnico Científico (CTC) do Instituto Evandro Chagas, , e é atualmente membro titular da Comissão Nacional de Biossegurança (CTNBio), do Conselho Nacional de Controle de Experimentação Animal (CONCEA) e do Conselho Deliberativo do IGM/FIOCRUZ. É membro do INCT de terapia gênica (INTERGEN) e vice-coordenadora do INCT de Multiômica Aplicada à Saúde de Precisão (IMASP). Tem experiência nas áreas de Imunologia, farmacologia e medicina regenerativa, atuando principalmente nos seguintes temas: medicina de precisão, imunopatologia e imunomodulação, terapias avançadas, células-tronco, vacinas de RNA, testes diagnósticos e farmacologia de produtos naturais e sintéticos.","Milena Botelho Pereira Soares é uma Pesquisadora Titular na Fundação Oswaldo Cruz, atuando no Instituto Gonçalo Moniz em Fiocruz Bahia. Com formação em Ciências Biológicas, ela obteve seu grau de doutorado em Biofísica pela Universidade Federal do Rio de Janeiro, complementando sua pesquisa com um doutorado sanduíche na Harvard University, nos Estados Unidos. \n\nAo longo de sua carreira, Milena demonstrou um compromisso excepcional com a pesquisa e a inovação, sendo reconhecida por suas contribuições significativas nas áreas de imunologia, farmacologia e medicina regenerativa. Sua expertise abrange questões de medicina de precisão, imunopatologia e imunomodulação, terapias avançadas, células-tronco, vacinas de RNA, testes diagnósticos e farmacologia de produtos naturais e sintéticos.\n\nAlém de seu papel como Pesquisadora Titular na Fiocruz, Milena também atua como Coordenadora do Laboratório de Engenharia Tecidual e Imunofarmacologia (LETI) e como Professora Titular no Instituto Tecnológico em Saúde do Senai/Cimatec. Sua dedicação e leadership são evidenciados por seu envolvimento em diversas associações científicas, incluindo a Associação Brasileira de Terapia Celular e Gênica (ABTCEL-GEN), a International Society for Stem Cell Research (ISSCR), e a International Society for Cell and Gene Therapy (ISCT), onde ela foi vice-presidente regional das Américas Central e do Sul.\n\nEm termos de sua formação educacional, Milena completou sua graduação em Ciências Biológicas com ênfase em Genética na Universidade Federal do Rio de Janeiro, antes de prosseguir para seu doutorado em Biofísica. Sua trajetória acadêmica foi marcada por um sólido compromisso com a excelência na pesquisa e na educação, preparando-a para se tornar uma figura destacada no cenário científico nacional e internacional.\n\nNo que diz respeito às suas contribuições científicas mais recentes, Milena tem cimentado sua reputação como uma pesquisadora prolífica e inovadora. Seus artigos mais recentes incluem estudos sobre os efeitos anti-inflamatórios e antinociceptivos do óleo essencial de Mimosa Gemmulata, a investigação da segurança e dos mecanismos imunomoduladores do 7-hidroxi flavona, e o papel das vesículas extracelulares derivadas de células mesenquimais da medula óssea na neuropatia diabética, promovendo antinocicepção. Essas contribuições destacam sua capacidade de abordar questões científicas complexas e de relevância para a sociedade.\n\nMilena também desempenha funções ativas em programas de pós-graduação, incluindo Biotecnologia em Saúde e Medicina Investigativa e Patologia Humana na UFBA e Fiocruz. Sua liderança no grupo de pesquisa de Engenharia Tecidual e Imunofarmacologia é um reflexo de seu compromisso em promover a excelência na pesquisa e orientação acadêmica.\n\nPor fim, é importante mencionar o apoio financeiro que Milena recebeu ao longo de sua carreira, incluindo a Modalidade de Produtividade em Pesquisa 1A. Esses projetos de fomento são fundamentais para o desenvolvimento contínuo de suas pesquisas inovadoras e para a formação de novos pesquisadores na área.\n\nEm resumo, Milena Botelho Pereira Soares é uma pesquisadora renomada e respeitada, cuja trajetória acadêmica e profissional exemplifica seu compromisso com a excelência científica e a inovação na área de Ciências Biológicas. Suas contribuições significativas, liderança em grupos de pesquisa e participação ativa em programas de pós-graduação destacam-na como uma figura proeminente no cenário científico nacional e internacional.",438,2,8,3,0,0,60,13797,294,586,https://openalex.org/A5032577557,A+,
83210025-0c3d-48aa-a56d-9c3108e472b0,Neci Matos Soares,F,3874399333017990,K4782071Y8,0000-0003-1409-9884,Pós-Doutorado,,CIENCIAS BIOLOGICAS;CIENCIAS DA SAUDE,,"Imunopatogênese, diagnóstico e epidemiologia de doenças parasitárias",Salvador,Universidade Federal Da Bahia,UFBA,"Possui graduação em Farmácia e Bioquímica pela Universidade Federal da Bahia (1984) e Doutorado em Biologia Celular e Molecular, pela Fundação Oswaldo Cruz (1996), Rio de Janeiro, na área de concentração em imunologia. Pós-doutorado pela Universidade nova de Lisboa, faculdade de Ciências e Tecnologia, Lisboa, Portugal (2022).  Professora Titular da Universidade Federal da Bahia, Faculdade de Farmácia, Bolsista de Produtividade em Pesquisa do CNPq - nível 2. Desenvolve projetos de pesquisa nas linhas de diagnostico parasitológico, imunológico e molecular das doenças parasitárias, com ênfase na estrongiloidíase, além de estudos em imunopatologia da infecção por Strogyloides stercoralis e Leishmania. Professora de Graduação do Curso de Farmácia e Professora Permanente dos Programas de Pós-Graduação Processos Interativos de Órgãos e Sistemas, UFBA, e da Pós-Graduação em Farmácia da UFBA","Neci Matos Soares é uma pesquisadora renomada, com vasta experiência na área de Parasitologia, atuando como Professora Titular na Faculdade de Farmácia da Universidade Federal da Bahia. Com graduação em Farmácia e Bioquímica pela mesma instituição em 1984, Neci prosseguiu seus estudos obtendo seu Doutorado em Biologia Celular e Molecular na Fundação Oswaldo Cruz, em 1996, com foco em imunologia.\n\nAo longo de sua carreira, Neci realizou um Pós-Doutorado na Universidade Nova de Lisboa, em Portugal, em 2022, ampliando ainda mais sua expertise em pesquisa. Sua atuação se destaca em projetos de pesquisa que abrangem o diagnóstico parasitológico, imunológico e molecular de doenças parasitárias, com ênfase na estrongiloidíase, bem como estudos em imunopatologia das infecções por Strogyloides stercoralis e Leishmania.\n\nAlém de seu papel como docente no curso de Farmácia, Neci é também Professora Permanente nos Programas de Pós-Graduação em Processos Interativos de Órgãos e Sistemas e em Farmácia, demonstrando seu comprometimento com a formação de novos pesquisadores e a expansão do conhecimento científico em sua área de atuação.\n\nEm termos de produção científica, Neci Matos Soares tem contribuído significativamente para a área, com publicações recentes como \Evaluation Of A Multiplex Bead Assay For Strongyloides Stercoralis Diagnosis Using The Recombinant Antigen Rss-Nie-1\"", \""Serological Survey For Toxoplasma Gondii Infection In Two Riverside Communities In Northeastern Brazil\"", e \""Strongyloides Stercoralis Infection Alters Liver Enzyme Levels In Alcoholic Patients\"". Estes artigos refletem sua dedicação em investigar aspectos relevantes da parasitologia e em compartilhar os resultados de suas pesquisas com a comunidade científica.\n\nSua liderança se faz presente no Grupo de Pesquisa em Imunopatogênese, diagnóstico e epidemiologia de doenças parasitárias, onde Neci orienta e colabora com outros pesquisadores na busca por soluções inovadoras para os desafios enfrentados nesse campo de estudo. Além disso, sua participação ativa em programas de pós-graduação evidencia seu papel como mentora e incentivadora do desenvolvimento acadêmico de seus alunos.\n\nNeci também recebeu apoio institucional relevante ao longo de sua carreira, como a bolsa de Produtividade em Pesquisa do CNPq - nível 2, que reconhece sua produtividade e impacto na área científica, assim como programas de fomento que possibilitam a continuidade e expansão de suas pesquisas.\n\nEm suma, Neci Matos Soares é uma pesquisadora dedicada, com uma trajetória acadêmica sólida, projetos de pesquisa inovadores e contribuições significativas para o avanço do conhecimento em Parasitologia. Sua atuação como docente, orientadora e líder de pesquisa a coloca como uma figura de destaque na comunidade científica, sendo reconhecida por sua excelência e comprometimento com a ciência.""",68,0,1,0,0,0,18,1104,31,83,https://openalex.org/A5081718122,A,
83fe0a3f-b7d0-4754-a4b2-c87c52f5e6c4,Livia Marcia Tiba Radis Baptista,F,7561615314390584,K4771500A6,0000-0001-7137-5473,Pós-Doutorado,LINGUISTICA LETRAS E ARTES,,Linguística e estudos da linguagem,"formação de professores de espanhol, com foco em questões identitárias; português com foco em contextos de migração e situação de refúgio; estudos decoloniais, contra-coloniais e pós-coloniais",Salvador,Universidade Federal Da Bahia,UFBA,"Possui Graduação em Letras (Português-Espanhol) pela Universidade de São Paulo (1991), Mestrado em Letras (Língua Espanhola e Lit. Espanhola e Hispano-Americ.) pela Universidade de São Paulo (1998), Mestrado em Educação pela Universidade de São Paulo (2004), Doutorado em Linguística pela Universidade Estadual de Campinas (2005) e Pós-Doutorado pela Pompeu Fabra, Barcelona (2009). Professora titular da Universidade Federal da Bahia (UFBA). Foi professora efetiva da Universidade Federal do Ceará (2003-2015). Atua no Programa de Pós-Graduação em Língua e Cultura (PPGLinc/UFBA) e no curso de Letras do Instituto de Letras da UFBA. Foi orientadora pedagógica de espanhol do NUPEL (Núcleo Permanente de Extensão em Letras). Bolsista de Produtividade em Pesquisa do CNPq.Tem experiência na área de Linguística, Linguística Aplicada, Análise do discurso e Educação, atuando principalmente nos seguintes temas: formação de professores de espanhol, com foco em questões identitárias; português com foco em contextos de migração e situação de refúgio; estudos decoloniais, contra-coloniais e pós-coloniais;  pedagogias decoloniais e contra-coloniais no Sul Global; linguagens e educação: questões de gênero e étnico-raciais;  abordagens críticas, decoloniais e translíngues no ensino de línguas (espanhol e português) e na formação de professores de línguas e pesquisa em netnografia. Orienta em nível de Iniciação científica, Mestrado e Doutorado. Integrou o Mestrado Profissional (ProfLetras/UFC)  e o Mestrado Interinstitucional (UFC/UFMA) e o Doutorado Interinstitucional (UFC/UFMA), na UFC.Foi bolsista da AECDI nos anos de 1995 e 2009. É autora e coautora de materiais didáticos impressos e digitais. Líder do Grupo de Pesquisa do CNPq DECOLIDE - Decolonialidade, Linguagem, Identidade e Educação. Membro do Comitê do PIBIC de Linguística, Letras e Artes.Assumiu a Chefia de Departamento (10/2006-10/2008), de Coordenação do Programa de Pós-graduação em Linguística (10/2011-10/2012) e o de Coordenação do Curso de Letras Espanhol (08/2010-10/2011).Fez parte da Comissão Assessora Português e Espanhol do Enade  e da Comissão de análise de materiais digitais (MEC).Professora visitante na Universidade Autônoma da Baixa Califórnia e da Universidade Autônoma Benito Juárez de Oaxaca México, em 2019, investigando perspectivas críticas e decoloniais da linguagem no Brasil e no México, com ênfase em questões que envolvem decolonialidade, formação docente, linguagens, discurso e educação. Professora visitante na Universidade Pompeu Fabra, em Barcelona, com foco em multiletramentos.Vice-presidenta da Associação Brasileira de Hispanistas (2024-206). Vice-presidenta da Associação de Professores de Espanhol do Estado da Bahia (2024-2027).  Membro do GT Anpoll Práticas identitárias em Linguística Aplicada. Missão acadêmica-científica (2025-2026) na Pontifícia Universidade Javeriana de Bogotá, na Colômbia, e na Universidade Nacional Autónoma do México, na Cidade do México, no México.","Livia Marcia Tiba Radis Baptista é uma pesquisadora reconhecida na área de Linguística, Letras e Artes, atuando como professora titular na Universidade Federal da Bahia (UFBA), com uma vasta trajetória acadêmica e profissional. Graduada em Letras (Português-Espanhol) pela Universidade de São Paulo em 1991, Livia possui ainda um Mestrado em Letras pela mesma instituição, com ênfase em Língua Espanhola e Literatura Espanhola e Hispano-Americana, concluído em 1998. Além disso, ela obteve um segundo Mestrado em Educação pela USP, em 2004, e um Doutorado em Linguística pela Universidade Estadual de Campinas, em 2005, seguido por um Pós-Doutorado na Pompeu Fabra, em Barcelona, em 2009.\n\nAo longo de sua carreira, Livia Marcia Tiba Radis Baptista passou por diversas instituições, sendo professora efetiva na Universidade Federal do Ceará de 2003 a 2015, antes de assumir sua posição na UFBA. Sua atuação acadêmica abrange o campo da Linguística, Linguística Aplicada, Análise do Discurso e Educação, com foco em temas como formação de professores de espanhol, questões identitárias, português em contextos de migração e situação de refúgio, estudos decoloniais e pedagogias decoloniais e contra-coloniais no Sul Global, entre outros.\n\nComo líder do Grupo de Pesquisa do CNPq \Decolide - Decolonialidade, Linguagem, Identidade e Educação\"", Livia participa ativamente da produção acadêmica recente, com destaque para publicações como \""Language Teaching And Other Pedagogies In The Context Of Migration And Refugee Situations In Brazil: The Role Of Civil Society Organizations\"" (2025), \""Nas Trilhas Da Experiência: Contribuições Da Extensão Para O Ensino De Português À População Migrante Na UFBA\"" (2025) e \""O Português Como Caminho De (re) Existência No Contexto Sul-Sul: Relato De Um Curso De Extensão Voltado Para A População Migrante\"" (2025), todos em formato de capítulos de livros.\n\nIntegrando o Programa de Pós-Graduação em Língua e Cultura (PPGLinc/UFBA), Livia colabora ativamente com a formação de academia de alto nível, orientando estudiantes desde a Iniciação Científica até o Doutorado. Sua liderança em grupos de pesquisa e a participação em comitês acadêmicos, como o Comitê do PIBIC de Linguística, Letras e Artes, demonstram seu compromisso com a promoção da pesquisa e do ensino de qualidade.\n\nAlém disso, seu engajamento em projetos de fomento, como a Bolsa de Produtividade em Pesquisa do CNPq, evidencia o reconhecimento de sua contribuição científica e o apoio institucional à sua atuação na área. Com uma missão acadêmica-científica programada para a Pontifícia Universidade Javeriana de Bogotá e a Universidade Nacional Autónoma do México, Livia continua expandindo seus horizontes e colaborando internacionalmente para o avanço do conhecimento em sua área de expertise.\n\nEm suma, a trajetória de Livia Marcia Tiba Radis Baptista reflete um comprometimento sólido com a pesquisa, o ensino e a formação acadêmica, destacando-se não apenas por sua produção científica relevante, mas também por sua atuação em projetos de fomento, liderança em grupos de pesquisa e colaborações internacionais que enriquecem o campo da Linguística e áreas correlatas.""",42,22,47,0,0,0,2,23,0,42,https://openalex.org/A5072520520,E,
845630f9-93c1-4c43-8e2e-7d58f8557522,Renata Santiago Alberto Carlos,F,6880628732045924,K4755208P7,0000-0001-7879-1824,Doutorado,CIENCIAS AGRARIAS,,Sanidade animal,,Ilhéus,Universidade Estadual De Santa Cruz,UESC,"Concluiu o curso de graduação em Medicina Veterinária pela Universidade Federal Rural do Rio de Janeiro (UFRRJ) em 1997; realizou mestrado em Medicina Veterinária área de Cirurgia e Clínica veterinária na Universidade Federal Fluminense em 2005;   doutorado em Ciências Veterinárias pela UFRRJ em 2010 com área de concentração em Epidemiologia animal. Possui especialização em Clínica Médica de Pequenos Animais pela Universidade Estácio de Sá (UNESA). É bolsista de Produtividade em Pesquisa (CNPq), nível C. Ingressou na carreira universitária em 2011 e atualmente é professora Plena na disciplina de Clinica de Pequenos Animais  no Departamento de Ciências Agrárias e Ambientais  da Universidade Estadual de Santa Cruz. É Membro docente permanente do programa de Pós-Graduação em Ciência Animal - PPGCA (mestrado e doutorado) da UESC. Atuou como coordenadora do PPGCA pelo período  de  2017 a 2020. Participa de dois projetos de pesquisa :  O INCT- PA, de inovação em Parasitologia Animal  com rede de pesquisa e colaborativa visando saúde humana e animal (período  de 2025  atualmente); e INCT - Negli_One (período 2025  atualmente) com rede de pesquisa colaborativa em estudos avançados em doenças negligenciadas no contexto de Uma Só Saúde no nordeste brasileiro. Participa de projetos de pesquisa sob a forma de parceria publico-privada, avaliando eficácia de medicamentos endo e ectoparasiticidas. É uma das pesquisadoras referência em pesquisa sobre tungíase, no Brasil, uma zoonose  negligenciada, com publicações de artigos sobre tratamento e eficácia de medicamentos, investigação de Tunga penetrans em gatos, galinhas e no ambiente e conhecimentos e práticas de veterinários com relação à tungíase, visando uma abordagem que engloba a saúde animal, humana e ambiental , numa abordagem one health. Tem experiência de mais de 20 anos em oftalmologia, atuando e coordenando projetos também com essa temática.","Renata Santiago Alberto Carlos é uma pesquisadora brasileira com vasta experiência na área de Ciências Agrárias, atuando como professora Plena no Departamento de Ciências Agrárias e Ambientais da Universidade Estadual de Santa Cruz (UESC). Sua formação acadêmica inclui um Doutorado em Ciências Veterinárias pela Universidade Federal Rural do Rio de Janeiro (2006-2010), um Mestrado em Medicina Veterinária com ênfase em Cirurgia e Clínica Veterinária pela Universidade Federal Fluminense (2004-2005) e uma Especialização em Clínica Médica de Pequenos Animais pela Universidade Estácio de Sá (2002-2003). Renata também é graduada em Medicina Veterinária pela Universidade Federal Rural do Rio de Janeiro (1992-1997).\n\nCom mais de 20 anos de experiência na área de oftalmologia e pesquisa em Clínica de Pequenos Animais, Renata tem se destacado na investigação de zoonoses negligenciadas, como a tungíase, e na promoção da abordagem One Health, que considera a interconexão entre saúde animal, humana e ambiental. Além disso, sua atuação em projetos de parceria público-privada para avaliação da eficácia de medicamentos endo e ectoparasiticidas demonstra seu compromisso com a saúde animal e a colaboração interdisciplinar.\n\nRenata é membro docente permanente do programa de Pós-Graduação em Ciência Animal da UESC, contribuindo ativamente para a formação de novos pesquisadores nesta área. Além disso, ela coordenou o programa de 2017 a 2020, demonstrando sua liderança e capacidade de gerenciamento acadêmico.\n\nEm relação às suas produções científicas mais recentes, Renata tem se dedicado a temas como dor aguda em gatos, avaliação de parasitas zoonóticos em áreas esportivas de areia no Brasil e a emergência de Dirofilaria immitis em zonas costeiras úmidas. Essas publicações demonstram a diversidade de interesses de pesquisa de Renata e sua contribuição para a compreensão e enfrentamento de questões relevantes para a saúde pública e animal.\n\nComo bolsista de Produtividade em Pesquisa do CNPq, nível C, Renata recebe apoio institucional para desenvolver suas investigações e contribuir para a produção científica nacional. Além disso, ela participa ativamente de projetos de pesquisa inovadores, como o INCT-PA e o INCT-Negli_One, que buscam avançar no conhecimento sobre parasitologia animal e doenças negligenciadas no contexto da Saúde Única.\n\nEm resumo, Renata Santiago Alberto Carlos é uma pesquisadora dedicada e engajada, com uma trajetória acadêmica sólida e uma atuação significativa na área de Ciências Agrárias. Suas contribuições científicas recentes, sua participação em programas de pós-graduação e sua liderança em projetos de pesquisa demonstram seu compromisso com a excelência acadêmica e a promoção da saúde e bem-estar animal e humano.",71,0,0,0,0,0,1,1,0,1,https://openalex.org/A5133707303,A+,
85043363-5575-4cba-973e-64ee789a8f73,Rosa Gabriella De Castro Gonçalves,F,1080635385879533,K4702141J6,,Pós-Doutorado,CIENCIAS HUMANAS;LINGUISTICA LETRAS E ARTES,,Artes e processos de criação,crítica; arte moderna; formalismo,Salvador,Universidade Federal Da Bahia,UFBA,"Professora Titular do Departamento de História da Arte e Pintura da Escola de Belas Artes da UFBA  e Bolsista de Produtividade do CNPQ. Possui graduação em Comunicação Visual pela Fundação Armando Álvares Penteado (FAAP), graduação, mestrado e doutorado em Filosofia pela Universidade de São Paulo. Realizou estágio pós-doutoral no Departamento de Arte e História da Arte da Universidade de Stanford. Foi coordenadora do Programa de Pós-Graduação em Artes Visuais da Universidade Federal da Bahia entre 2013 e 2017. Em 2016 publicou o livro Kant, Greenberg e a questão do formalismo na arte. Tem experiência na área de Artes, com ênfase em Fundamentos e Crítica das Artes, atuando principalmente nos seguintes temas: crítica, arte moderna, formalismo, arte contemporânea e pintura. Foi líder do GT de Estética da ANPOF no biênio 2020/2022. É membro da Diretoria da Associação Brasileira de Estética desde 2020.","Rosa Gabriella De Castro Gonçalves é Professora Titular do Departamento de História da Arte e Pintura da Escola de Belas Artes da Universidade Federal da Bahia (UFBA) e Bolsista de Produtividade do CNPQ. Sua formação acadêmica inclui graduação em Comunicação Visual pela Fundação Armando Álvares Penteado (FAAP), mestrado, doutorado e estágio pós-doutoral em Filosofia pela Universidade de São Paulo, além de uma experiência de pesquisa no Departamento de Arte e História da Arte da Universidade de Stanford.\n\nAo longo de sua carreira, Rosa Gabriella tem se destacado na área de Artes, com ênfase em Fundamentos e Crítica das Artes, atuando principalmente em temas como crítica, arte moderna, formalismo, arte contemporânea e pintura. A pesquisadora foi coordenadora do Programa de Pós-Graduação em Artes Visuais da UFBA de 2013 a 2017, demonstrando sua habilidade em liderança acadêmica.\n\nAlém disso, Rosa Gabriella é líder do GT de Estética da ANPOF no biênio 2020/2022 e membro da Diretoria da Associação Brasileira de Estética desde 2020, o que evidencia seu engajamento e contribuição para o desenvolvimento da área de Estética no Brasil.\n\nEm relação à sua trajetória educacional, a pesquisadora possui uma sólida formação acadêmica, com destaque para seu doutorado em Filosofia pela Universidade de São Paulo, concluído entre 2001 e 2006, e seu estágio pós-doutoral na Universidade de Stanford. Sua formação interdisciplinar, que combina Comunicação Visual com Filosofia, contribui para sua abordagem ampla e crítica no campo das Artes.\n\nRecentemente, Rosa Gabriella tem se destacado por suas produções científicas, como os artigos \Mundos Sem Bordas\"", \""Contribuições Da Estética De Kant Para As Teorias Da Arte Moderna\"" e \""Anacronismo E História Da Arte. Cruzamentos Entre Estética, Teoria Da Arte E Antropologia\"", todos publicados em 2025. Essas publicações refletem o interesse da pesquisadora por temas atuais e relevantes no campo das Artes, demonstrando sua constante contribuição para o avanço do conhecimento nessa área.\n\nNo contexto acadêmico, Rosa Gabriella está vinculada a programas de pós-graduação em Filosofia e Artes Visuais, o que evidencia sua atuação interdisciplinar e sua capacidade de dialogar com diferentes áreas do conhecimento. Sua participação em programas de pós-graduação mostra seu compromisso com a formação de novos pesquisadores e sua atuação como orientadora e mentora na academia.\n\nPor fim, em relação a projetos de fomento e bolsas recebidos, a pesquisadora foi contemplada com a modalidade de Produtividade em Pesquisa - 2 pelo CNPQ, destacando-se pela sua produtividade científica e pela relevância de suas pesquisas para a comunidade acadêmica.\n\nEm suma, Rosa Gabriella De Castro Gonçalves se destaca como uma pesquisadora atuante e influente na área de Artes, com uma sólida formação acadêmica, produção científica relevante e participação ativa em programas de pós-graduação e associações acadêmicas. Sua trajetória demonstra um compromisso constante com a pesquisa e a formação de novos pesquisadores, contribuindo de forma significativa para o avanço do conhecimento no campo das Artes.""",16,4,8,0,0,0,0,0,0,0,,A+,
87a7bdf0-f5dd-4260-aa9f-009f8c5d5964,Elaine Christine De Magalhães Cabral Albuquerque,F,1624091546521389,K4795663A2,0000-0002-3472-9129,Pós-Doutorado,ENGENHARIAS,,Processos industriais e engenharia química,produção de Lipossomas; Micro / Nanoesferas poliméricas; Produção de filmes poliméricos,Salvador,Universidade Federal Da Bahia,UFBA,"Possui graduação em Engenharia Química pela Universidade Federal de Alagoas (1997), mestrado (2000) e doutorado (2005) em Engenharia Química na área de concentração Desenvolvimento de Processos Biotecnológicos pela Universidade Estadual de Campinas - UNICAMP. Foi pesquisadora PRODOC/DCR na Universidade Federal da Bahia no periodo de 2006 a 2009, onde ajudou a implantar e consolidar a linha de pesquisa em sistemas de liberação lenta e controlada (drug delivery systems - DDS). É lider do grupo de Pesquisa BIOTECNAN (www.biotecnan.ufba.br). Foi coordenadora do curso de graduação em Engenharia Química de 2012 a 2014 e foi coordenadora acadêmica do programa de pós graduação em Engenharia Industrial (PEI-UFBA) de 2018 a agosto de 2021. Faz parte dos Programas de Pós graduação em Engenharia Industrial e do Programa de pós graduação em Energia e Ambiente. Orientou mais de 70 alunos de graduação e pós graduação. Atualmente é professora Titular da Universidade Federal da Bahia e tem experiência na área de Engenharia Química, com ênfase em Bionanotecnologia, atuando principalmente nos seguintes temas: produção de Lipossomas, Micro / Nanoesferas poliméricas, Produção de filmes poliméricos, Nanoemulsões, Hidrogéis contendo Bioativos de Plantas da Biodiversidade do Nordeste Brasileiro, além de Processos Fermentativos usando resíduo agrícola/industrial como MP.","Elaine Christine De Magalhães Cabral Albuquerque é uma renomada pesquisadora na área de Engenharia Química, atualmente atuando como professora Titular na Universidade Federal da Bahia (UFBA). Com uma sólida trajetória acadêmica, Elaine obteve sua graduação em Engenharia Química na Universidade Federal de Alagoas em 1997, seguindo-se de um mestrado e doutorado em Engenharia Química com ênfase em Desenvolvimento de Processos Biotecnológicos pela Universidade Estadual de Campinas (UNICAMP) nos anos 2000 e 2005, respectivamente.\n\nAo longo de sua carreira, Elaine contribuiu significativamente para o avanço da Bionanotecnologia, com foco em áreas como produção de Lipossomas, Micro / Nanoesferas poliméricas, filmes poliméricos, nanoemulsões, hidrogéis contendo bioativos de plantas da biodiversidade do Nordeste Brasileiro, e processos fermentativos utilizando resíduos agrícolas/industriais como matéria-prima. Sua expertise nesta área a levou a liderar o grupo de pesquisa BIOTECNAN na UFBA, além de orientar mais de 70 alunos de graduação e pós-graduação ao longo de sua carreira.\n\nAlém de sua atuação como pesquisadora e professora, Elaine desempenhou importantes funções de liderança acadêmica, sendo coordenadora do curso de graduação em Engenharia Química de 2012 a 2014 e coordenadora acadêmica do programa de pós-graduação em Engenharia Industrial (PEI-UFBA) de 2018 a agosto de 2021. Sua presença marcante nos Programas de Pós-Graduação em Energia e Ambiente e Engenharia Industrial evidencia seu comprometimento com a formação de novos pesquisadores e a disseminação do conhecimento científico em sua área de atuação.\n\nEm termos de produção científica recente, Elaine destacou-se com artigos como \Innovative Peptide Formulations For Cardiovascular Diseases Using Supercritical Co2: A Comprehensive Review And Potential Applications,\"" \""Advances In Recombinant Protein Bioprocessing: Integrating Technological Innovation And Environmental Sustainability,\"" e \""Biopolymeric Microcapsules Containing Different Concentrations Of Sodium Silicate As Admixture In Cement Pastes For Autonomous Self-Healing,\"" todos publicados em 2026, demonstrando seu contínuo envolvimento em pesquisas inovadoras e de relevância para diversas áreas da Engenharia Química.\n\nNo que diz respeito ao apoio institucional, Elaine foi contemplada com a Bolsa de Produtividade em Pesquisa - C, demonstrando não apenas sua competência acadêmica, mas também o reconhecimento de seus pares e instituições quanto à qualidade e relevância de sua produção científica.\n\nPor meio de sua vasta experiência, liderança em pesquisa e inúmeras contribuições para a ciência, Elaine Christine De Magalhães Cabral Albuquerque destaca-se como uma figura proeminente e inspiradora no campo da Engenharia Química, deixando um legado de excelência e inovação para as futuras gerações de cientistas e pesquisadores.""",59,0,5,3,0,0,19,1276,30,68,https://openalex.org/A5056223017,A+,
880c5b92-15f2-4e70-adf1-24c688f18aea,Suzane Lima Costa,F,7385110672248802,K4776926A5,0000-0002-8000-7098,Pós-Doutorado,,CIENCIAS HUMANAS;LINGUISTICA LETRAS E ARTES,,NEAI - Núcleo de Estudos das Produções Autorais dos Povos Indígenas,Salvador,Universidade Federal Da Bahia,UFBA,"Professora do Instituto de Letras (UFBA) com atuação no Programa de Pós-graduação em Literatura e Cultura (UFBA). Mestra e Doutora em Letras  pela Universidade Federal da Bahia (UFBA). Coordena o Núcleo de Estudos das Produções Autorais dos Povos Indígenas (NEAI - UFBA), desenvolvendo pesquisas sobre literaturas e outras artes indígenas, com enfoque na investigação de cartas, diários, imagens e (auto)biografias. Elaborou o portal de cartas escritas por povos indígenas ao Brasil https://cartasindigenasaobrasil.com.br  (CNPq) e organizou o livro Cartas para o bem viver (2020). Atualmente, trabalha na criação do livro-exposição As novas cartas do Brasil (CNPq).","Doutora em Letras pela Universidade Federal da Bahia (UFBA) e atualmente Professora do Instituto de Letras da mesma instituição, Suzane Lima Costa é uma pesquisadora atuante no Programa de Pós-Graduação em Literatura e Cultura. Com ampla experiência acadêmica e uma trajetória sólida em estudos literários, ela se destaca por seu envolvimento nas investigações das produções autorais dos povos indígenas.\n\nSuzane Lima Costa coordenou o Núcleo de Estudos das Produções Autorais dos Povos Indígenas (NEAI) na UFBA, um grupo dedicado à pesquisa e análise das literaturas e artes indígenas, com foco especial na análise de cartas, diários, imagens e (auto)biografias. Seu trabalho de pesquisa inclui o desenvolvimento de projetos fundamentais, como o portal de cartas escritas por povos indígenas ao Brasil, além de ter organizado o livro \Cartas para o bem viver\"" em 2020 e estar envolvida na elaboração do livro-exposição \""As novas cartas do Brasil\"", financiado pelo CNPq.\n\nEm termos acadêmicos, Suzane possui um extenso portfólio de produções bibliográficas recentes, incluindo artigos acadêmicos, capítulos de livros e textos em jornais e revistas. Destaca-se o artigo \""Becoming Subjects Together: Reflections On Co-Creating Knowledge With Indigenous Peoples\"", publicado em 2026, que reflete sua abordagem colaborativa na construção do conhecimento com os povos indígenas. Além disso, trabalhos como \""Quando Indígenas Escrevem Cartas\"" e \""A Retomada Estética, Política E Histórica Dos Povos Indígenas\"" demonstram o compromisso de Suzane com a ampliação e valorização das vozes indígenas na esfera literária e cultural.\n\nNo âmbito acadêmico, Suzane Costa está ligada ao Programa de Pós-Graduação em Literatura e Cultura da UFBA, onde contribui de forma significativa para a formação e orientação de estudantes de mestrado e doutorado. Além disso, sua liderança no NEAI evidencia seu papel de destaque na promoção e desenvolvimento de pesquisas na área de Letras, com enfoque nas produções literárias dos povos indígenas.\n\nNo que diz respeito ao apoio institucional e financiamento de suas pesquisas, Suzane recebeu o reconhecimento através de uma bolsa de Produtividade em Pesquisa - 2, indicando sua relevância e produtividade no campo acadêmico. Esses apoios institucionais são essenciais para o avanço e continuidade de suas investigações, garantindo a continuidade de suas contribuições para o campo das Letras e da Cultura.\n\nEm resumo, Suzane Lima Costa é uma pesquisadora dedicada e comprometida com o estudo das produções autorais dos povos indígenas, cujo trabalho reflete um profundo engajamento acadêmico e um olhar sensível para as vozes e narrativas marginalizadas. Sua atuação no campo da literatura e cultura indígena contribui significativamente para a ampliação e diversificação do conhecimento acadêmico, sendo uma figura de destaque na promoção da diversidade e inclusão no meio acadêmico.""",24,4,20,0,0,0,2,15,0,19,https://openalex.org/A5040098185,E,
8e82eec3-1a6f-4645-bb8a-d6a54b613c4a,Cristiane Flora Villarreal,F,1772671211614750,K4794956E5,0000-0002-0113-7864,Pós-Doutorado,CIENCIAS BIOLOGICAS,,Biotecnologia,Farmacologia e Terapêutica Experimental,Salvador,Universidade Federal Da Bahia,UFBA,"Doutora em Farmacologia pela Faculdade de Medicina de Ribeirão Preto, Universidade de São Paulo. Membro da International Association for the Study of Pain, da qual recebeu o prêmio ''IASP Award for Excellence in Pain Research and Management in DevelopingCountries''. Membro da Sociedade Brasileira de Farmacologia e Terapêutica Experimental e da Rede de Cooperação em Farmacologia do Centro-Norte-Nordeste Brasileiro. Professora Titular de Farmacologia da Universidade Federal da Bahia e pesquisadora colaboradora na FIOCRUZ/BA. Professora do quadro permanente do Programa de Pós-Graduação em Farmácia da UFBA e da Pós-Graduação em Biotecnologia em Saúde e Medicina Investigativa da FIOCRUZ. Consultora Ad Hoc da CAPES e CNPq. Tem experiência na coordenação de projetos de pesquisa em rede, atua em projetos de desenvolvimento tecnológico e coordena projetos de desenvolvimento de produtos farmacêuticos em parceria com a Indústria Farmacêutica.  Atualmente tem como áreas de atuação principais: Desenvolvimento de analgésicos e anti-inflamatórios; Bioprospecção e farmacologia de produtos naturais; Produtos terapêuticos para dor crônica; Biotecnologia aplicada ao desenvolvimento de fármacos; Produtos de terapia celular avançada; Terapia celular na dor neuropática.","Cristiane Flora Villarreal é uma renomada pesquisadora na área de Ciências Biológicas, com atuação destacada na Universidade Federal da Bahia. Possui uma vasta trajetória acadêmica e profissional, culminando em sua titulação de Pós-Doutorado e sua posição como Professora Titular de Farmacologia na UFBA, além de sua colaboração com a FIOCRUZ/BA. \n\nGraduada em Medicina Veterinária pela Universidade Federal de Lavras, Cristiane posteriormente obteve seu Doutorado em Farmacologia pela Faculdade de Medicina de Ribeirão Preto, USP. Sua formação consolidada e sua expertise na área a levaram a receber reconhecimento internacional, como o prêmio ''IASP Award for Excellence in Pain Research and Management in Developing Countries'' da International Association for the Study of Pain.\n\nCom uma sólida atuação em pesquisa, Cristiane tem se dedicado a diversas áreas de estudo, incluindo o desenvolvimento de analgésicos e anti-inflamatórios, a bioprospecção e farmacologia de produtos naturais, e a terapia celular na dor neuropática, entre outras. Suas contribuições científicas mais recentes, como os artigos \Mechanistic Insights Into Il-10-Dependent Antinociceptive And Anti-Inflammatory Effects Of Mimosa Gemmulata Essential Oil\"" e \""Extracellular Vesicles Derived From Mesenchymal Bone Marrow Cells Promote Antinociception In A Murine Model Of Diabetic Neuropathy Via The Endogenous Opioid System\"", evidenciam sua constante busca por avanços na área.\n\nAlém de sua atuação como docente e pesquisadora, Cristiane também se destaca por sua participação em programas de pós-graduação, sendo professora do Programa de Pós-Graduação em Farmácia da UFBA e do Programa de Pós-Graduação em Biotecnologia em Saúde e Medicina Investigativa da FIOCRUZ. Sua liderança no Grupo de Pesquisa em Farmacologia e Terapêutica Experimental demonstra sua capacidade de articulação e colaboração científica.\n\nNo que diz respeito ao apoio financeiro e institucional, Cristiane tem recebido suporte de órgãos como a CAPES e o CNPq, evidenciando a relevância e o impacto de suas pesquisas na comunidade acadêmica. Seu envolvimento em projetos de desenvolvimento tecnológico e de produtos farmacêuticos em parceria com a Indústria Farmacêutica também destaca sua capacidade de integrar diferentes atores no avanço da ciência.\n\nEm suma, Cristiane Flora Villarreal é uma pesquisadora de destaque na área de Ciências Biológicas, com uma trajetória sólida e ampla experiência nas mais diversas vertentes da Farmacologia. Sua atuação como docente, pesquisadora e líder de grupos de pesquisa, aliada às suas contribuições científicas significativas, a posicionam como uma referência no campo, contribuindo de forma significativa para o avanço do conhecimento científico e para a formação de novos pesquisadores na área.""",107,0,2,5,0,0,30,2537,60,120,https://openalex.org/A5043072126,A+,
8f0fd4a9-10fa-43ae-a407-40b558787518,Gabriele Marisco Da Silva,F,8048040832721953,K4594245Y8,0000-0002-8301-8673,Pós-Doutorado,CIENCIAS BIOLOGICAS,,,,Vitória da Conquista,Universidade Estadual Do Sudoeste Da Bahia,UESB,"Pós-doutorado em Educação (UFBA) versando em Educação em Saúde Única, doutora em Biotecnologia dos Recursos Naturais, mestre em Genética e Biologia molecular/UESC e Licenciada em Ciências Biológicas/Unicruz. Docente da Universidade Estadual do Sudoeste da Bahia desde 2010, atuando nos cursos de Ciências Biológicas, Agronomia e Medicina  e orientadora do PPGEn (Mestrado em Ensino -UESB) e RENOEN (Doutorado -Rede do Nordeste em Ensino) com ênfase em Divulgação da ciência e educação em Saúde Única. Desenvolve pesquisa sobre estudos etnobotânicos e plantas medicinais com foco em Saúde humana e animal. Atua como coordenadora do Grupo de pesquisa Estratégias ativas para o ensino de ciências e saúde; membro do Núcleo de Estudos em Biotecnologia de Recursos Naturais-BIORENA. Idealizadora dos projetos de extensão Popularizando a ciência e @animalizacast. Coordena o projeto Validação da tecnologia digital MIA e implantação de Educação animalista integrada para o avanço do Bem-estar animal no município de Vitória da Conquista-Bahia.  E-mail para contato: gabrielemarisco@uesb.edu.br.",,68,5,28,1,0,0,6,93,3,40,https://openalex.org/A5009624532,A+,
97672cee-9c8d-43c9-b93d-49bbab560f77,Renata Meira Véras,F,1790266518032893,K4718023Z3,0000-0002-1681-1401,Doutorado,CIENCIAS DA SAUDE,,Saúde coletiva e epidemiologia,Promoção da Saúde e Qualidade de Vida,Salvador,Universidade Federal Da Bahia,UFBA,"Possuo graduação em Psicologia pela Universidade Federal da Paraíba (2001), graduação em Fisioterapia pelo Centro Universitário de João Pessoa (2005), Mestrado em Psicologia (Psicologia Social) pela Universidade Federal da Paraíba (2004) e Doutorado em Psicologia Social pela Universidade Federal do Rio Grande do Norte (2010). Realizei doutorado sanduiche com bolsa da CAPES na Universidade Aberta de Lisboa - PT e um intercâmbio de seis meses com bolsa da GSEP (Governo Canadense) na Faculty of Medicine na Memorial University of Newfoundland, Canadá. Atualmente sou Professora Associada do Bacharelado Interdisciplinar em Saúde na UFBA e Membro Permanente do Programa de Pós Graduação Estudos Interdisciplinares sobre a Universidade da UFBA e do Programa de Pós Graduação em Psicologia da UFBA. Sou coordenadora do Grupo de Trabalho da Associação Nacional de Pesquisa e Pós-graduação em Psicologia (ANPPEP) Psicologia, Preconceito e Vulnerabilidade. Tenho experiência em pesquisa na área de educação étnico-racial, Universidade e metodologias decoloniais. Sou pesquisadora produtividade CNPq nível 2. Atualmente atuo como Coordenadora do Programa Institucional de Bolsas de Iniciação Científica (PIBIC) da UFBA.","Renata Meira Véras é uma renomada pesquisadora brasileira com sólida formação acadêmica e vasta experiência nas áreas de Psicologia e Saúde Coletiva. Atualmente atua como Professora Associada do Bacharelado Interdisciplinar em Saúde na Universidade Federal da Bahia (UFBA) e é Membro Permanente dos Programas de Pós-Graduação em Estudos Interdisciplinares sobre a Universidade e em Psicologia da mesma instituição.\n\nCom uma trajetória educacional exemplar, Renata obteve o título de Doutorado em Psicologia Social pela Universidade Federal do Rio Grande do Norte (2010), após concluir a graduação em Psicologia pela Universidade Federal da Paraíba (2001) e em Fisioterapia pelo Centro Universitário de João Pessoa (2005). Além disso, possui Mestrado em Psicologia, com ênfase em Psicologia Social, também pela Universidade Federal da Paraíba (2004), e realizou um doutorado sanduíche na Universidade Aberta de Lisboa, em Portugal, e um intercâmbio na Memorial University of Newfoundland, no Canadá.\n\nA expertise de Renata Meira Véras é evidenciada em suas áreas de pesquisa, destacando-se principalmente em Ciências da Saúde, com foco em temas relacionados à educação étnico-racial, preconceito, vulnerabilidade e metodologias decoloniais. Como coordenadora do Grupo de Trabalho da ANPPEP sobre Psicologia, Preconceito e Vulnerabilidade, contribui ativamente para o avanço do conhecimento nesses campos.\n\nNo âmbito acadêmico, Renata tem se destacado por suas produções bibliográficas recentes, como artigos e capítulos de livros, como por exemplo \Digital Eduhealth For The Wellbeing Of Minority University Students: A Scoping Review\"" e \""Educação Para Relações Étnico-Raciais Nos Cursos Delicenciatura Emhumanidades Das Universidadesfederais Do Nordeste\"", que demonstram seu engajamento em temas relevantes para a promoção da saúde e da qualidade de vida, especialmente entre estudantes universitários em situação minoritária.\n\nAlém disso, sua liderança no Grupo de Pesquisa \""Promoção da Saúde e Qualidade de Vida\"" na área de Saúde Coletiva evidencia seu compromisso com a produção de conhecimento e a disseminação de práticas voltadas para o bem-estar da população.\n\nRenata Meira Véras também se destaca por sua atuação em programas de pós-graduação, sendo vinculada aos Programas de Estudos Interdisciplinares sobre a Universidade e de Psicologia da UFBA. Sua participação ativa nestes programas demonstra seu papel fundamental na formação de novos pesquisadores e na consolidação de linhas de pesquisa inovadoras e relevantes para a comunidade acadêmica.\n\nPor fim, Renata possui reconhecimento e apoio institucional, como a bolsa de produtividade em pesquisa concedida pelo CNPq, que atesta sua relevância e excelência na área acadêmica. Sua liderança, comprometimento e contribuições significativas para a produção científica fazem dela uma referência na interseção entre Psicologia e Saúde Coletiva, contribuindo para o avanço do conhecimento e para a promoção de uma sociedade mais inclusiva e igualitária.""",72,6,44,0,0,0,10,408,11,124,https://openalex.org/A5077390144,A+,
982baea9-2e1d-4cc8-bec1-2637a9867b37,Soraya Castro Trindade,F,4927186541075656,K4708728U8,0000-0001-7125-9114,Pós-Doutorado,CIENCIAS DA SAUDE,,Imunologia e vacinas,,Feira de Santana,Universidade Estadual De Feira De Santana,UEFS,"Professora Titular Plena da Universidade Estadual de Feira de Santana (UEFS), com atuação na área de Imunologia aplicada às doenças infecciosas, com ênfase em saúde bucal. Bolsista de Produtividade em Pesquisa do CNPq (nível 2). Ex-coordenadora do Programa de Pós-Graduação em Biotecnologia da UEFS, atualmente coordena o Núcleo de Pesquisa, Prática Integrada e Investigação Multidisciplinar (NUPPIIM) e atua como vice-coordenadora do Instituto de Ciência e Tecnologia de Nanotecnologia da Bahia (INCITE-Nanotecnologia/BA). Professora permanente do Programa de Pós-Graduação em Imunologia da UFBA. Possui protagonismo em gestão acadêmica e científica, com participação em instâncias decisórias e avaliação de projetos em agências de fomento. Atua na formação de recursos humanos na graduação e pós-graduação. Desenvolve cooperação científica nacional com UFBA, UFRB, UNEB, UESB e UFMG, e internacional com Universidade de Wroclaw (Polônia), University of the Western Cape (África do Sul), University of Queensland (Austrália), University at Buffalo (EUA) e University of Texas at San Antonio (EUA), com produção relevante na área de imunologia das doenças infecciosas.",,181,1,10,1,0,0,25,1972,48,184,https://openalex.org/A5007529204,A+,
98637077-c424-461c-8f18-2d55c14e35a2,Selene Siqueira Da Cunha Nogueira,F,7824824785994078,K4723099A6,0000-0001-8078-4172,Pós-Doutorado,CIENCIAS AGRARIAS;CIENCIAS BIOLOGICAS;CIENCIAS HUMANAS,,,,Ilheus,Universidade Estadual De Santa Cruz,UESC,"Professora Titular/Pleno da Universidade Estadual de Santa Cruz. Etóloga, Bióloga (1986) pela Universidade de Santo Amaro com mestrado (1992) e doutorado em Psicologia Experimental pelo Instituto de Psicologia da Universidade de São Paulo (1997). Pós-doutorado na University of Hawaii at Manoa, EUA (2005- 2016, bolsa CNPq).  Atuou como professora visitante junto a Universté de Liège (2016, bolsa UdL) e University of Bristol (2017-2018, bolsa CAPES). Atuou como presidente da Sociedade Brasileira de Etologia (SBEt 2016-2018) e vice-presidente (2018-2020).  Membro da Câmara de Avaliação e Assessoramento em Ciências Biológicas e Meio Ambiente da FAPESB (2021-atual). Consultora da Agencia Nacional de Promoción de la Investigación, el Desarrollo Tecnológico y la Innovación-Fondo para la Investigación Científica y Tecnológica (FONCyT), Argentina (2020-atual). Membro dos especialistas em Peccarídeos da IUCN e das sociedades internacionais Animal Behaviour e International Society for Applied Animal Behaviour. Tem experiência na área de Etologia, com ênfase em comportamento social, temperamento, cognição e bem-estar animal e comunicação animal. Recebeu prêmio   André Buldgen Bedim Prize - PRIZE NON-CONVENTIONAL BREEDING AND MINI LIVESTOCK. ITM Colloquium Antwerp, Belgium and BEDIN-2012","Selene Siqueira Da Cunha Nogueira é uma renomada pesquisadora e professora titular/pleno na Universidade Estadual de Santa Cruz, com expertise nas áreas de Ciências Agrárias, Biológicas e Humanas. Sua sólida formação inclui graduação em Biologia pela Universidade de Santo Amaro em 1986, mestrado em Psicologia Experimental pela Universidade de São Paulo em 1992 e doutorado também em Psicologia Experimental pela mesma instituição em 1997. Além disso, realizou pós-doutorado na University of Hawaii at Manoa, EUA, entre 2005 e 2016 com uma bolsa do CNPq, evidenciando seu compromisso com a qualificação e atualização constante em sua área de atuação.\n\nAo longo de sua carreira, Selene Siqueira Da Cunha Nogueira tem se destacado não apenas como pesquisadora, mas também como líder e agente de transformação no campo da Etologia. Entre suas importantes contribuições, vale ressaltar sua atuação como presidente da Sociedade Brasileira de Etologia (SBEt) no período de 2016 a 2018, bem como como vice-presidente nos dois anos seguintes, demonstrando seu engajamento e reconhecimento dentro da comunidade científica nacional e internacional. Além disso, sua participação ativa em órgãos de avaliação e assessoramento, como a FAPESB e a Agencia Nacional de Promoción de la Investigación, enriquece sua atuação e impacto no desenvolvimento da pesquisa científica.\n\nNo âmbito acadêmico, Selene Siqueira Da Cunha Nogueira mantém vínculos com programas de pós-graduação em Zoologia e Ciência Animal, evidenciando sua capacidade de formar novas gerações de pesquisadores e contribuir para a produção de conhecimento em diversas áreas correlatas. Sua ampla trajetória educacional, que inclui diferentes níveis de formação acadêmica, se reflete em sua capacidade de abordar questões complexas com um olhar multidisciplinar e inovador.\n\nSuas produções bibliográficas mais recentes revelam sua constante atividade e relevância no meio científico. Títulos como \A Note On The Effects Of Classical Music As Environmental Enrichment For White-Lipped Peccaries (Tayassu Pecari)\"" e \""Behavioural Time Allocation And Responses To Environmental Enrichment In Zoo-Housed Yellow-Breasted Capuchin Monkeys (Sapajus Xanthosternos)\"" demonstram seu interesse pelas questões do comportamento animal e bem-estar, enquanto \""Capybaras (Hydrochoerus Hydrochaeris) In The City: Understanding Urban Coexistence, Management Strategies And The Animal Welfare Implications\"" evidencia sua preocupação com a interação entre animais e ambientes urbanos, contribuindo para o debate sobre a conservação da biodiversidade em contextos urbanos.\n\nPor fim, a participação de Selene Siqueira Da Cunha Nogueira em projetos de fomento e bolsas de pesquisa, como a Produtividade em Pesquisa - 2, demonstram seu compromisso em expandir fronteiras do conhecimento e sua capacidade de se destacar em ambientes competitivos. Sua atuação como consultora em agências de fomento nacionais e internacionais reforça sua posição de destaque e influência no cenário científico global, fazendo dela um nome fundamental na construção e consolidação da Etologia e áreas afins no Brasil e no mundo.""",92,1,7,0,0,0,16,999,33,95,https://openalex.org/A5036615086,A+,
98de002d-1527-467b-88a5-995304bebc22,Neila De Paula Pereira,F,3818994723479187,K4728663Z9,0000-0001-5280-9491,Doutorado,CIENCIAS DA SAUDE,,,,Salvador,Universidade Federal Da Bahia,UFBA,"Graduada em Farmácia pela UFRJ (1991), Doutora em Ciências Farmacêuticas na área de insumos, medicamentos e correlatos pela UFPR e  Mestre em Química Orgânica pelo Instituto de Química da UFRJ com pesquisa desenvolvida no Laboratório de Avaliação e Síntese de Substâncias Bioativas (LASSBio).Também é especialista em homeopatia pelo IHB do Brasil (RJ). Tem experiência profissional na área de farmacotécnica alopática, homeopática, cosmetologia, além de extração e síntese de bioativos. Professora Associada IV na Universidade Federal da Bahia (UFBA), desde 2010 ministra a disciplina de farmacotécnica e coordena projetos de pesquisa em fitocosméticos, fitoterápicos, bioprodutos, e de ensino\\extensão em manipulação homeopática no Laboratório de Pesquisas em Medicamentos e Cosméticos (LAPEMEC). Desenvolve pesquisas com os seguintes temas específicos: bioinsumos e bioprodutos sustentáveis, sistemas emulsionados macro e nanoestruturados, sistemas hidro e óleo-gelificados, parâmetros reológicos e ensaios biológicos. Atua no âmbito da inovação com propriedade intelectual sendo credenciada orientadora e docente permanente no PROFNIT \\UFBA (PPG em propriedade intelectual e transferência de tecnologia para inovação) e no PPGFAR\\UFBA, nesse foi vice-coordenadora na gestão 22-24. Integra a Rede Passitec de pesquisas da EMBRAPA-CERRADOS e compõe a Comissão PIBIC-UFBA da área de saúde. Orientou mais de 90 discentes entre graduandos e pós-graduandos. Atualmente é bolsista produtividade CNPq DT, e na esfera pessoal a melhor produção é ser mãe de uma princesa nascida em 2013.",,48,0,10,6,0,0,7,312,5,42,https://openalex.org/A5038563438,E,
9a5184f9-48bb-4c47-a345-41db22e55e69,Silvana Mattedi E Silva,F,8741124364246075,K4782371A7,,Pós-Doutorado,CIENCIAS EXATAS E DA TERRA;ENGENHARIAS,,,equilíbrio de fases; equacao de estado e dados experimentais; aplicações de líquidos iônicos,Salvador,Universidade Federal Da Bahia,UFBA,"Graduada em Engenharia Química pela Universidade Federal da Bahia (1989), mestre em Engenharia Química pela COPPE/Universidade Federal do Rio de Janeiro (1993) e doutora em Engenharia Química pela COPPE/Universidade Federal do Rio de Janeiro (1997). Realizou estágio pós-doutoral em Química Teórica no Departamento de Química da Universidade Federal de São Carlos em 2003.  Realizou estágio pós-doutoral na área de Termodinâmica de líquidos iônicos na Universidade de Santiago de Compostela - Espanha em 2009.  Realizou estágio pós-doutoral na Universidade Monash, Australia na área de separação de biocompostos de resíduos agropecuários. Atualmente é professora titular da Universidade Federal da Bahia. Tem experiência na área de Engenharia Química, com ênfase em Termodinâmica Aplicada atuando principalmente nos seguintes temas:equilíbrio de fases, equacao de estado e dados experimentais,aplicações de líquidos iônicos.","Silvana Mattedi E Silva é uma renomada pesquisadora vinculada à Universidade Federal da Bahia, onde atua como professora titular na área de Engenharia Química. Com uma sólida formação acadêmica, Silvana obteve sua graduação em Engenharia Química pela mesma instituição em 1989, seguida por uma especialização em Engenharia Química e Processos Petroquímicos pela Società Di Gestione Studi E Tecnologie Avanzate Del Gruppo Eni. Posteriormente, concluiu seu mestrado e doutorado em Engenharia Química na COPPE/Universidade Federal do Rio de Janeiro, nos anos de 1993 e 1997, respectivamente.\n\nAo longo de sua carreira, Silvana desenvolveu uma expertise nas áreas de Termodinâmica Aplicada e Química Teórica, com enfoque em equilíbrio de fases, equações de estado e aplicações de líquidos iônicos. Sua busca por aprimoramento a levou a realizar estágios pós-doutorais em renomadas instituições ao redor do mundo, como na Universidade Federal de São Carlos, na Universidade de Santiago de Compostela, na Espanha, e na Universidade Monash, na Austrália, onde ampliou seus conhecimentos em separação de biocompostos de resíduos agropecuários.\n\nNo campo da pesquisa, Silvana Mattedi E Silva tem se destacado por suas contribuições significativas. Dentre suas produções bibliográficas mais recentes, destacam-se artigos como \Solubility Modeling Of Vapor-Liquid Equilibrium Of Water, Carbon Dioxide, And Methane In Protic Ionic Liquids With Carboxylate Anions\"", \""Enzyme-Assisted Extraction As A Platform To Enhance The Recovery Of High Added-Value Bioactive From Agroindustrial Waste From Pracaxi (pentacletra Macroloba) Press Cake\"" e \""Mesquite Pods As Renewable Feedstock For Sustainable Biorefinery And Bio-Based Products\"", todos publicados em 2026.\n\nAlém de sua atuação como docente e pesquisadora, Silvana também tem participação em programas de pós-graduação e assume funções de liderança em grupos de pesquisa, contribuindo para a formação de novos pesquisadores e para o avanço do conhecimento em sua área de atuação. Sua constante busca por financiamentos e bolsas de pesquisa demonstram seu comprometimento em manter uma atuação ativa e relevante no cenário científico, sendo contemplada, por exemplo, com a modalidade de Produtividade em Pesquisa - 1D.\n\nEm síntese, Silvana Mattedi E Silva é uma pesquisadora de destaque no campo da Engenharia Química, cuja trajetória acadêmica e profissional é marcada por sólida formação, experiências internacionais enriquecedoras e contribuições significativas para o avanço da ciência. Sua atuação como professora, pesquisadora e líder de projetos evidencia um compromisso constante com a excelência e a inovação, consolidando sua posição como uma referência na área e um exemplo inspirador para a comunidade acadêmica.""",158,0,4,4,1,0,0,0,0,0,,A+,
9abb2380-7f74-48ba-a7e5-fee675883df4,Tatiane Nogueira Rios,F,0851148137941240,K4260228H5,,Pós-Doutorado,CIENCIAS EXATAS E DA TERRA,,Computação e inteligência artificial,Inteligência Artificial; Aprendizado de Máquina; Aprendizado por Reforço,Salvador,Universidade Federal Da Bahia,UFBA,"Tatiane Nogueira obteve seu doutorado em Ciência da Computação e Matemática Computacional pela Universidade de São Paulo (ICMC/USP/Brasil), trabalhando com agrupamento fuzzy para mineração de textos. Durante seu doutorado, desenvolveu parte de suas pesquisas nas universidades de Granada-Espanha e McGill-Canada. Tem experiência trabalhando principalmente com Inteligência Artificial Teórica e Aplicada, com foco especial na construção de sistemas inteligentes de tomada de decisão sob incerteza. Atualmente, ocupa o cargo de Professor Associado no Instituto de Computação da Universidade Federal da Bahia (UFBA/Brasil), sendo membro do grupo de pesquisa Computational Intelligence and Optmization Research Lab (CINO), supervisionando estudantes de graduação e pós-graduação. Tem colaborações internacionais em andamento com parceiros da Universidade Juntendo (Japão),  Department of Reproductive Biology, Center for Regenerative Medicine, National Center for Child Health and Development Research Institute (Japão) e da Universidade do Porto (Portugal), além de várias colaborações nacionais. Atua como revisora de periódicos e conferências nacionais e internacionais, além de atuar como General Chair, Program Chair e Steering Committee de diferentes conferências e workshops. É membro da Sociedade Brasileira de Computação (SBC), sendo a atual coodenadora da Comissão Especial de Inteligência Artificial (CE-IA) da SBC, do Institute of Electrical and Electronics Engineers (IEEE) e pesquisadora associada do Centro de Ciências Matemáticas Aplicadas à Indústria (CeMEAI), do Instituto de Ciências Matemáticas e de Computação (ICMC) da USP São Carlos. De 2019 a 2020, realizou pesquisa de pós-doutorado no Instituto de Ciências Matemáticas e de Computação da Universidade de São Paulo (ICMC/USP), trabalhando com classificação e representação fuzzy de séries temporais. Principais interesses de pesquisa: Inteligência Artificial, Aprendizado de Máquina, Aprendizado por Reforço, Sistemas Fuzzy, eXplainable AI e Séries Temporais.","Tatiane Nogueira Rios é uma pesquisadora brasileira com vasta experiência na área de Ciências Exatas e da Terra, com foco especial em Inteligência Artificial Teórica e Aplicada. Possui doutorado em Ciência da Computação e Matemática Computacional pela Universidade de São Paulo (ICMC/USP/Brasil), onde desenvolveu sua tese sobre agrupamento fuzzy para mineração de textos. Durante seu doutorado, teve a oportunidade de realizar parte de suas pesquisas em universidades renomadas, como Granada, na Espanha, e McGill, no Canadá.\n\nAtualmente, é Professora Associada no Instituto de Computação da Universidade Federal da Bahia (UFBA/Brasil), onde também atua como membro do grupo de pesquisa Computational Intelligence and Optimization Research Lab (CINO). Além de supervisionar estudantes de graduação e pós-graduação, ela mantém colaborações internacionais com instituições no Japão, Canadá e Portugal, bem como colaborações nacionais.\n\nCom uma extensa lista de publicações e participações em eventos científicos nacionais e internacionais, Tatiane Nogueira Rios destaca-se por sua atuação como revisora de periódicos e conferências, além de assumir cargos de destaque em comitês de diferentes conferências e workshops. Ela é membro ativo da Sociedade Brasileira de Computação (SBC), onde coordena a Comissão Especial de Inteligência Artificial (CE-IA), e do Institute of Electrical and Electronics Engineers (IEEE). Além disso, é pesquisadora associada do Centro de Ciências Matemáticas Aplicadas à Indústria (CeMEAI) da USP São Carlos.\n\nNo que diz respeito à sua produção científica mais recente, Tatiane Nogueira Rios tem se destacado com trabalhos como \An Agentic System For Llm-Driven Public Transportation Analytics: A Practical Application And Case Study In Salvador-Brazil\"", \""Environmental Monitoring In New Zealand: Exploring Spatiotemporal Relationships\"", e \""Busenv: A Multi-Agent Reinforcement Learning Environment And Benchmark For Urban Public Transportation\"", todos publicados em eventos científicos de grande relevância.\n\nAo longo de sua trajetória educacional, ela obteve seu grau de Doutorado em Ciências da Computação na USP, mestrado em Ciência da Computação na Universidade Federal de São Carlos e graduação em Ciência da Computação na Universidade Estadual do Sudoeste da Bahia. Seu currículo inclui também uma pesquisa de pós-doutorado no Instituto de Ciências Matemáticas e de Computação da USP, com foco em classificação e representação fuzzy de séries temporais.\n\nEm relação a projetos de fomento e bolsas recebidos, Tatiane Nogueira Rios destaca-se por sua produtividade em pesquisa, sendo contemplada com o programa de Produtividade em Pesquisa - nível 2. Sua inserção e atividade na área são evidenciadas não apenas por suas conquistas acadêmicas, mas também por sua constante busca por inovação e excelência em suas pesquisas nas áreas de Inteligência Artificial, Aprendizado de Máquina, Aprendizado por Reforço, Sistemas Fuzzy, e Séries Temporais.\n\nEm resumo, Tatiane Nogueira Rios é uma pesquisadora comprometida com a excelência acadêmica, destacando-se por suas contribuições significativas para o avanço da Inteligência Artificial e áreas relacionadas. Sua trajetória educacional e profissional, aliada às suas realizações científicas recentes e participações em programas de pós-graduação, evidenciam sua importância e relevância no cenário acadêmico e científico nacional e internacional.""",36,1,0,0,3,0,0,0,0,0,,A+,
9b684580-bc80-4c56-b576-131ca867ad00,Natália Machado Tavares,F,8380706398761910,K4779263Y5,0000-0002-4026-679X,Pós-Doutorado,CIENCIAS BIOLOGICAS,,Biotecnologia,,Salvador,"Fundação Oswaldo Cruz - Instituto Gonçalo Moniz, Fiocruz Bahia",FIOCRUZ-BA,"Possui Bacharelado em Ciências Biológicas pela Universidade Federal da Bahia (2005), mestrado (2008) e doutorado (2013) em Patologia Experimental pela UFBA-FIOCRUZ/BA. Fez doutorado sanduíche (Bolsista CNPq-SWE em 2012) em Imunidade de Mucosas e Inflamação (IPMC-Université de Nice/França), pós-doutorado no IGM-FIOCRUZ/BA e também na Indiana University - Purdue University of Indiana (Indianapolis, EUA). Atualmente é Pesquisadora do Instituto Gonçalo Moniz (FIOCRUZ-BA), bolsista de produtividade nível 2 do CNPq e professora dos Programas de Pós-Graduação em Patologia (UFBA/FIOCRUZ) e Biotecnologia em Saúde e Medicina Investigativa (FIOCRUZ). Participa do Comitê local do programa institucional para Meninas na Ciência. Atua em temas relacionados a imunologia, biologia celular, molecular, parasitologia e análise de dados globais, com ênfase no papel da imunidade inata. Tem desenvolvido projetos em imunopatogênese de doenças infecciosas, microRNAs expressos em doenças cutâneas e também no diabetes e suas complicações.","Natália Machado Tavares é uma pesquisadora vinculada à Fundação Oswaldo Cruz - Instituto Gonçalo Moniz, Fiocruz Bahia, cuja expertise está concentrada na área de Ciências Biológicas, com enfoque em imunologia, biologia celular, molecular, parasitologia e análise de dados globais, destacando-se pelo seu papel no estudo da imunidade inata. \n\nSua trajetória acadêmica começou com a conclusão do Bacharelado em Ciências Biológicas pela Universidade Federal da Bahia em 2005, seguido pelo mestrado (2008) e doutorado (2013) em Patologia Experimental pela UFBA-FIOCRUZ/BA. Durante seu doutorado, teve a oportunidade de realizar uma parte de sua pesquisa na Université de Nice, na França, ampliando seu conhecimento em Imunidade de Mucosas e Inflamação. Posteriormente, realizou pós-doutorados no IGM-FIOCRUZ/BA e na Indiana University - Purdue University of Indiana, nos EUA. \n\nAtualmente, Natália atua como Pesquisadora do Instituto Gonçalo Moniz (FIOCRUZ-BA), sendo bolsista de produtividade nível 2 do CNPq. Além disso, é professora nos Programas de Pós-Graduação em Patologia (UFBA/FIOCRUZ) e Biotecnologia em Saúde e Medicina Investigativa (Fiocruz). Destaca-se também por sua participação ativa no Comitê local do programa institucional para Meninas na Ciência, demonstrando seu comprometimento com a promoção da igualdade de gênero na ciência.\n\nEm relação às suas contribuições científicas mais recentes, Natália tem se destacado por publicações relevantes, tais como \Oral Treatment With Heat Shock Protein 65-Producing Lactococcus Lactis\"" (2026), que aborda a indução de células T regulatórias e modulação da resposta inflamatória em infecção por Leishmania Braziliensis, e \""The Single Cell Notebooks For Inclusive And Accessible Training In Single-Cell And Spatial Omics\"" (2026), que evidencia seu engajamento em tornar o treinamento em omics mais acessível e inclusivo. Além disso, seu trabalho sobre a associação entre um polimorfismo genético e a gravidade clínica da Covid-19 na população brasileira também merece destaque.\n\nNo âmbito acadêmico e de pesquisa, Natália está associada aos Programas de Pós-Graduação em Biotecnologia Em Saúde E Medicina Investigativa e em Patologia Humana (UFBA/Fiocruz), onde contribui com sua expertise e orientação a estudantes de pós-graduação. Sua atuação como docente e pesquisadora, aliada à liderança em projetos de pesquisa, enfatiza seu papel como mentora e catalisadora do conhecimento científico em suas áreas de atuação.\n\nAo longo de sua carreira, Natália Machado Tavares tem sido contemplada com apoio institucional, como sua bolsa de produtividade em pesquisa de nível 2 do CNPq, demonstrando o reconhecimento de sua produtividade e relevância nas comunidades acadêmica e científica. Seus projetos de fomento e colaborações internacionais evidenciam seu engajamento em pesquisas de ponta, contribuindo significativamente para avanços no entendimento da imunopatogênese de doenças infecciosas, microRNAs em doenças cutâneas e diabetes e suas complicações.\n\nEm suma, Natália Machado Tavares é uma figura proeminente no cenário da pesquisa em Ciências Biológicas, com uma sólida formação acadêmica, ampla experiência internacional e um impressionante histórico de contribuições científicas. Sua atuação como pesquisadora, docente e mentora demonstra seu comprometimento com a excelência científica e a formação de novos talentos, consolidando seu papel como uma líder influente e inspiradora na comunidade científica.""",39,0,3,0,0,0,19,946,21,73,https://openalex.org/A5059191362,A,
9e217d92-658b-49e6-b123-e6417b7ef90e,Marion Pereira Da Costa,F,9514238750384946,K4464700Y4,0000-0002-3003-6763,Pós-Doutorado,CIENCIAS AGRARIAS,,Alimentos e tecnologia agroindustrial,,Salvador,Universidade Federal Da Bahia,UFBA,"Médica veterinária graduada pela Universidade Federal Fluminense (2011), mestre (2013) e doutora (2015) em Medicina Veterinária pelo Programa de Pós-Graduação em Higiene Veterinária e Processamento Tecnológico de Produtos de Origem Animal da Universidade Federal Fluminense. Pós-doutorado pela Universidade Federal do Rio de Janeiro em 2016 (bolsista CAPES) e 2017 (bolsista CNPq). Professora Adjunta, docente do Departamento de Medicina Veterinária Preventiva e Produção Animal da Escola de Medicina Veterinária e Zootecnia, Universidade Federal da Bahia (desde 2017), desenvolvendo atividades de Ensino, Pesquisa e Extensão. Professora vice-coordenadora do Laboratório de Inspeção e Tecnologia de Leite e Derivados (LaITLácteos/UFBA) e vice-coordenadora do projeto de extensão Prestação de Serviços de análises de leite e derivados. Credenciada como orientadora de Mestrado e Doutorado nos Programas de Pós-Graduação em Ciência de Alimentos (PGAli) (desde 2017) e Ciência Animal nos Trópicos (PPGCAT) (desde 2017), ambos da Universidade Federal da Bahia. Pesquisadora do CNPq (2021-atual) e membro das comissões CAPES PAEP e Avaliação Quadrienal Sucupira (2021-2024). Possui experiência na área de medicina veterinária, e ciência e tecnologia de alimentos, com ênfase em: Inspeção e Tecnologia de Leite e derivados, Controle Físico-Químico de Leite e derivados, Controle de Qualidade de Alimentos (BPF, PPHO e APPCC), Validação de Métodos Cromatográficos (Carboidratos, ácidos orgânicos, ivermectina e aminas biogênicas) e Caracterização e boas práticas de fabricação de produtos lácteos artesanais. Trabalha também com a avaliação físico-química de alimentos mediante técnicas convencionais e cromatográficas, bem como com a avaliação microbiológica. Mantém colaborações nacionais com Universidade Federal do Rio de Janeiro, Universidade Federal Fluminense, Fundação Oswaldo Cruz (Fiocruz-RJ), Empresa Brasileira de Pesquisa Agropecuária, Universidade Federal de Mato Grosso e Instituto Adolfo Lutz; e internacionais com Universidade de Cartagena (Colômbia) e Instituto de Productos Lácteos de Asturias (IPLA - CSIC) (Espanha). Realiza prestação de serviço para empresas do setor produtivo como Laticínios (Azulão, Colosso, Mãe e Filha, Dengo, Aleluia, Vitabom, Natal - Bufalíssima, São Felipe, Valpadana, Izabel e outros), Cooperativas (Cooperativa Agropecuária de Pedrão - COAPED, Pequenos Criadores de Gado Leiteiro de Jussari - ASPLEJ e Cooperativa dos Empreendedores Rurais de Jussara - COPERJ) e órgãos do governo (Agência Estadual de Defesa Agropecuária da Bahia - ADAB, Consórcio Construir e Consórcio Chapada Forte).","Marion Pereira Da Costa é uma renomada pesquisadora e médica veterinária graduada pela Universidade Federal Fluminense em 2011, com mestrado e doutorado em Medicina Veterinária pelo mesmo instituto em 2013 e 2015, respectivamente. Possui pós-doutorado pela Universidade Federal do Rio de Janeiro, onde foi bolsista da CAPES em 2016 e do CNPq em 2017. Atualmente, é Professora Adjunta e docente do Departamento de Medicina Veterinária Preventiva e Produção Animal da Escola de Medicina Veterinária e Zootecnia da Universidade Federal da Bahia, desde 2017.\n\nCom uma sólida formação acadêmica, Marion Pereira Da Costa concentra suas atividades acadêmicas no ensino, pesquisa e extensão, destacando-se em áreas como Inspeção e Tecnologia de Leite e Derivados, Controle Físico-Químico de Leite, Controle de Qualidade de Alimentos, Validação de Métodos Cromatográficos e boas práticas de fabricação de produtos lácteos artesanais. Sua expertise se estende também para a avaliação físico-química de alimentos, utilizando técnicas convencionais e cromatográficas, assim como a avaliação microbiológica.\n\nAlém de seu papel como docente na Universidade Federal da Bahia, Marion Pereira Da Costa exerce funções de liderança como vice-coordenadora do Laboratório de Inspeção e Tecnologia de Leite e Derivados (LaITLácteos/UFBA) e vice-coordenadora do projeto de extensão Prestação de Serviços de análises de leite e derivados. Como orientadora credenciada de Mestrado e Doutorado nos Programas de Pós-Graduação em Ciência de Alimentos (PGAli) e Ciência Animal nos Trópicos (PPGCAT) da UFBA, ela colabora ativamente na formação de novos pesquisadores.\n\nMarion Pereira Da Costa reúne uma extensa lista de colaborações nacionais e internacionais com instituições de prestígio, como a Universidade Federal do Rio de Janeiro, Universidade Federal Fluminense, Fundação Oswaldo Cruz (Fiocruz-RJ), e também com universidades estrangeiras, como a Universidade de Cartagena (Colômbia) e o Instituto de Productos Lácteos de Asturias (IPLA - CSIC) na Espanha. Sua atuação extrapola o ambiente acadêmico, prestando serviços para empresas do setor produtivo, cooperativas e órgãos do governo, contribuindo ativamente para o desenvolvimento e aprimoramento da indústria de laticínios na região.\n\nNo campo das publicações científicas, Marion Pereira Da Costa tem se destacado com trabalhos recentes, como \Global Analysis of the Co-Occurrence of Antimicrobial and Metal Resistance Genes in Bacterial Genomes from Dairy-Isolated Pathogens\"", \""Influence of Alternative Protein Sources on the Physicochemical Properties and Sensory Evaluation of a Buffalo Whey-Based Cocoa Beverage\"", e \""Technological and Shelf-Life Impact of Açaí, Beetroot, and Hibiscus Flours in Whey-Based Cocoa Beverages\"", todos publicados em 2026.\n\nComo reconhecimento de sua suma contribuição acadêmica, Marion Pereira Da Costa recebeu apoio financeiro e bolsas de pesquisa, como a modalidade de Produtividade em Pesquisa - C, evidenciando sua inserção e atuação ativa na área científica. Sua atuação profícua e diversificada é um exemplo de excelência acadêmica e comprometimento com o avanço do conhecimento em medicina veterinária e ciência e tecnologia de alimentos, consolidando-a como uma figura proeminente na comunidade científica.""",84,0,10,3,0,0,25,2013,48,101,https://openalex.org/A5050902694,E,
9ec2ca31-622d-4b14-b5f1-dcfefa933075,Karla Patricia Santos Oliveira Rodríguez Esquerre,F,1956096628005272,K4795986P2,0000-0001-8799-7365,Pós-Doutorado,CIENCIAS EXATAS E DA TERRA;CIENCIAS HUMANAS;OUTROS,,Química e processos químicos,GAMMA - Growing with Applied Metrics and Mindful Analysis,Salvador,Universidade Federal Da Bahia,UFBA,"Professora Titular da Universidade Federal da Bahia (UFBA), fundadora e coordenadora do Grupo de Pesquisa Gamma (gamma.ufba.br), atuando nos Programas de Pós-Graduação em Engenharia Industrial (PEI) e em Energia e Ambiente (PGEnAm). Desenvolve pesquisas em modelagem de sistemas, ciência de dados, inteligência artificial, confiabilidade, processos e sistemas ambientais, com foco em métricas, modelos e soluções orientadas ao desempenho ambiental, à gestão de recursos e ao apoio à tomada de decisão. Atua também em educação em ciência de dados e inteligência artificial, difusão científica, inovação social e formação científica e cidadã de jovens, da educação básica à pós-graduação. Possui doutorado em Engenharia Química pela Unicamp, com doutorado-sanduíche na University of California, Santa Barbara (UCSB). Foi Visiting Scholar na Stanford University e pesquisadora visitante na University of California, San Diego (UCSD) e na Hokkaido University, Japão. Coordena o Programa Ciência de Dados e Inteligência Artificial na Educação Pública e é cofundadora dos coletivos HerData, AI Inclusive Salvador e R-Ladies Salvador. Mantém colaborações nacionais e internacionais com universidades, instituições públicas, organizações sociais e empresas. Outras informações: LinkedIn (https://www.linkedin.com/in/karla-esquerre-5a1b2234/), Scopus (https://www.scopus.com/authid/detail.uri?authorId=35794317800) e ORCID (https://orcid.org/0000-0001-8799-7365).","A Professora Karla Patricia Santos Oliveira Rodríguez Esquerre é uma pesquisadora renomada, atualmente ocupando o cargo de Professora Titular na Universidade Federal da Bahia (UFBA). Sua expertise abrange diversas áreas, incluindo Engenharia Industrial, Energia e Ambiente, e Ciências Exatas e da Terra. Com uma sólida formação acadêmica, Karla possui Pós-Doutorado e doutorado em Engenharia Química pela Universidade Estadual de Campinas (Unicamp), além de ter realizado doutorado-sanduíche na University of California, Santa Barbara (UCSB).\n\nAo longo de sua carreira, Karla Esquerre tem se destacado por suas pesquisas inovadoras em modelagem de sistemas, ciência de dados, inteligência artificial, confiabilidade, processos e sistemas ambientais. Seu foco principal está na criação de métricas, modelos e soluções orientadas ao desempenho ambiental, gestão de recursos e apoio à tomada de decisão. Além disso, seu trabalho se estende à área educacional, envolvendo a formação em ciência de dados e inteligência artificial, difusão científica, inovação social e desenvolvimento científico e cidadão de jovens em diversos níveis de ensino.\n\nNo âmbito da pesquisa, Karla tem sido autora de importantes publicações, como o artigo \Data Science In Basic Education: An Evidence-Based Framework Integrating Learning And Assessment\"" e o capítulo de livro \""Science For Social Justice: Territorial Education And Tools For Smart And Equitable Cities\"", ambos de 2026. Essas contribuições recentes refletem seu compromisso com a disseminação do conhecimento e a aplicação prática de seus estudos.\n\nNo que diz respeito à sua atuação em programas de pós-graduação, Karla Esquerre tem envolvimento com os programas de Engenharia Industrial e Meio Ambiente, Águas e Saneamento, demonstrando sua versatilidade e abrangência de atuação no ambiente acadêmico. Além disso, é importante ressaltar sua liderança no Grupo de Pesquisa GAMMA - Growing with Applied Metrics and Mindful Analysis, evidenciando seu papel ativo na promoção e coordenação de projetos de pesquisa.\n\nNo contexto de apoio institucional, Karla recebeu o reconhecimento através do Programa de Fomento de Produtividade em Pesquisa - nível C, destacando sua relevância e impacto na comunidade científica. Esse suporte financeiro é fundamental para o desenvolvimento contínuo de suas investigações e a consolidação de sua posição como uma pesquisadora de destaque.\n\nEm suma, Karla Patricia Santos Oliveira Rodríguez Esquerre se destaca no cenário acadêmico brasileiro e internacional pela sua atuação multidisciplinar, suas contribuições significativas para a ciência e sua dedicação à formação de novos pesquisadores e à promoção da ciência de dados e inteligência artificial. Sua trajetória educacional exemplar, aliada a uma ampla gama de pesquisas e colaborações, a consolidam como uma figura proeminente no campo acadêmico, cujo trabalho continua a impactar positivamente a sociedade e o progresso científico.""",76,1,8,0,0,0,18,1159,24,86,https://openalex.org/A5038650839,A+,
9fa49c3f-ff28-4e18-99cb-eb9f4dd42ff8,Mísia Lins Reesink,F,7192216073198707,K4703037Z7,,Pós-Doutorado,CIENCIAS HUMANAS,,"Sociologia, antropologia e sociedade","DEVIR: Religião, Contemporaneidade, Morte e Imagens",Recife,Universidade Federal Da Bahia,UFBA,"MISIA LINS REESINK é doutora em Antropologia Social e Etnologia pela École des Hautes Études en Sciences Sociales-Paris (2003) e tem Mestrado em Antropologia, concluído na UFPE em 1995. Foi professora adjunta do Departamento de Antropologia da Universidade Federal da Bahia, atuando também no Programa de Pós-Graduação em Antropologia da UFBA, entre 1997 e 2008. Desde janeiro de 2009 é professora de Antropologia no Departamento de Antropologia e Museologia e da Pós-Graduação em Antropologia da Universidade Federal de Pernambuco. Coordena o Grupo de Pesquisa ''DEVIR: Religião, Contemporaneidade, Morte e Imagens''. Desenvolve pesquisas na área de Antropologia, com ênfase em Antropologia da Religião e Antropologia da Morte.","Mísia Lins Reesink é uma renomada pesquisadora na área de Ciências Humanas, com destaque em Antropologia da Religião e Antropologia da Morte. Doutora em Antropologia Social e Etnologia pela École des Hautes Études en Sciences Sociales-Paris, ela também possui um Mestrado em Antropologia pela UFPE. Sua carreira acadêmica teve início como professora adjunta no Departamento de Antropologia da Universidade Federal da Bahia, onde atuou no Programa de Pós-Graduação em Antropologia por mais de uma década.\n\nEm 2009, Mísia Lins Reesink integrou o corpo docente do Departamento de Antropologia e Museologia da Universidade Federal de Pernambuco, expandindo sua atuação para o ensino e pesquisa em uma nova instituição. Nesse contexto, ela lidera o Grupo de Pesquisa ''DEVIR: Religião, Contemporaneidade, Morte e Imagens'', que tem como foco investigativo temas relevantes e atuais no campo da Antropologia.\n\nSuas contribuições científicas mais recentes incluem publicações de destaque, como os livros \Mortes Morridas E Mortes Matadas, Ou A Banalização Do Mal\"" e \""Religião, Democracia E Morte No Brasil Hoje: Ensaios Antropológicos\"", além do capítulo \""Na Holanda, Africanos Dos Palop: Os Enjeux Da Migração E De Ser E Fazer Parte Das Comunidades Católicas De Língua Portuguesa\"". Essas obras refletem sua expertise e interesse nas relações entre religião, morte e sociedade contemporânea, contribuindo para o avanço do conhecimento nesses campos.\n\nAlém de suas realizações acadêmicas, Mísia Lins Reesink demonstra engajamento em atividades de liderança, como a coordenação do Grupo de Pesquisa mencionado anteriormente. Sua capacidade de mobilizar e orientar pesquisadores em torno de temas relevantes evidencia sua atuação proativa e colaborativa no meio acadêmico.\n\nEmbora não haja informações específicas sobre projetos de fomento ou bolsas recebidas no perfil fornecido, é importante ressaltar que essas formas de apoio institucional são fundamentais para o desenvolvimento e a manutenção das atividades de pesquisa. A participação em programas de financiamento e a conquista de bolsas de pesquisa podem ser indicativos do reconhecimento de sua produção científica e do impacto de suas investigações na comunidade acadêmica.\n\nEm resumo, Mísia Lins Reesink se destaca como uma importante figura no campo da Antropologia, com uma trajetória acadêmica sólida e uma produção científica relevante. Sua atuação abrangente reflete não apenas um sólido conhecimento teórico e metodológico, mas também um compromisso com a investigação de temas atuais e significativos para a compreensão da cultura e da sociedade. Seu trabalho e liderança em grupos de pesquisa evidenciam seu papel ativo na promoção do conhecimento científico e no estímulo ao debate acadêmico.""",27,6,16,0,0,0,0,0,0,0,,E,
a0b8eada-def9-4d74-a923-bec342ee4ba7,Lígia Amparo Da Silva Santos,F,6001666491322260,K4791179E6,,Doutorado,CIENCIAS HUMANAS,,"Sociologia, antropologia e sociedade",,,Universidade Federal Da Bahia,UFBA,"Professora Titular da Escola de Nutrição da Universidade Federal da Bahia, com formação em nutricão pela UFBA (1993) e  em educação física (1989), com mestrado em Medical Education - University of Dundee (1998), e doutorado em Ciências Sociais, pela Pontifícia Universidade Católica de São Paulo (2006), com Doutorado Sanduíche na Centre des Études Transdisciplinaires Sociologie, Anthropologie, Histoire na École des Hautes Études en Sciences Sociales CETSAH/ EHESS, França, e com Pós-Doutorado em Antropologia Social pela Universidad Nacional de Educación a Distancia (UNED-Madrid, Espanha). Bolsista de Produtividade em pesquisa do CNPQ - PQ2 (desde 2022). Atua na linha de pesquisa Ciências Sociais e Humanas em Alimentação e Nutrição (CSHAN) desde o inicio do seu doutoramento nos anos 2000, articulando temas nos campos de Alimentação, Cultura e Saúde  antropologia da alimentação e do corpo, culturas alimentares e Educação Alimentar e Nutricional, elegendo temas como corpo, obesidade e saúde, comensalidades e práticas alimentares, alimentação escolar e alimentação saudável, dentre outros. Atualmente tem também desenvolvido estudos sobre as epistemologias plurais do campo da alimentação e nutrição, particularmente as interfaces com os estudos decoloniais e interssecionalidade. Fundadora e lider de pesquisa do Núcleo de Estudos e Pesquisas em Alimentação e Cultura - NEPAC, desde 2006, atuando em diferentes projetos de pesquisa, extensão e formação de estudantes de graduação e pós-graduação neste campo e na linha de Alimentação, Nutrição e Cultura do Programa de Pós-Graduação em Alimentos, Nutrição e Saúde da UFBA (PPGANS/UFBA) desde 2008, um dos poucos programas da área de Nutrição que possui linha própria vinculada ao CSHAN, orientando dissertações e teses e supervisão de pós-doutorado ao longo deste período, assim como pósdoutorado, assim como empreende co-orientações em doutorado outras áreas, denotando os investimentos interdisciplinares. Integra ao Conselho Editorial Científico da Revista Interface - Comunicação, Saúde, Educação e Editora Associada da Revista de Nutrição e revisora de periódicos nacionais e internacionais. Membro da Câmara de Assessoramento e Avaliação da Fundação de Amparo à Pesquisa no Estado da Bahia  FAPESB-BA, da área de Ciências Médicas e da Saúde, no biênio 2021-2023. Por fim, destaca-se a atuação em redes científicas nacionais e internacionais vinculadas a linha de pesquisa, a saber: a) uma das coordenadoras da REDE NAUS - Rede Ibero Americana de Pesquisa Qualitativa em Alimentação e Sociedade, desde 2013; b) Integrante do GT de Alimentação e Cultura da Rede de Pesquisa em Soberania e Segurança Alimentar e Nutricional (Rede PENSSAN) no qual foi uma das coordenadoras entre 2019-2022; c) Integrante e é atual coordenadora  desde 2024, do GT de Alimentação, Nutrição e Saúde Coletiva da Associação Brasileira de Saúde Coletiva (ABRASCO); c) Integra a Red Internacional de Estudios de Hambre y Cultura, criada em 2019 na Espanha; d) integra e é cofundadora da Rede ILAR Investigación LatinoAmericana sobre Alimentáción en Red, criada em 2024, que é um espaço que envolve instituições e e pesquisadores latinoamericanos.   atualmente com pesquisadoras brasileiras, mexicanas e colombianas para intercambio em torno dos estudos socioculturais de alimentação na América Latina. Integra, desde 2023, O INCT - Instituto Nacional de Ciência e Tecnologia Política Educacional e Trabalho Docente, coordenado pela UFMG. Ademais, registra-se as atuações na Associação Brasileira de Antropologia, na qual é integrante e proponente de atividades da Reunião Brasileira de Antropologia, assim como participações na ALA  Associación LatinoAmericana de Antropología.",,63,8,23,0,0,0,0,0,0,0,,E,
a3c52998-2fd4-4b87-8598-2eb03e8c2490,Maria Virgínia Machado Dazzani,F,3585360338429711,K4708914Z7,,Pós-Doutorado,CIENCIAS HUMANAS,,"Psicologia, subjetividade e comportamento",dinâmicas psicossociais e educacionais em contextos de pobreza; vida universitária; queixa escolar,Salvador,Universidade Federal Da Bahia,UFBA,"É professora titular do Instituto de Psicologia da Universidade Federal da Bahia.  Possui graduação em Psicologia pela Universidade Federal da Bahia (1994), mestrado em Educação pela Universidade Federal da Bahia (2000) e doutorado em Educação pela Universidade Federal da Bahia (2004), ambos com bolsa CAPES. No período de 2002-2003, realizou estágio de pesquisa com bolsa sanduíche (CAPES) na Purdue University (Indiana, Estados Unidos). Realizou estágio pós-doutoral na Clark University, Estados Unidos (CAPES/2009-2010 e CNPq/2015-2016), sob a orientação dos Profs. Jaan Valsiner e Michael Bamberg, respectivamente. Realizou Missão de Trabalho no Exterior (PRINT/CAPES/UFBA) no GRIS (Research Group on Social Interaction/ Psychology Lab.) na Università degli Studi di Salerno (Itália), no período de julho a agosto de 2019 (CAPES-PRINT), na  East Normal China Univ,(China) em junho de 2025, e na Ritsumeikan University (Japão) em junho de 2026 (PROEX/PPGPSI). No período de 2021-2022, foi professora visitante na Università degli Studi di Salerno (Itália) através do CAPES-PRINT UFBA. É credenciada nos Programas de Pós-Graduação em Psicologia e em Educação, ambos da Universidade Federal da Bahia. É líder do Diretório de Pesquisa do CNPq intitulado Núcleo de Estudos sobre Desenvolvimento e Contextos Culturais.e coordenadora do grupo de pesquisa intitulado Investigações em Psicologia Cultural: Cultura, Linguagem, Transições e Trajetórias Desenvolvimentais (CNPQ/CULTS/UFBA). Faz parte do Editorial Board dos periódicos Social Psychology of Education (Springer) , Human Srenas (Springer) e Psychology in the Schools (Wiley). É membro do Comitê Científico da Editora Springer (New York) na Book Series on Cultural Psychology of Education. Foi coordenadora e vice-coordenadora acadêmica dos cursos de Psicologia e Serviço Social do Instituto de Psicologia (UFBA) no período de 2011-2013, coordenadora e vice-coordenadora do Programa de Pós-graduação em Psicologia (UFBA) entre os anos 2017 e 2021. Eleita vice-coordenadora do mesmo Programa de Pós-graduação para o biênio 2022-2024. Compôs a coordenação da Câmara Básica de Assessoramento e Avaliação Científico-Tecnológica, na área de Ciências Humanas e Educação da FAPESB (março de 2013 a dezembro de 2014/ março de 2015 a dezembro de 2016).   Foi Presidente/Coordenadora do Comitê de Ética da Faculdade de Filosofia e Ciências Humanas (2008-2009). Em 2021, recebeu Menção Honrosa pela orientação de Tese de Doutorado intitulada ''Tensões subjetivas e culturais na experiência identitária de ser um estudante universitário negro: a emergência de um self decolonial'', defendida por Adrielle de Matos Borges Teixeira. Participa do K- Seminar Network (grupo de pesquisadores de várias nacionalidades, coordenado por Jaan Valsiner, com sede na Aalborg University, Dinamarca). É membro do GT Psicologia Escolar/ Educacional (ANPEPP) e Psicologia Dialógica (ANPEPP). Tem experiência na área de Psicologia Escolar e Educacional, atuando principalmente nos seguintes temas: dinâmicas psicossociais e educacionais em contextos de pobreza, vida universitária, queixa escolar, conhecimento e aprendizagem, transições desenvolvimentais e processos educacionais, relação família-escola-comunidade. Sua experiência de pesquisa situa-se na interface entre a Psicologia Cultural Semiótica e a Psicologia Escolar/Educacional. Interessa-se pelo estudo do desenvolvimento em contextos culturais. Desenvolve pesquisas que envolvem: (a) a análise de narrativas sobre as transições desenvolvimentais e os processos educacionais;  (b) a análise das demandas oriundas das trajetórias acadêmicas;  (c) a compreensão do fenômeno do fracasso escolar,  (d) trajetórias universitárias; (e) Trajetórias acadêmicas e saúde mental. https://orcid.org/0000-0001-5303-3576  Scopus ID: 36174781700",,65,9,58,0,0,0,0,0,0,0,,A+,
a6102d3a-ece0-4cb2-a2a9-2a455df70e4d,Mônica De Moura Pires,F,6157255488660799,K4790355U4,0000-0001-9036-514X,Pós-Doutorado,CIENCIAS SOCIAIS APLICADAS,,Políticas públicas e desenvolvimento,,Ilhéus,Universidade Estadual De Santa Cruz,UESC,"Professora Plena/Titular do Departamento de Ciências Econômicas da Universidade Estadual de Santa Cruz (UESC) desde agosto de 1999. Possui graduação em Administração pela Universidade Estadual do Sudoeste da Bahia (1989), e Mestrado e Doutorado em Economia Rural pela Universidade Federal de Viçosa (1995), destacando-se a menção honrosa concedida pela Sociedade Brasileira de Economia e Sociologia Rural por sua dissertação. Complementou sua formação com pós-doutorados em Modelagem Econômica no Colegio Postgraduados, México (2010), e em Economia Urbana e Regional na Universidad de Oviedo, Espanha (2016). Sua área de atuação e pesquisa concentra-se em Economia, com forte ênfase em Economia Rural, Economia Regional e Urbana, Desenvolvimento e Economia dos Recursos Naturais. Na UESC, leciona Teoria Microeconômica, Economia Regional e Urbana na graduação. Na pós-graduação, ministra disciplinas como Economia Regional, Teoria Econômica, Economia dos Recursos Naturais e Meio Ambiente, e Análise Diagnóstico dos Sistemas Agrários nos programas de Mestrado e Doutorado em Desenvolvimento Regional e Meio Ambiente (PRODEMA) e em Economia Regional e Políticas Públicas (PERPP). Ao longo de sua carreira, ocupou importantes cargos de gestão, incluindo Subgerente de Pesquisa da UESC (2001-2002 e 2003-2004) e Coordenadora do Programa de Pós-Graduação em Economia Regional e Políticas Públicas (PERPP) em dois períodos (2012-2014 e 2020-2024), além de ter sido Vice-Coordenadora de 2014 a 2015. Orienta trabalhos de graduação e iniciação científica, bem como de dissertações e teses nos programas de pós-graduação. Possui diversos prêmios, com trabalhos de iniciação científica laureados na área de Ciências Sociais Aplicadas da UESC (2005, 2008, 2009) e monografias de graduação em Economia premiadas no concurso Prêmio de Monografia Economista Jairo Simões do CORECON-BA (2010, 2013, 2021). Sua atuação internacional inclui consultoria na Cooperação Técnica Brasil-Haiti (2009) em economia rural e participação na Missão de Cooperação Brasil-Guatemala (2011) em capacitação técnica em economia agrícola. Desde 2013, coordena o acordo de cooperação técnico-científica entre a UESC e a Universidad de Oviedo, Espanha. Foi membro da Diretoria da Sociedade Brasileira de Fruticultura por dois mandatos (2010-2012 e 2012-2014). É conselheira efetiva do CORECON-BA para o período de 2025-2027.","Monica de Moura Pires é uma renomada pesquisadora na área de Ciências Sociais Aplicadas, com atuação destacada na Universidade Estadual de Santa Cruz (UESC), onde exerce a função de Professora Plena/Titular no Departamento de Ciências Econômicas desde agosto de 1999. Sua expertise abrange temas relacionados à Economia, com foco especial em Economia Rural, Economia Regional e Urbana, Desenvolvimento e Economia dos Recursos Naturais.\n\nSua sólida formação acadêmica inclui graduação em Administração pela Universidade Estadual do Sudoeste da Bahia em 1989, além de Mestrado e Doutorado em Economia Rural pela Universidade Federal de Viçosa em 1995, este último sendo premiado com menção honrosa pela Sociedade Brasileira de Economia e Sociologia Rural devido à qualidade de sua dissertação. Além disso, Mônica complementou sua formação com pós-doutorados em Modelagem Econômica no Colegio Postgraduados, no México, em 2010, e em Economia Urbana e Regional na Universidad de Oviedo, na Espanha, em 2016.\n\nNo âmbito da UESC, sua atuação vai além da docência, abrangendo também a supervisão de trabalhos de graduação e iniciação científica, bem como orientação de dissertações e teses nos programas de pós-graduação em Desenvolvimento Regional e Meio Ambiente (PRODEMA) e em Economia Regional e Políticas Públicas (PERPP). Mônica é responsável por disciplinas como Teoria Microeconômica, Economia Regional e Urbana na graduação, e Economia Regional, Teoria Econômica, Economia dos Recursos Naturais e Meio Ambiente, e Análise Diagnóstico dos Sistemas Agrários na pós-graduação.\n\nAo longo de sua carreira, ela ocupou funções de destaque, atuando como Subgerente de Pesquisa da UESC em diferentes períodos, bem como assumindo a coordenação do PERPP em duas ocasiões, além de ter sido Vice-Coordenadora em outra. Sua atuação internacional inclui consultorias em economia rural no Brasil e em capacitação técnica em economia agrícola em Guatemala. Mônica também é membro da Diretoria da Sociedade Brasileira de Fruticultura e conselheira efetiva do CORECON-BA.\n\nNo que tange às suas produções científicas mais recentes, Mônica tem se destacado com artigos como \Is There An Urban Inclusivity Premium? Gender Wage Gaps Across Brazil s Urban Hierarchy\"" e \""A Economia Da Pesca Artesanal Em Comunidades Beneficiárias Da Reserva Extrativista Marinha De Canavieiras, Bahia, Brasil\"", ambos de 2026, e \""A Produção De Cacau Na Bahia: Da Escala Global À Local\"", de 2025. Esses trabalhos refletem seu interesse e expertise em temas relevantes para a economia regional e dos recursos naturais.\n\nAlém disso, Monica de Moura Pires está vinculada aos programas de pós-graduação em Economia Regional e Políticas Públicas e Desenvolvimento Regional e Meio Ambiente, evidenciando sua inserção e atuação ativa nesses contextos acadêmicos. Sua participação em programas de fomento à pesquisa, como o de Produtividade em Pesquisa - 2, demonstra seu compromisso e reconhecimento na área acadêmica.\n\nEm resumo, Monica de Moura Pires é uma pesquisadora dedicada e reconhecida, com uma trajetória acadêmica e profissional marcada por contribuições significativas para a Economia, especialmente nas áreas de Economia Rural, Regional e Urbana. Sua atuação tanto no Brasil quanto internacionalmente, aliada às suas publicações recentes e participação em programas de pós-graduação e projetos de fomento, evidenciam sua relevância e liderança no campo da pesquisa científica.""",128,11,36,0,0,0,0,0,0,1,https://openalex.org/A5136690210,A+,
a830f3b3-0255-46e9-814e-cc263e13124e,Suely Aldir Messeder,F,6962226778061835,K4799855Y8,0000-0002-7609-1792,Pós-Doutorado,CIENCIAS HUMANAS,,"Sociologia, antropologia e sociedade",Enlace,Salvador,Universidade Do Estado Da Bahia,UNEB,"Possui graduação em Ciências Sociais pela Universidade Federal da Bahia (UFBA), mestrado pelo Programa de Pós-Graduação em Ciências Sociais da UFBA e doutorado em Antropologia pela Universidade de Santiago de Compostela, validado no Brasil pelo Programa de Pós-Graduação em Antropologia da UFBA. É professora titular da Universidade do Estado da Bahia (UNEB). Foi gerente de Ações Afirmativas da UNEB, coordenadora do Doutorado Multi-institucional e Multidisciplinar em Difusão do Conhecimento e professora permanente do Programa de Pós-Graduação em Crítica Cultural do Campus II  Alagoinhas. Atualmente, é coordenadora da Agência Uneb de Inovação. Integra a Comissão Editorial de Periódicos Científicos da Associação Brasileira de Antropologia (ABA). É coordenadora do Grupo de Pesquisa Enlace e foi primeira secretária da Associação Brasileira de Estudos da Homocultura (ABEH) na gestão 2010-2012. Também atuou como gestora do Termo de Cooperação Técnica entre o Ministério Público e a Universidade do Estado da Bahia.Atualmente, é membro da Câmara Básica de Assessoramento e Avaliação Técnica da Fundação de Amparo à Pesquisa do Estado da Bahia (FAPESB). Seus interesses em ensino, pesquisa e extensão abrangem as áreas de relações de gênero e raça, gestão e difusão do conhecimento, empreendedorismo social, tecnologia social e letramento. Desenvolveu o Museu Digital Saberes e Fazeres na Bahia e o jogo digital narrativo Cocada de Dona Maria.","Suely Aldir Messeder é uma renomada pesquisadora com uma vasta trajetória acadêmica e profissional na área de Ciências Humanas. Graduada em Ciências Sociais pela Universidade Federal da Bahia (UFBA), ela obteve seu mestrado no Programa de Pós-Graduação em Ciências Sociais da UFBA e seu doutorado em Antropologia pela Universidade de Santiago de Compostela, sendo validado no Brasil pelo Programa de Pós-Graduação em Antropologia da UFBA. Atualmente, ela ocupa a posição de professora titular na Universidade do Estado da Bahia (UNEB).\n\nAo longo de sua carreira, Suely desempenhou papéis de destaque, como gerente de Ações Afirmativas da UNEB, coordenadora do Doutorado Multi-institucional e Multidisciplinar em Difusão do Conhecimento e professora permanente do Programa de Pós-Graduação em Crítica Cultural do Campus II Alagoinhas. Além disso, ela é a atual coordenadora da Agência Uneb de Inovação e integra a Comissão Editorial de Periódicos Científicos da Associação Brasileira de Antropologia (ABA). Sua dedicação às questões de gênero, raça, gestão e difusão do conhecimento é evidente em suas atividades, incluindo a coordenação do Grupo de Pesquisa Enlace e sua participação como primeira secretária da Associação Brasileira de Estudos da Homocultura (ABEH) na gestão 2010-2012.\n\nNo âmbito acadêmico, Suely está vinculada a diferentes programas de pós-graduação, como o Programa de Crítica Cultural e o Programa de Difusão do Conhecimento do IFBA, SENAI/CIMATEC, LNCC, UNEB e UEFS. Sua liderança no Grupo de Pesquisa Enlace, na área de Antropologia, demonstra sua atuação ativa na produção de conhecimento e na formação de novos pesquisadores.\n\nSuas contribuições científicas mais recentes incluem a publicação de obras como \Saberes E Fazeres Em Movimento: Cocadas, Difusão Do Conhecimento E Confluências Afrodiaspórica\"", \""Introdução\"" e \""Saberes E Fazeres Em Movimento\"". Essas publicações refletem seu interesse em temas como empreendedorismo social, tecnologia social, letramento e narrativas afro-brasileiras, evidenciando sua abordagem interdisciplinar e inovadora.\n\nSuely também recebeu apoio financeiro para suas pesquisas, como a modalidade de Produtividade em Pesquisa - C, demonstrando o reconhecimento de seus pares e instituições à relevância de suas investigações. Sua participação na Câmara Básica de Assessoramento e Avaliação Técnica da Fundação de Amparo à Pesquisa do Estado da Bahia (FAPESB) atesta sua atuação em instâncias de avaliação e fomento à pesquisa.\n\nEm suma, Suely Aldir Messeder é uma figura proeminente no campo das Ciências Humanas, cujo trabalho e compromisso com a produção de conhecimento e a promoção da diversidade e inclusão são fundamentais para o avanço da área. Sua ampla gama de experiências e realizações consolida sua posição como uma pesquisadora de destaque e influência no cenário acadêmico e científico nacional.""",25,10,61,0,3,0,2,7,0,31,https://openalex.org/A5017563995,E,
a8b176a0-3b1c-4212-a96c-b5fc89ff31e4,Silvana Soares Costa Ribeiro,F,9842550682161250,K4721196Y6,0000-0002-9397-6314,Pós-Doutorado,LINGUISTICA LETRAS E ARTES,,Linguística e estudos da linguagem,Atlas Linguístico do Brasil,Salvador,Universidade Federal Da Bahia,UFBA,"Professora Titular de Língua portuguesa da Universidade Federal da Bahia, Pesquisadora PQ2 do CNPQ, Doutora em Letras pela Universidade Federal da Bahia (2012). Tem experiência na área de Letras, com ênfase em Língua Portuguesa, atuando principalmente nas seguintes áreas: diversidade linguística, dialetologia, geolinguística, sociolinguística, norma urbana culta (Projeto NURC). Participa do Projeto de pesquisa Atlas Linguístico do Brasil (ALiB) como pesquisador, entrevistador e coordenador da Comissão de Informatização e Cartografia. Atua como Diretora científica do Comitê Nacional do Projeto ALiB desde 2016 e é, desde 2018, Diretora executiva do referido Comitê.Atua também em capacitação para o ensino superior. Possui Doutorado em Linguística Histórica pela Universidade Federal da Bahia (UFBA - 2012) e Mestrado em Linguística (UFBA -1998). É Graduada em Letras Vernáculas (Licenciatura - 1992 e Bacharelado - 1994) pela UFBA. Atuou como Superintendente Acadêmico da Universidade Federal da Bahia de 2003 a 2007. Atua como pesquisador do Projeto NURC - Salvador, tendo sido bolsista de Iniciação Científica e de Aperfeiçoamento do Projeto durante Graduação e Pós-Graduação (Mestrado). Realizou Doutorado sanduíche (CAPES COFECUB) na Université Paris 13 e defendeu a tese intitulada ''Brinquedos e brincadeiras infantis na área do ''Falar Baiano'' utilizando dados do Projeto ALiB.Como orientadora de PIBIC, recebeu Menção Honrosa da Iniciação Científica 2016/2017, pela orientação de Talita Brito de Souza.Como orientadora de Doutorado: (i) recebeu 2o lugar no Prêmio Dinah Callou de melhor Pôster (1o FIS, em 2020, UFRJ), pela coautoria com Leandro Almeida Santos e (ii) recebeu Menção honrosa no Prêmio Teses/UFBA pela orientação de Angelo Sampaio (2025). Participou do Projeto PROPESQ-UFBA - vigência março de 2017 a março de 2019. Realizou Estágio de Pós-doutorado na França (CAPES-COFECUB) na Université Paris 13 (abril a julho de 2017) e na Universidade Federal de Mato Grosso do Sul (agosto de 2017 a junho de 2018). Realizou Estágio de Pós-doutorado voluntário na Universidade Federal de Mato Grosso do Sul (março de 2023 a março de 2024). É sócia da ABRALIN. Integra o EIXO 1 do GT de Sociolinguística da ANPOLL:Variação e mudança linguísticas.",,21,10,34,0,0,0,4,138,3,40,https://openalex.org/A5009961755,B+,
aa4c4b99-3a04-4183-b58b-2aa0b7174566,Gabriela Dos Reis Sampaio,F,6050013705102457,K4791439E6,,Pós-Doutorado,CIENCIAS HUMANAS,,"História, memória e patrimônio",História do Brasil Império; Rio de Janeiro e Bahia; Escravidão,Salvador,Universidade Federal Da Bahia,UFBA,"Professora Titular do Departamento de História e membro do PPGH da Universidade Federal da Bahia (UFBA). Possui graduação em Ciências Sociais (1991), Mestrado em História Social (1995) e Doutorado (2000) em História Social pela Universidade Estadual de Campinas/UNICAMP. Recebeu o Prêmio Silvio Romero do Ministério da Cultura/Funarte/Museu Nacional do Folclore (2000), o Prêmio Nacional de Pesquisa (Arquivo Nacional/2007) e o prêmio Carioca de Monografia (2000) por sua tese de doutorado. Foi professora na Universidade da California/San Diego em 2006 e 2007. Foi coordenadora do Programa de Pós-Graduação em História da UFBA entre 2020 e 2022. Bolsista de Produtividade do Cnpq desde 2010, é autora de Nas Trincheiras da Cura: as diferentes medicinas no Rio de Janeiro imperial (Editora da Unicamp/2002), Juca Rosa, um pai de Santo na Corte Imperial (Arquivo Nacional/2009) e co-autora, com Wlamyra Albuquerque, de De que lado você samba? Raça, Política e Ciência na Bahia do pós-abolição (Editora da Unicamp/2021), entre outros títulos. É editora de resenhas da Revista Afro-Ásia. Tem experiência na área de História do Brasil, atuando principalmente nos seguintes temas: História do Brasil Império, Rio de Janeiro e Bahia, Escravidão, Religiões Afro-Brasileiras, Cultura Popular.","Gabriela Dos Reis Sampaio é uma renomada pesquisadora e professora titular do Departamento de História da Universidade Federal da Bahia (UFBA), onde também integra o Programa de Pós-Graduação em História. Sua formação acadêmica inclui graduação em Ciências Sociais (1991), Mestrado em História Social (1995) e Doutorado em História Social (2000) pela Universidade Estadual de Campinas (UNICAMP). Com um extenso currículo acadêmico, Gabriela possui pós-doutorado e é Bolsista de Produtividade do CNPq desde 2010.\n\nAo longo de sua carreira, Gabriela Dos Reis Sampaio tem se destacado por suas contribuições significativas na área de Ciências Humanas, com foco principal em História do Brasil. Suas pesquisas abrangem temas como História do Brasil Império, Escravidão, Religiões Afro-Brasileiras e Cultura Popular, com ênfase nas regiões do Rio de Janeiro e Bahia. Gabriela é autora de diversos livros, incluindo \Nas Trincheiras da Cura: as diferentes medicinas no Rio de Janeiro imperial\"", \""Juca Rosa, um pai de Santo na Corte Imperial\"" e \""De que lado você samba? Raça, Política e Ciência na Bahia do pós-abolição\"", este último co-autoria com Wlamyra Albuquerque e publicado em 2021 pela Editora da Unicamp.\n\nAlém de sua produção bibliográfica, Gabriela Dos Reis Sampaio também atua como editora de resenhas da Revista Afro-Ásia, contribuindo para a disseminação de conhecimento na área de História. Sua participação como professora visitante na Universidade da Califórnia/San Diego em 2006 e 2007 evidencia o reconhecimento internacional de sua expertise e pesquisa.\n\nNo âmbito acadêmico, Gabriela foi coordenadora do Programa de Pós-Graduação em História da UFBA entre 2020 e 2022, demonstrando sua capacidade de liderança e gestão em ambientes acadêmicos. Sua vinculação com o Programa de Pós-Graduação em História reforça sua atuação ativa na formação de novos pesquisadores e na produção de conhecimento de alto nível.\n\nRecentemente, Gabriela Dos Reis Sampaio tem se destacado por suas produções científicas, com artigos como \""¿interesses Profissionais\"", \""?incontrastáveis Fenômenos?: A Trajetória Do Dr. Virgílio Damásio, De Jovem Romântico Na Faculdade De Medicina No Império A Sisudo Governista Na República\"" e \""Entre Jongos, Jilós E Piruetas Do Pensamento Científico\"". Esses trabalhos refletem a constante dedicação de Gabriela à pesquisa acadêmica e sua contribuição para o avanço do conhecimento na área de História.\n\nEm relação a projetos de fomento e bolsas recebidos, Gabriela Dos Reis Sampaio foi contemplada com a Bolsa de Produtividade em Pesquisa - Nível 2 pelo CNPq, o que atesta seu reconhecimento e relevância no cenário acadêmico nacional. Sua atuação em projetos de pesquisa e sua inserção em programas de apoio à pesquisa evidenciam sua atuação ativa e comprometida com o desenvolvimento da ciência.\n\nEm resumo, Gabriela Dos Reis Sampaio é uma pesquisadora de destaque na área de História, com uma sólida formação acadêmica, extensa produção científica e atuação destacada em programas de pós-graduação. Sua trajetória profissional e acadêmica reflete seu comprometimento com a pesquisa de qualidade e seu papel fundamental na construção e disseminação do conhecimento na comunidade científica.""",13,8,14,0,0,0,0,0,0,0,,E,
aa742cd0-0d92-43cb-b431-fd075b322137,Deborah Maria De Faria,F,5110821848999124,K4798637H0,0000-0002-0375-2887,Pós-Doutorado,CIENCIAS BIOLOGICAS;CIENCIAS SOCIAIS APLICADAS,,"Biodiversidade, ecologia e conservação",,Ilhéus,Universidade Estadual De Santa Cruz,UESC,"Possui Graduação em Biologia pela Universidade de São Paulo, Mestrado e Doutorado em Ecologia pela Universidade Estadual de Campinas. É professora Plena da Universidade Estadual de Santa Cruz (UESC), coordenada e orienta pelo PPG de Ecologia e Conservação da Biodiversidade (PPGECB) da UESC e do PPG em Ecologia e Biomonitoramento da Universidade Federal da Bahia. Saiu de licença sabática entre 2008-2009 para a University of Queensland, Australia (Bolsa pós-doutorado CNPQ), e no ano de 2015 para a University of Leeds, Inglaterra (Bolsa CAPES, estágio sênior). Coordena projetos de pesquisa com enfoque em ecologia e conservaçao de comunidades e espécies em paisagens antrópicas da região cacaueira do sul da Bahia. Atualmente coordena projetos de pesquisa em Bioeconomia, com ênfase em serviços ambientais. Tem experiência na área de Ecologia, com ênfase em Biologia da Conservação, área em que tem a maior concentração de artigos publicados. Coordena o grupo do CNPq Laboratório de Ecologia Aplicada à Conservação (LEAC), fundou o Instituto Dríades e o faz parte do conselho fundador do Instituto Sucupira, ambas instituições da sociedade civil com objetivos de realizar pesquisas e ações ligadas a conservação da biodiversidade e desenvolvimento sustentável. Fez parte do conselho curador da Fundação de Amparo à Pesquisa do Estado da Bahia (mandato 2019-2021), e atualmente é coordenadora do Conselho Curador de Dados e do Conselho Gestor do Observatório Social do Porto Sul, parceria UESC e Parque Cientifico e Tecnologico do Sul da Bahia (PCTSUL), e membro suplente do Grupo Gestor Estadual para implementação do Plano Estadual de Mitigação e Adaptação às Mudanças Climáticas na Agricultura para a Consolidação de uma Economia de Baixa Emissão de Carbono da Bahia - Plano ABC+ Bahia. Atua nos seguintes temas: ecologia de morcegos, biodiversidade em paisagens antrópicas e sistemas agroflorestais, ecologia de espécies de interesse em conservação (Chaetomys subspinosus, Megaptera novaeangliae) e bioeconomia, particularmente com projetos práticos em biocréditos (carbono e biodiversidade).","Deborah Maria De Faria é uma renomada pesquisadora brasileira, atuando como Professora Plena na Universidade Estadual de Santa Cruz (UESC) e coordenando projetos de pesquisa nas áreas de Ecologia e Conservação da Biodiversidade. Com um extenso currículo acadêmico, Deborah possui formação sólida, tendo obtido seu título de Doutorado em Ecologia pela Universidade Estadual de Campinas (UNICAMP), após concluir sua Graduação em Biologia pela Universidade de São Paulo.\n\nAo longo de sua carreira, Deborah demonstrou um profundo engajamento e excelência acadêmica, tendo realizado um Pós-Doutorado na University of Queensland, Austrália, com uma bolsa do CNPQ, e outro na University of Leeds, Inglaterra, financiado pela CAPES. Focada em ecologia e conservação de comunidades e espécies em paisagens antrópicas da região cacaueira do sul da Bahia, suas pesquisas destacam-se pela abordagem multidisciplinar e pelo compromisso com a sustentabilidade ambiental.\n\nAtualmente, Deborah coordena projetos de pesquisa em Bioeconomia, com ênfase em serviços ambientais, demonstrando sua constante busca por soluções inovadoras e sustentáveis para os desafios ambientais contemporâneos. Sua experiência na área de Ecologia, com ênfase em Biologia da Conservação, é evidenciada pelo alto número de artigos publicados e pela participação em projetos de relevância nacional e internacional.\n\nAlém de suas atividades de pesquisa, Deborah está profundamente envolvida com programas de Pós-Graduação, como o Programa de Ecologia e o Programa de Ecologia e Conservação da Biodiversidade, onde contribui ativamente para a formação de novos pesquisadores e para o avanço do conhecimento científico em sua área de atuação. Sua participação em programas acadêmicos e funções de liderança em grupos de pesquisa demonstram seu papel fundamental na promoção da excelência acadêmica e na formação de uma nova geração de cientistas comprometidos com a conservação da biodiversidade.\n\nNo que diz respeito às suas produções bibliográficas mais recentes, Deborah destaca-se por artigos como \Multiscale Drivers Of Species Number And Composition Of Bees And Wasps In Shaded Cocoa Agroforests\"" e \""Toward Sustainable Cocoa Production In Brazil: Certification Systems And Sustainability Challenges In Bahia\"", que evidenciam sua contribuição significativa para a compreensão e promoção de práticas sustentáveis na produção de cacau no Brasil.\n\nDeborah também recebeu reconhecimento por seu trabalho, tendo sido contemplada com uma bolsa de Produtividade em Pesquisa - 1B, demonstrando o mérito e a relevância de suas investigações. Sua atuação como coordenadora do Conselho Curador de Dados e do Observatório Social do Porto Sul, bem como sua participação em projetos relacionados à mitigação e adaptação às mudanças climáticas, reforçam seu compromisso com a pesquisa de ponta e com a busca por soluções inovadoras e sustentáveis para os desafios ambientais atuais.\n\nEm suma, Deborah Maria De Faria destaca-se como uma pesquisadora dedicada, comprometida e altamente qualificada, cujo trabalho contribui significativamente para o avanço da ciência, para a promoção da conservação da biodiversidade e para o desenvolvimento de soluções sustentáveis para os desafios ambientais contemporâneos. Sua trajetória acadêmica e profissional exemplar a coloca como uma referência na área de Ecologia e Conservação da Biodiversidade, inspirando tanto seus colegas quanto futuras gerações de pesquisadores a seguirem seu exemplo de excelência e comprometimento com a ciência.""",106,2,7,0,0,0,41,6081,77,132,https://openalex.org/A5082567408,A+,
aba7c23d-5a62-473b-9673-cde82b17dcf2,Analívia Martins Barbosa,F,7266901653214031,K4716858A6,000-0002-7336-6623,Pós-Doutorado,CIENCIAS AGRARIAS,,Produção animal e pastagens,nutrição e produção de ruminantes; avaliação de alimentos para ruminantes; bovinocultura de corte,Salvador,Universidade Federal Da Bahia,UFBA,"Possui Graduação em Zootecnia pela Universidade Católica de Goiás (2002), Mestrado (2005) e Doutorado (2009) em Medicina Veterinária pela Universidade Federal de Viçosa e é Professora Associada IV do Departamento de Zootecnia da Universidade Federal da Bahia, atuando principalmente nos seguintes temas: nutrição e produção de ruminantes; avaliação de alimentos  para ruminantes; bovinocultura de corte; ovinocultura; qualidade da carne",,56,3,0,1,0,0,0,0,0,0,,A+,
acb48e02-1ce1-42a8-a7e8-2633fea8883a,Cristiana Maria Costa Nascimento De Carvalho,F,8882444793123454,K4785370J3,,Doutorado,CIENCIAS DA SAUDE,,,,Salvador,Universidade Federal Da Bahia,UFBA,"Formada em Medicina (1987), fez Residência em Pediatria (1988-1989), Especialização em Infectologia Pediátrica (1990), defendeu Mestrado (1994), Doutorado (2001) e Livre-Docência (2007). Tomou posse como Professora do Departamento de Pediatria da UFBA em 1991 onde ascendeu a Professora Titular em 2017. Até junho/2022, concluiu a orientação de 58 alunos de Iniciação Científica, 19 mestres, 11 doutores (8 defenderam o Doutorado nos últimos 10 anos) e 3 pós-doutores que concluíram nos últimos 5 anos. Em junho/2022, estão em andamento, 2 orientações de Iniciação Científica, 2 de Mestrado e 5 de Doutorado. No último decênio (até junho/2022), publicou 68 manuscritos, dos quais 64 foram publicados em periódicos com Fator de Impacto maior que 2, sendo que em 62 desses manuscritos a pesquisadora foi a última autora em 46, primeira autora em 10, segunda autora em 05 e penúltima autora em 01; 40 desses 62 artigos foram publicados em periódicos com Fator de Impacto maior que 3, sendo a pesquisadora a última autora em 32, primeira autora em 04 e segunda autora em 04. Integra o Conselho Editorial da seção ESPID Reports and Reviews do Pediatric Infectious Disease Journal (JCR-2020:2,129) e é Editora Associada do Frontiers in Pediatrics (JCR-2020:3,418). Atua como revisora por pares de diversas revistas como Lancet (JCR-2020:202,731), Lancet Infectious Diseases (JCR-2020:25,071), BMJ (JCR-2020:93,333). Publicou 1 livro nacional, 33 capítulos de livros nacionais e 4 capítulos de livro estrangeiros. Fez 38 apresentações em Eventos Científicos no exterior. Recebeu o Prêmio Jovem Pesquisador da UFBA (1986 e 1987), foi professora homenageada dos formandos em medicina da UFBA nos 2 semestres de 2004 e no semestre 2007.1, foi finalista do Prêmio de Incentivo em Ciência e Tecnologia para o SUS (2009 e 2010) e do Prêmio Cláudia (2012); foi orientadora de 3 alunos de Iniciação Científica que receberam o Prêmio PUBLIC FAPEX pelo excelente indicador de produtividade durante a Iniciação Científica (2009, 2010, 2012), entre outros prêmios. Tornou-se Membro Titular da Academia de Ciências da Bahia em 2015. São linhas de pesquisa Infecção Respiratória, Infecção Pneumocócica, Infecção do Sistema Nervoso Central. É líder do Grupo de Pesquisa em Infectologia Pediátrica (CNPq) e trabalha em cooperação com o LACEN-BA, Centro de Pesquisa Gonçalo Moniz (FIOCRUZ), Instituto Adolfo Lutz-SP, Faculdade de Saúde Pública (USP), National Institute for Health and Welfare e Turku University Hospital (Finlândia), Paris Descartes University, Paris (França), the Ohio State University College of Medicine, Columbus (EUA), Organização Panamericana de Saúde (EUA) e Universitair Medisch Centrum Rotterdam (Holanda). Até junho/2022, obteve aprovação para financiamento de 14 projetos de pesquisa, de agências de fomento brasileiras e estrangeiras. Em setembro/2006 passou a integrar o quadro de bolsistas em Produtividade de Pesquisa do CNPq, em agosto/2013 ascendeu para a categoria 1D, em março/2019 ascendeu para a categoria 1C. Atualmente é consultora da Fundação de Amparo a Pesquisa no Estado da Bahia (FAPESB), do Ministério da Saúde e do CNPq, no Brasil, do Sabin Vaccine Institute nos EUA e do Welcome Trust no Reino Unido. Foi Chefe do Departamento de Pediatria (2003-2005), fundou o Programa de Pós-graduação em Ciências da Saúde da UFBA (Conceito CAPES 5), o qual coordenou por 3 mandatos (2008-2010, 2012-2014, 2014-2016). Em 2016, escreveu o projeto Pesquisador em Medicina, aprovado pelo Conselho Acadêmico de Ensino da UFBA, projeto esse implantado em julho/2017, que oferece ao aluno do Curso de Graduação em Medicina a oportunidade de iniciar o Curso de Doutorado durante a graduação. Participa de diversas sociedades científicas, entre as quais a Sociedade Européia de Infectologia Pediátrica, onde foi admitida em dezembro/2005, e passou a ser tutora em março/2007. Integrou o Núcleo Gerencial do Departamento de Infectologia da Sociedade Brasileira de Pediatria em 04 gestões.","Cristiana Maria Costa Nascimento De Carvalho é uma renomada pesquisadora brasileira, com atuação destacada na área de Ciências da Saúde. Graduada em Medicina em 1987, pela Universidade Federal Da Bahia (UFBA), a pesquisadora possui uma extensa formação acadêmica, tendo concluído sua Residência em Pediatria em 1989, além de Especialização em Infectologia Pediátrica no ano de 1990. Sua dedicação às pesquisas a levou a obter o título de Mestre em 1994, seguido pelo Doutorado em 2001 e Livre-Docência em 2007.\n\nDesde 1991, Cristiana integra o corpo docente do Departamento de Pediatria da UFBA, onde foi nomeada Professora Titular em 2017, demonstrando um percurso profissional marcado por constante evolução e reconhecimento na academia. Ao longo de sua carreira, orientou significativo número de alunos em diferentes níveis de formação, contabilizando orientações de Iniciação Científica, Mestrado, Doutorado e Pós-Doutorado, com relevante destaque para os oito doutorados defendidos nos últimos 10 anos.\n\nCom mais de 68 manuscritos publicados no último decênio, Cristiana mantém uma produção científica ativa e qualificada, com diversos artigos em periódicos de alto impacto, refletindo sua expertise nas áreas de Infecção Respiratória, Infecção Pneumocócica e Infecção do Sistema Nervoso Central. Além disso, a pesquisadora possui capítulos de livros nacionais e estrangeiros, bem como uma presença significativa em eventos científicos internacionais, consolidando sua projeção internacional e contribuição para a disseminação do conhecimento em sua área de atuação.\n\nComo líder do Grupo de Pesquisa em Infectologia Pediátrica (CNPq), Cristiana estabelece colaborações nacionais e internacionais com instituições de renome, como o LACEN-BA, FIOCRUZ, e universidades estrangeiras, evidenciando sua atuação multidisciplinar e abrangente. Sua participação em programas de pós-graduação, como o Programa em Ciências da Saúde, e sua experiência como fundadora e coordenadora do Programa de Pós-graduação em Ciências da Saúde na UFBA, ratificam sua influência e engajamento na formação de novos pesquisadores e na promoção da excelência acadêmica.\n\nDestaca-se ainda o apoio recebido por Cristiana através de projetos de fomento e bolsas de pesquisa, que atestam o reconhecimento de suas contribuições científicas e a relevância de suas investigações para a comunidade acadêmica. Sua inserção em conselhos editoriais, sua atuação como revisora em revistas científicas de renome e seu papel como consultora em diversas instituições demonstram o prestígio e a confiança depositados em sua expertise no campo da Saúde.\n\nEm resumo, Cristiana Maria Costa Nascimento De Carvalho é uma figura de destaque na pesquisa em Infectologia Pediátrica, com uma trajetória acadêmica sólida, vasta produção científica, participação ativa em programas de pós-graduação e projetos de fomento, evidenciando sua relevância e impacto na área da Saúde, tanto no cenário nacional quanto internacional. Sua atuação como docente, pesquisadora e líder de grupo de pesquisa a coloca como uma referência no campo, contribuindo de forma significativa para o avanço do conhecimento científico e para a formação de novos pesquisadores.",180,1,39,0,0,0,0,0,0,0,,E,
aced3260-645c-47aa-a3a7-9d53f8fb439e,Lidyanne Yuriko Saleme Aona Pinheiro,F,2995068533295594,K4707585A2,0000-0001-8477-5791,Doutorado,CIENCIAS BIOLOGICAS,,Botânica e biodiversidade vegetal,Commelinaceae; Cactaceae; Plantas aquáticas,Cruz das Almas,Universidade Federal Do Recôncavo Da Bahia,UFRB,"Ingressou na carreira Docente como professora de Sistemática Vegetal da Universidade Federal do Recôncavo da Bahia (UFRB) em 2007. Atuou como coordenadora do programa de Pós-Graduação em Recursos Genéticos Vegetais (RGV-UFRB/EMBRAPA) de 2016 a 2020. Possui graduação em Licenciatura em Ciências Biológicas pela Universidade Estadual de Campinas (1998), mestrado (2003) e doutorado (2008) em Biologia Vegetal pela Universidade Estadual de Campinas. É professora Titular da UFRB, atuando no quadro de docentes permanentes do Programa de Pós-Graduação em Recursos Genéticos Vegetais (RGV-UFRB/EMBRAPA). É curadora do Herbário do Recôncavo da Bahia (HURB) desde 2014. Atualmente, está na coordenação do programa de Pós-Graduação em Recursos Genéticos Vegetais (RGV-UFRB/EMBRAPA) (Gestão 2023-2025 e 2026-2027). Participada do Grupo de Assessoramento Técnico (GAT) do  Plano de Ação Territorial (PAT) Chapada Diamantina-Serra da Jiboia, do Comitê Gestor do PPBIO Restinga Rede Beira-Mar e da Diretoria Nacional da Sociedade Botânica do Brasil (SBB) - Gestão 2023-2026. Tem experiência na área de Botânica, com produção acadêmica centrada em Sistemática Vegetal, atuando principalmente nos seguintes temas: Commelinaceae, Cactaceae, Plantas aquáticas,Taxonomia e sistemática filogenética de Angiospermas, levantamentos florísticos dos remanescentes florestais da Bahia e coleções científicas.","Lidyanne Yuriko Saleme Aona Pinheiro é uma renomada pesquisadora da área de Ciências Biológicas, vinculada à Universidade Federal do Recôncavo da Bahia (UFRB). Com Doutorado em Biologia Vegetal pela Universidade Estadual de Campinas, ela possui uma sólida trajetória acadêmica e profissional que a posiciona como uma autoridade no campo da Sistemática Vegetal.\n\nIniciando sua carreira como docente em 2007, Lidyanne se destacou como professora de Sistemática Vegetal na UFRB, onde atualmente ocupa o cargo de professora Titular. Sua formação inclui uma graduação em Licenciatura em Ciências Biológicas pela Universidade Estadual de Campinas, seguida por um mestrado e doutorado na mesma instituição, consolidando sua expertise na área de Botânica.\n\nAlém de suas atividades acadêmicas, Lidyanne também exerceu o papel de coordenadora do programa de Pós-Graduação em Recursos Genéticos Vegetais (RGV-UFRB/EMBRAPA) entre 2016 e 2020. Como curadora do Herbário do Recôncavo da Bahia (HURB) desde 2014, ela demonstra um profundo compromisso com a preservação da biodiversidade vegetal e o desenvolvimento de pesquisas botânicas de excelência.\n\nSua produção científica mais recente inclui artigos como \Checklist Of Bromeliaceae In The State Of Bahia, Brazil\"" e \""Tropical Seed Trait Database: Advancing Seed Functional Ecology In The World s Most Biodiverse Region\"". Essas publicações refletem o foco de Lidyanne em estudos taxonômicos e filogenéticos de plantas, bem como em levantamentos florísticos dos remanescentes florestais da Bahia.\n\nAlém de suas contribuições científicas, Lidyanne desempenha um papel ativo na coordenação do programa de Pós-Graduação em Recursos Genéticos Vegetais (RGV-UFRB/EMBRAPA), demonstrando sua capacidade de liderança e gestão de projetos acadêmicos de grande relevância. Sua participação em grupos de assessoramento técnico e comitês gestores reforça seu engajamento com questões botânicas e ambientais de âmbito nacional.\n\nEmbora não tenha sido mencionado o recebimento de bolsas de pesquisa ou financiamento específico, a participação de Lidyanne em programas de fomento, como o de Produtividade em Pesquisa - nível 2, atesta seu reconhecimento no meio acadêmico e a qualidade de suas contribuições para a ciência botânica.\n\nEm resumo, Lidyanne Yuriko Saleme Aona Pinheiro é uma pesquisadora dedicada e experiente, com uma vasta experiência em Botânica e Sistemática Vegetal. Sua trajetória educacional e profissional, aliada à sua produção científica de destaque, a consolidam como uma referência no estudo da flora brasileira, contribuindo significativamente para o avanço do conhecimento em Ciências Biológicas. Sua atuação em programas de pós-graduação e funções de liderança evidenciam sua importância na formação de novos pesquisadores e na promoção da conservação ambiental através da pesquisa botânica.""",124,3,28,0,6,0,0,0,0,1,https://openalex.org/A5135853969,B+,
ad90bd61-e23e-4e00-9242-44672c96d5a0,Angela Lucia Silva Figueiredo,F,6332981346537949,K4763751H1,0000-0003-3803-0355,Doutorado,CIENCIAS HUMANAS,,,,Cachoeira,Universidade Federal Do Recôncavo Da Bahia,UFRB,"É professora Titular no Centro de Artes, Humanidades e Letras da Universidad Federal do Recôncavo da Bahia e Bolsista PQ2 CNPQ. Possui graduação em antropologia pela Universidade Federal da Bahia (1994), Mestrado em Ciências Sociais pela Universidade Federal da Bahia (1998) , Doutorado em Sociologia pela Sociedade Brasileira de Instrução - SBI/IUPERJ (2003). Realizou o Pósdoc em 2006 na Universidade da Virginia (UVA) , no departamento de African America Studies, em 2016 na Universidade da California- Berkeley, no departamento Ethnic Studies e em 2022 também na UCBerkeley no departamento de African America Studies. Angela e coordenadora do Coletivo Angela Davis, um grupo de pesquisa ativista nas áreas de gênero, raça e subalternidade e coordenadora da primeira Escola Internacional Feminista Negra Decolonial. É professora do Programa de Pós-graduação em Ciências Sociais da UFRB, atua em dois programas na UFBA, a Pós-Graduação em Estudos étnicos e Africanos (POSAFRO) e no programa de Pós-graduação em Estudos Interdisciplinares de gênero (PPGNEIM).  Como pesquisadora, tem atuado nas áreas de Desigualdades Sociais e Raciais, Desigualdades de Gênero, Cultura e Identidade, Classe Média, Beleza,  Movimento Sociais, Empreendedorismo, Feminismo Negro e Emprego Doméstico.  Realizou dois filmes-documentários: Deusa do Ébano (2004) e Diálogos com o Sagrado (2013). Foi curadora da exposição Global African Hair que ocorreu no Centro Cultural da Caixa Econômica Federal em Salvador (2012).  Coordenou o curso de formação para jovens empreendedor em parceira com a Escola Pública  (2012, 2013 e 2014). Publicou os seguintes livros: Novas elites de cor: um estudo sobre os profissionais negros em Salvador (20020, Classe média negra: Trajetórias e perfis (2012), Beleza Negra (2016). Nos últimos anos, publicou artigos na área de gênero, raça e feminismo negro, Escreveu o prefácio do livro ''A liberdade é uma Luta Constante''. Realiza oficinas e workshops sobre Empreendedorismo, Feminismo negro e Escrita para as mulheres.","Angela Lucia Silva Figueiredo, professora Titular no Centro de Artes, Humanidades e Letras da Universidade Federal do Recôncavo da Bahia, é uma pesquisadora com sólida formação acadêmica e vasta experiência em Ciências Humanas. Graduada em Antropologia pela Universidade Federal da Bahia, Angela obteve seu Mestrado em Ciências Sociais pela mesma instituição e concluiu seu Doutorado em Sociologia pela Sociedade Brasileira de Instrução - SBI/IUPERJ. Como bolsista PQ2 do CNPQ, Angela se destacou no cenário acadêmico nacional e internacional, realizando pós-doutorados nas renomadas Universidade da Virginia (UVA) e Universidade da Califórnia - Berkeley, em departamentos de African America Studies e Ethnic Studies.\n\nPossuidora de uma ampla gama de interesses de pesquisa, Angela é coordenadora do Coletivo Angela Davis, grupo ativista dedicado às áreas de gênero, raça e subalternidade, além de ser líder da primeira Escola Internacional Feminista Negra Decolonial. Sua atuação como professora no Programa de Pós-graduação em Ciências Sociais da UFRB, bem como nos programas de Pós-graduação em Estudos Étnicos e Africanos (POSAFRO) e em Estudos Interdisciplinares de Gênero (PPGNEIM) na UFBA, demonstra seu comprometimento com a formação de novos pesquisadores e sua abordagem interseccional e crítica em relação às desigualdades sociais e raciais, gênero, cultura e identidade.\n\nRecentemente, Angela tem se destacado por suas contribuições científicas, com publicações significativas como o artigo \Escrita Para Mulheres Negras Ou, Simplesmente, Uma Carta Para Anzaldúa\"" e o capítulo de livro \""Feminismos Negros E Interseccionalidade No Brasil\"". Sua participação em eventos acadêmicos, como a apresentação sobre resistência e insurgência no enfrentamento das iniquidades em saúde, ressalta sua atuação multidisciplinar e engajada com questões sociais urgentes.\n\nAlém de seus feitos na pesquisa e na docência, Angela também se destaca pela liderança em programas de pós-graduação, sendo vinculada a diversos programas relevantes, como Ciências Sociais, História da África, da Diáspora e dos Povos Indígenas, Estudos Étnicos e Africanos, e Estudos Interdisciplinares sobre Mulheres, Gênero e Feminismo. Sua participação em projetos de fomento, como a modalidade de Produtividade em Pesquisa - nível 2, demonstra o reconhecimento de sua trajetória e contribuições para a área acadêmica.\n\nEm síntese, Angela Lucia Silva Figueiredo é uma pesquisadora renomada e atuante, cuja trajetória acadêmica e profissional se fundamenta em uma sólida formação, experiências internacionais e uma ampla atuação em áreas cruciais para o entendimento das desigualdades sociais, de gênero e raciais. Suas contribuições científicas recentes e sua liderança em programas de pós-graduação e grupos de pesquisa evidenciam sua relevância e comprometimento com o avanço do conhecimento e da justiça social na contemporaneidade.""",28,4,29,0,0,0,9,245,8,34,https://openalex.org/A5076613243,E,
add72ac6-00d8-4867-ac9b-8101d17185cb,Elisalva Teixeira Guimaraes,F,7840482835489813,K4764634T9,0000-0001-9274-2957,Pós-Doutorado,CIENCIAS BIOLOGICAS;CIENCIAS DA SAUDE,,,''Avaliação da Atividade Biológica de Produtos Naturais e Sintéticos'' e ''Terapias com Células-tronco'',Salvador,Universidade Do Estado Da Bahia,UNEB,"Possui graduação em Ciências Biológicas pela Universidade Católica do Salvador (2000), mestrado (2004) e doutorado (2010) em Patologia pela Universidade Federal da Bahia/ Fiocruz-BA. Tem experiência com pesquisa em Terapia Celular, Imunofarmacologia e Análises Histopatológicas, atuando principalmente nos seguintes temas: ''Avaliação da Atividade Biológica de Produtos Naturais e Sintéticos'' e ''Terapias com Células-tronco''. Atualmente é bolsista de produtividade em pesquisa do CNPq (PQ2) e desenvolve pesquisa no Laboratório de Engenharia Tecidual e Imunofarmacologia do Instituto Gonçalo Moniz- FIOCRUZ/BA e no Laboratório de Histotécnica e Cultura Celular da Universidade do Estado da Bahia (UNEB). É líder do grupo de pesquisa cadastrado no CNPq: Núcleo de Estudo e Pesquisa em Histopatologia. É membro permanente do Programa de Pós-graduação em Ciências Farmacêuticas (PPGFARMA/UNEB) onde exerce atividade docente e de orientação de discentes de mestrado. Na graduação, desenvolve atividades como professora adjunta, de orientação de discentes de iniciação científica, de projetos de extensão e de trabalho de conclusão de curso na UNEB e na Escola Bahiana de Medicina e Saúde Pública.","Elisalva Teixeira Guimaraes é uma renomada pesquisadora com uma extensa atuação na área de Ciências Biológicas e Ciências da Saúde. Possui formação acadêmica sólida, com graduação em Ciências Biológicas pela Universidade Católica do Salvador, mestrado e doutorado em Patologia pela Universidade Federal da Bahia/ Fiocruz-BA, além de pós-doutorado. Atualmente, é bolsista de produtividade em pesquisa do CNPq (PQ2) e desenvolve suas atividades no Laboratório de Engenharia Tecidual e Imunofarmacologia do Instituto Gonçalo Moniz - FIOCRUZ/BA e no Laboratório de Histotécnica e Cultura Celular da Universidade do Estado da Bahia (UNEB).\n\nAo longo de sua carreira, Elisalva concentrou seus esforços de pesquisa em temas como Terapia Celular, Imunofarmacologia e Análises Histopatológicas, com foco na avaliação da atividade biológica de produtos naturais e sintéticos, bem como no estudo de terapias com células-tronco. Sua expertise e liderança são evidenciadas pelo papel de líder do grupo de pesquisa cadastrado no CNPq, intitulado Núcleo de Estudo e Pesquisa em Histopatologia (NUHISPAT), além de sua participação como membro permanente do Programa de Pós-graduação em Ciências Farmacêuticas (PPGFARMA/UNEB), onde atua como docente e orientadora de discentes de mestrado.\n\nElisalva também possui uma sólida trajetória educacional, tendo concluído seu Doutorado em Patologia e Mestrado no Centro de Pesquisas Gonçalo Moniz/Fundação Oswaldo Cruz/BA, e sua Graduação em Ciências Biológicas na Universidade Católica do Salvador. Sua formação diversificada e especializada contribui significativamente para sua atuação interdisciplinar e abrangente nas áreas de pesquisa em que se dedica.\n\nNo que diz respeito às suas contribuições científicas mais recentes, Elisalva tem se destacado por suas publicações em periódicos de alto impacto, com títulos como \Structure-activity Relationship Analysis Of Flavonoids Isolated From The Leaves Of Erythroxylum Rimosum O. E. Schulz\"", \""Computer-Aided Drug Design Studies In Association With In Vitro Antileishmanial Tests For New Chalcones\"" e \""Ferai, A Novel Brominated Chalcone, Induces Ultrastructural Alterations And Apoptosis Like-Death In Leishmania Braziliensis\"". Esses estudos refletem seu compromisso com a inovação e a excelência científica em suas investigações.\n\nAlém disso, Elisalva tem se beneficiado de apoio institucional e financeiro para suas pesquisas, como evidenciado por sua participação em programas de fomento, como o recebimento da Modalidade de Produtividade em Pesquisa - 2 do CNPq. Esses recursos têm sido essenciais para o avanço de suas investigações e para sua contínua contribuição para o desenvolvimento científico da área.\n\nEm resumo, a trajetória acadêmica e profissional de Elisalva Teixeira Guimaraes é marcada por sua dedicação à pesquisa em Ciências Biológicas e Ciências da Saúde, com ênfase em Terapia Celular, Imunofarmacologia e Análises Histopatológicas. Sua atuação como líder de grupo de pesquisa, sua participação ativa em programas de pós-graduação e suas recentes publicações científicas demonstram sua relevância e impacto no cenário acadêmico-científico nacional e internacional.""",45,0,1,0,0,0,22,1103,31,80,https://openalex.org/A5019274221,B+,
af025849-ae86-463e-9d7f-f54194006b70,Patricia Leone Espinheira Ospina,F,5451260154742484,K4796778Z9,0000-0002-9150-8330,Pós-Doutorado,CIENCIAS EXATAS E DA TERRA,,"Matemática, estatística e modelagem",modelos de regressão heteroscedásticos; modelos lineares generalizados; modelos lineares e não lineares para variáveis duplamente limitadas como taxas,Salvador,Universidade Federal Da Bahia,UFBA,"foi professora do departamento de estatística da Universidade Federal de Pernambuco de 2008 a 2022 e desde então é professora do departamento de estatística da Universidade Federal da Bahia, atualmente professora associada I.Possui graduação em bacharelado em estatística pela Universidade Federal da Bahia (1995), mestrado em estatística pela Universidade Federal de Pernambuco (2003), doutorado em estatística pela Universidade de São Paulo (2007) , pós-doutorado em Estatística pela Universidade de São Paulo (2007) e pós-doutorado em estatística para informática aplicada à educação pela Universidade Federal de Alagoas (2016). Tem experiência na área de probabilidade e estatística, com ênfase em estatística. Atuando principalmente nos seguintes temas: modelos de regressão heteroscedásticos, modelos lineares generalizados, modelos lineares e não lineares para variáveis duplamente limitadas como taxas, proporções e índices, a saber: regressões beta, simplex, gama unitária, em que tem atuado fortemente na área de análise de diagnóstico, resíduos, influência local, predição, intervalos de predição, bootstrap, teoria assintótica, statistical learning e ciência de dados. Vice-coordenadora do programa de pós-graduação em estatística da Universidade Federal de Pernambuco desde novembro de 2019 à Janeiro de 2021. Membro permanente do programa de pós-graduação em estatística da UFPE. Membro da pós-graduação em estatística e ciência de dados do departamento de estatística da UFBA. ****** Em dezembro de 2022 sofri um grave acidente e me tornei PCD. ****","Patricia Leone Espinheira Ospina é uma pesquisadora brasileira atuante na área de Estatística, com destaque por sua expertise em modelos de regressão heteroscedásticos e modelos lineares e não lineares para variáveis limitadas. Possui uma extensa trajetória acadêmica e profissional, sendo atualmente professora associada I no departamento de estatística da Universidade Federal da Bahia, após ter lecionado no mesmo departamento na Universidade Federal de Pernambuco por vários anos.\n\nA sua formação acadêmica inclui um bacharelado em Estatística pela Universidade Federal da Bahia, seguido por um mestrado em Estatística pela Universidade Federal de Pernambuco e um doutorado em Estatística pela Universidade de São Paulo. Além disso, realizou dois pós-doutorados, um em Estatística também pela USP e outro em Estatística para Informática aplicada à Educação pela Universidade Federal de Alagoas. A pesquisadora ainda possui experiência nas áreas de probabilidade e estatística, com foco em estatística e temáticas relacionadas.\n\nDentre suas principais áreas de pesquisa estão os modelos de regressão heteroscedásticos, modelos lineares generalizados, modelos lineares e não lineares para variáveis duplamente limitadas, como taxas, proporções e índices. Destaca-se seu trabalho em regressões beta, simplex e gama unitária, com forte atuação em análise de diagnóstico, resíduos, influência local, predição, intervalos de predição, bootstrap, teoria assintótica, statistical learning e ciência de dados.\n\nAlém de sua atuação como docente e pesquisadora, Patricia também desempenhou funções de liderança e coordenação em programas de pós-graduação em Estatística, sendo vice-coordenadora do programa de pós-graduação em Estatística da Universidade Federal de Pernambuco e membro permanente do programa de pós-graduação em Estatística da mesma instituição. Atualmente, é membro da pós-graduação em Estatística e Ciência de Dados do departamento de Estatística da UFBA, demonstrando seu engajamento e colaboração no campo acadêmico.\n\nEm relação às suas produções científicas mais recentes, Patricia publicou diversos artigos, como \Bootstrap Tests For Nonlinear Simplex Models\"", \""Exponential Family-Based Residuals For Beta And Unit Gamma Regressions: A Bias-Variance Perspective\"" e \""Prediction in The Nonlinear Simplex Model\"", contribuindo assim para o avanço do conhecimento em sua área de atuação.\n\nPor fim, destaca-se que a pesquisadora recebeu apoio institucional por meio de programas de fomento, como a Produtividade em Pesquisa - Nível 2, evidenciando seu reconhecimento e relevância no cenário acadêmico. Seu perfil de pesquisa e sua atuação em programas de pós-graduação demonstram seu comprometimento com a formação de novos pesquisadores e sua contribuição significativa para o desenvolvimento da Estatística e áreas correlatas.""",28,0,1,0,0,0,11,556,11,27,https://openalex.org/A5063917919,A+,
b00067c2-5561-4957-b3a3-d088383f4d30,Lenira Peral Rengel,F,0520517205232499,K4775809T0,,Pós-Doutorado,CIENCIAS HUMANAS;LINGUISTICA LETRAS E ARTES,,Artes e processos de criação,Corponectivos em Danças,Salvador,Universidade Federal Da Bahia,UFBA,"Professora da Escola de Dança da Universidade Federal da Bahia/Brasil. Docente permanente do Programa de Pós-Graduação em Dança (acadêmico) e do Programa de Pós-Graduação Profissional em Dança. Pesquisadora Bolsista Produtividade do Conselho Nacional de Pesquisa Científica/CNPq. Pós-doutoramento (4 de março a 19 de julho 2026), no Programa de Pós-Graduação em Comunicação e Semiótica da Pontifícia Universidade Católica de São Paulo/PPGCOS-PUCSP, sob supervisão da Professora  Doutora Helena Katz. Foi coordenadora do Programa de Pós-Graduação em Dança/UFBA-Mestrado e Doutorado Acadêmicos (2014-2016 e 2020) com importante atuação para a consolidação do Programa. Doutora em Comunicação e Semiótica (PUCSP), Mestre em Artes (Universidade Estadual de Campinas/Unicamp), Bacharel em Direção Teatral (Escola de Comunicações e Artes da Universidade de São Paulo/ECA-USP). Formação como dançarina em variadas modalidades e técnicas e práticas do corpo, como balé (Vaganova e Cecchetti), dança moderna, danças brasileiras, Yoga, Pilates, Feldenkrais, Alexander, Tai Chi Chuan. Atua, também, como preparadora do corpo, modelo vivo, diretora, coreógrafa e dramaturgista. Estudou com Maria Duschenes a Arte de Movimento de Rudolf Laban por 23 anos. Pesquisa de Mestrado finalizada com investigação de dados no Laban Center de Londres e curso de Especialização0 com Doctor Valerie Preston-Dunlop (2000). Tem publicado o importante Dicionário Laban de amplo uso no país. Um conjunto epistemológico e metodológico crítico e politicamente progressista vivifica as atuações da pesquisa, no ensino, na extensão e na gestão. Engaja-se à Dança com ênfase nos processos cognitivos emancipatórios que se referem a signar (verbo) e signagem (substantivo), aspectos enativos e semióticos do movimento. Para tal ação de emancipação dos corpos apresenta a proposição de corponectividade/corponectivo e corpofórum, que se efetivam nas dançasfórum, dançasimagem (com todas as idades e corpos, leigos ou profissionais). Orienta estudantes de Graduação, Especialização, Mestrado, Doutorado e Pós-Doutorado. Orienta Estágios e escritas de Trabalho de Conclusão de Curso/TCC. Líder do Grupo de Pesquisa Corponectivos em Danças (UFBA/CNPq, desde 2010). Membro da Associação Nacional de Pesquisadores em Dança/ANDA e faz parte da coordenação do comitê temático Dança em Múltiplos Contextos Educacionais, foi também da diretoria (2012-2014). Atua na gestão com a compreensão de que esta complementa as ações de ensino, pesquisa e extensão, no seu sentido finalístico. Desde 2011 na UFBA, ocupa cargos de gestão. Esteve como coordenadora do Programa de Pós-Graduação Profissional em Dança (2019). Foi coordenadora de Colegiado de Graduação (2012), Coordenadora do Cursos de Especialização (Pró-Reitoria de Extensão 2011-2012), Coordenadora de Ações Afirmativas (Pró-Reitoria de Ações Afirmativas e Assistência Estudantil (2013). Conselheira nos Conselhos Superiores da UFBA: Conselho Acadêmico de Ensino-CAE; Conselho Acadêmico de Pesquisa e Extensão- CAPEX, Conselho Superior de Ensino, Pesquisa e Extensão- CONSEPE). É membro do Grupo de Pesquisa Centro de Estudos em Dança-CED/PUCSP-CNPq e do Grupo de Pesquisa em Estudos do Teatro do Oprimido - GESTO/UFBA-CNPq. Atuou no ChoreographicLab (2021 e 2022) Middlesex University/UAL e University of Chichester e mantém conexões de ações com o Laboratoire MusiDanse 1572 - Université Paris-8. Pesquisadora e docente do Projeto estruturante em Rede sobre Teatro do Oprimido e outras práticas pedagógicas- Edital Pró-Humanidades 2022. Parecerista de revistas e membro de comitê de assessoramento de instituições nacionais e estaduais. Tem artigos, capítulos e livros publicados sobre as temáticas que pesquisa.","Lenira Peral Rengel é uma renomada pesquisadora e professora brasileira, atuando na Escola de Dança da Universidade Federal da Bahia (UFBA) como docente permanente dos Programas de Pós-Graduação em Dança, tanto acadêmico quanto profissional. Com uma extensa formação acadêmica, Lenira possui pós-doutorado realizado no Programa de Pós-Graduação em Comunicação e Semiótica da Pontifícia Universidade Católica de São Paulo (PUCSP), sob supervisão da Professora Doutora Helena Katz. Sua formação inclui Doutorado em Comunicação e Semiótica pela PUCSP, Mestrado em Artes pela Universidade Estadual de Campinas (Unicamp) e Bacharelado em Teatro com Habilitação em Direção Teatral pela Universidade de São Paulo (USP).\n\nAo longo de sua carreira, Lenira se destacou como coordenadora do Programa de Pós-Graduação em Dança da UFBA, contribuindo significativamente para sua consolidação. Seu foco de pesquisa está nas Ciências Humanas, Linguística, Letras e Artes, com ênfase em processos cognitivos emancipatórios relacionados à dança e ao movimento. Além disso, ela é uma dançarina versátil, com experiência em balé, dança moderna, danças brasileiras, Yoga, Pilates, entre outras práticas do corpo.\n\nComo líder do Grupo de Pesquisa Corponectivos em Danças na UFBA, Lenira tem orientado estudantes de todos os níveis acadêmicos, desde Graduação até Pós-Doutorado, e publicado extensivamente sobre suas áreas de pesquisa. Suas produções bibliográficas mais recentes incluem capítulos de livros e trabalhos apresentados em eventos científicos, abordando temas como dinâmicas do movimento, atualizações no campo da dança e a didática da ação entre o balé clássico e a quadrilha junina.\n\nAlém de suas atividades de pesquisa e ensino, Lenira tem uma forte atuação na gestão acadêmica, ocupando cargos de coordenação em diversos programas e comissões da UFBA. Como parecerista de revistas acadêmicas e membro de comitês de assessoramento, ela contribui ativamente para a avaliação e seleção de projetos científicos na área de dança.\n\nAo longo de sua carreira, Lenira tem sido contemplada com bolsas de produtividade em pesquisa pelo Conselho Nacional de Desenvolvimento Científico e Tecnológico (CNPq), demonstrando o reconhecimento de suas contribuições para o avanço do conhecimento em sua área de atuação. Sua participação em projetos de fomento e a liderança de grupos de pesquisa destacam-na como uma figura proeminente na comunidade científica, cujo trabalho tem impacto não apenas no cenário nacional, mas também internacional, como evidenciado por suas colaborações com instituições estrangeiras de renome.\n\nEm suma, Lenira Peral Rengel é uma pesquisadora dedicada e altamente qualificada, cuja trajetória educacional e profissional exemplar a posiciona como uma referência no campo da dança e das artes cênicas. Sua vasta experiência e contribuições significativas para o desenvolvimento da dança como área de estudo conferem-lhe um lugar de destaque na comunidade acadêmica e artística.",4,24,15,0,0,0,0,0,0,0,,A+,
b02db870-edaa-49a0-b88e-b2a336acbab2,Luiza Amim Mercante,F,4746829076971556,K4559934J6,0000-0003-4206-6545,Pós-Doutorado,CIENCIAS EXATAS E DA TERRA,,Química e processos químicos,,Salvador,Universidade Federal Da Bahia,UFBA,"PPossui graduação em Química Industrial (2008) e doutorado em Química (2013) pela Universidade Federal Fluminense (UFF), com estágio doutoral sanduíche na University of Massachusetts  Amherst (EUA). Realizou pós-doutorado na Embrapa Instrumentação (São Carlos/SP) entre 2013 e 2018, incluindo estágio no Instituto Catalão de Nanociência e Nanotecnologia (Barcelona, Espanha) em 2015. Desde 2019, é Professora Adjunta do Instituto de Química da Universidade Federal da Bahia (UFBA), onde também atua como orientadora do Programa de Pós-Graduação em Química. É bolsista de Produtividade em Pesquisa do CNPq (desde 2022), Editora Associada do Journal of Cluster Science (Springer) e integrante do corpo editorial da Discover Materials (Springer). Eleita membro afiliada da Academia Brasileira de Ciência (mandato 2026-2030). Desenvolve pesquisa nas áreas de Química de Materiais e Nanotecnologia, com ênfase no desenvolvimento de nanomateriais e compósitos para aplicações ambientais e biotecnológicas. Suas linhas de atuação incluem nanofibras poliméricas e cerâmicas, nanozymes, sensores e biossensores químicos, além de materiais e sistemas voltados à remoção de poluentes ambientais.","Luiza Amim Mercante é uma pesquisadora com atuação na Universidade Federal da Bahia, onde ocupa o cargo de Professora Adjunta no Instituto de Química. Com formação inicial em Química Industrial pela Universidade Federal Fluminense, Luiza seguiu uma trajetória acadêmica de destaque ao obter seu doutorado em Química também pela UFF, em 2013. Seu percurso incluiu um estágio doutoral sanduíche na University of Massachusetts Amherst, nos Estados Unidos, enriquecendo sua formação internacionalmente.\n\nApós concluir seu doutorado, Luiza Amim Mercante realizou um pós-doutorado na Embrapa Instrumentação, em São Carlos (SP), com uma passagem pelo Instituto Catalão de Nanociência e Nanotecnologia, em Barcelona, na Espanha, no ano de 2015. Essas experiências contribuíram significativamente para a expansão de seu conhecimento e expertise em Química de Materiais e Nanotecnologia.\n\nDesde 2019, Luiza atua como orientadora no Programa de Pós-Graduação em Química da UFBA, demonstrando seu comprometimento com a formação de novos pesquisadores. Além disso, ela também é bolsista de Produtividade em Pesquisa do CNPq, reconhecimento de sua produtividade científica e impacto no campo da Química.\n\nSua pesquisa se concentra no desenvolvimento de nanomateriais e compósitos para aplicações ambientais e biotecnológicas. Suas principais áreas de atuação envolvem nanofibras poliméricas e cerâmicas, nanozymes, sensores e biossensores químicos, bem como materiais e sistemas para remoção de poluentes ambientais. Suas contribuições científicas mais recentes incluem publicações como \Engineering Polymeric Substrates: How Sustainable And Active Materials Enhance Electrochemical Point-Of-Need Devices\"" (2026), \""Advances In Electrospun Nanofiber-Based Biosensors: Fundamentals And Applications\"" (2026) e \""Electrospun Composite Membranes For Filtration And Separation Applications\"" (2026).\n\nAlém de suas atividades de pesquisa e orientação, Luiza Amim Mercante mantém uma sólida presença em programas de pós-graduação, com vínculo no Programa de Pós-Graduação em Química. Sua capacidade de liderança e seu papel ativo na formação de novos pesquisadores são aspectos fundamentais de sua atuação acadêmica.\n\nNo que diz respeito a financiamentos e bolsas, Luiza foi contemplada com uma bolsa de Produtividade em Pesquisa do CNPq, evidenciando o reconhecimento de sua atuação destacada no meio acadêmico e científico. Seu engajamento em projetos de fomento e sua participação em atividades de pesquisa demonstram seu comprometimento com a excelência científica e o avanço da Química.\n\nEm suma, Luiza Amim Mercante é uma pesquisadora proeminente na área de Química de Materiais e Nanotecnologia, com uma carreira sólida e impactante. Sua atuação como docente, orientadora, pesquisadora e colaboradora em diferentes frentes demonstra seu papel fundamental no desenvolvimento científico e tecnológico do Brasil.""",86,1,15,2,0,0,35,3922,65,128,https://openalex.org/A5010269981,A+,
b15f78dd-a1df-4bf9-a628-237944a0f37f,Maíra Benchimol De Souza,F,6914151236983905,K4774942T9,0000-0002-1238-1619,Pós-Doutorado,CIENCIAS AGRARIAS;CIENCIAS BIOLOGICAS,,,,Ilhéus,Universidade Estadual De Santa Cruz,UESC,"Sou Professora Adjunta em Ecologia na Universidade Estadual de Santa Cruz (UESC) desde 2019 e membro do corpo permanente do Programa de Pós-Graduação em Ecologia e Conservação da Biodiversidade desta mesma instituição. Fui Professa Visitante/Adjunto da UESC entre 2016 e 2019; realizei o Pós-Doutorado em Ecologia e Conservação da Biodiversidade nesta mesma instituição (2014-2016); o doutorado em Environmental Sciences (Ciências Ambientais) com enfoque em Ecology, Evolution and Conservation na University of East Anglia, Reino Unido (2014); o mestrado em Ecologia pelo Instituto Nacional de Pesquisas da Amazônia (2009) e a graduação em Ciências Biológicas pela Universidade Estadual do Norte Fluminense Darcy Ribeiro (2006). Minhas pesquisas visam compreender como as atividades humanas (como perda e fragmentação de habitats, caça e fogo) afetam os padrões de diversidade e serviços ecológicos em paisagens fragmentadas na Mata Atlântica e Amazônia, sob a ótica de Ecologia de Paisagens. Fui editora chefe do periódico Oecologia Australis (2022-2024) e sou Bolsista de Produtividade do CNPq desde 2022. E-mail para contato: mairabs02@gmail.com","Maíra Benchimol De Souza é uma Pesquisadora com atuação na área de Ecologia, vinculada à Universidade Estadual De Santa Cruz (UESC). Possui Pós-Doutorado em Ecologia e Conservação da Biodiversidade, sendo Professora Adjunta na UESC desde 2019 e membro do Programa de Pós-Graduação em Ecologia e Conservação da Biodiversidade da mesma instituição.\n\nSua formação acadêmica inclui um Doutorado em Environmental Sciences com foco em Ecology, Evolution and Conservation pela University of East Anglia, Reino Unido, realizado entre 2010 e 2014. Antes disso, obteve o Mestrado em Ecologia pelo Instituto Nacional de Pesquisas da Amazônia em 2009 e a graduação em Ciências Biológicas pela Universidade Estadual do Norte Fluminense Darcy Ribeiro em 2006. Essa trajetória educacional diversificada contribui para sua expertise em questões ambientais e de conservação da biodiversidade.\n\nAo longo de sua carreira, Maíra tem se dedicado a investigar os impactos das atividades humanas, como perda e fragmentação de habitats, caça e fogo, nos padrões de diversidade e serviços ecossistêmicos em paisagens fragmentadas da Mata Atlântica e Amazônia. Sua abordagem baseada na Ecologia de Paisagens permite uma compreensão mais ampla das interações entre os elementos do ecossistema e os efeitos das intervenções antrópicas.\n\nAlém de suas atividades de pesquisa, Maíra assumiu a posição de editora chefe do periódico Oecologia Australis entre 2022 e 2024, demonstrando seu engajamento na divulgação e disseminação do conhecimento científico. Sua produção científica mais recente inclui artigos como \Tropical Seed Trait Database: Advancing Seed Functional Ecology In The World's Most Biodiverse Region\"" e \""Climate Predicts Tree Dispersal Strategies Across Brazil's Ecosystems\"", ambos publicados em 2026.\n\nNo âmbito acadêmico, a pesquisadora está diretamente envolvida no Programa de Pós-Graduação em Ecologia e Conservação da Biodiversidade, contribuindo para a formação de novos pesquisadores e a produção de conhecimento na área. Além disso, Maíra é Bolsista de Produtividade do CNPq desde 2022, o que evidencia o reconhecimento de sua atuação pelo meio acadêmico.\n\nEm termos de apoio institucional e financiamento de projetos, Maíra Benchimol De Souza esteve envolvida em programas de fomento, como o Programa de Produtividade em Pesquisa - nível 2, demonstrando sua capacidade de captar recursos e desenvolver estudos de relevância na área de Ciências Agrárias e Biológicas.\n\nEm resumo, Maíra Benchimol De Souza é uma pesquisadora dedicada e qualificada, com uma sólida formação acadêmica e contribuições significativas para o campo da Ecologia e Conservação da Biodiversidade. Sua atuação interdisciplinar e seu comprometimento com a produção científica e a formação de novos pesquisadores a consolidam como uma referência na área, promovendo avanços nos estudos ambientais e na compreensão dos impactos humanos nos ecossistemas naturais.""",100,5,2,0,0,0,27,3156,54,112,https://openalex.org/A5035756612,A+,
b48bb849-ece5-46fa-a6b0-35457ac93900,Wlamyra Ribeiro De Albuquerque,F,2359566367659802,K4796361D6,,Pós-Doutorado,CIENCIAS HUMANAS,,"História, memória e patrimônio",,,Universidade Federal Da Bahia,UFBA,"Professora de História do Brasil do Departamento de História e da linha de pesquisa Escravidão e Invenção da Liberdade- PPGH (UFBA). Pesquisadora de Produtividade CNPq, desde 2010. Orienta pesquisas sobre emancipação, abolição, racialização e pós-abolição no Brasil. Coordenou entre 2016-2018, o Programa de Pós Graduação em História (UFBa).É mestre em História pela Universidade Federal da Bahia, doutora em História Social pela Universidade Estadual de Campinas e realizou pós-doutorado, na modalidade Estágio Sênior, no Latin American Studies/ Harvard University (2015), com bolsa CAPES; foi contemplada com bolsa Tinker Visiting Professor na UChicago ( springer quarter 2022) e com bolsa Fulbright ocupou  a catédra Ruth Cardoso - Georgetown University (fall quater 2022). Dentre as principais publicações estão: Algazarra nas ruas- comemorações da Independenica na Bahia, Editora UNICAMP, (1999); O Jogo da Dissimulação-Abolição e Cidadania Negra no Brasil, Cia das Letras, (2009); em co-autoria com Walter Fraga ,Uma História da Cultura Afro-Brasileira , Ed. Moderna, (2010), que recebeu o prêmio Jabuti; e em co-autoria com Gabriela Sampaio De que lado voce samba - raça, política e ciência na Bahia do pós-abolição, Ed. UNICAMP, (2021). A publicação mais recente é o artigo ''The Life and Times of a Free Black Man in Brazils Era of Abolition: Teodoro Sampaio, 1855-1937'' (2022).  Presidiu a  Comissão de Heteroidentificação Complementar das Cotas Raciais da UFBa, entre 2019 e 2021. É membro da Comissão Capes-Print da UFBa; da Comissão Fulbright (FIN- UFBa), do Comitê Científico do Centro de Estudos Afro-Orientais- UFBa e do Conselho Editorial da Revista Afro-Ásia. É a atual Superintendente de Relações Internacionais da Universidade Federal da Bahia e membro do Comite Assessor da área de História- CNPq.","Wlamyra Ribeiro De Albuquerque, pesquisadora brasileira com atuação na Universidade Federal da Bahia (UFBA) e especialização em Ciências Humanas, é uma renomada historiadora com uma vasta trajetória acadêmica e profissional. Com uma sólida formação, possui pós-doutorado realizado no Latin American Studies em Harvard University, além de ter obtido seu doutorado em História Social pela Universidade Estadual de Campinas (Unicamp) e mestrado em História pela UFBA.\n\nAo longo de sua carreira, Wlamyra tem se destacado por suas pesquisas sobre emancipação, abolição, racialização e pós-abolição no Brasil, áreas nas quais orienta pesquisas no Programa de Pós-Graduação em História da UFBA. Sua produção bibliográfica inclui obras como \O Jogo da Dissimulação: Abolição e Cidadania Negra no Brasil\"", \""Uma História da Cultura Afro-Brasileira\"" - em co-autoria com Walter Fraga - e \""De que lado você samba: raça, política e ciência na Bahia do pós-abolição\"", escrita juntamente com Gabriela Sampaio.\n\nAlém de sua atuação como pesquisadora, Wlamyra também exerce funções de liderança e colaboração acadêmica. Entre 2016 e 2018, coordenou o Programa de Pós-Graduação em História da UFBA, demonstrando sua capacidade de gerenciamento e organização. Mais recentemente, presidiu a Comissão de Heteroidentificação Complementar das Cotas Raciais da instituição, evidenciando seu engajamento com questões de diversidade e inclusão no ambiente acadêmico.\n\nNo âmbito internacional, Wlamyra teve a oportunidade de expandir sua atuação por meio de bolsas de pesquisa e estágios em universidades renomadas. Recebeu bolsa Tinker Visiting Professor na UChicago e ocupou a cátedra Ruth Cardoso na Georgetown University, enriquecendo sua experiência e contribuindo para a internacionalização de sua produção científica.\n\nRecentemente, suas produções bibliográficas têm abordado temas como as insurgências e contravenções na história de Luiz Gama na Bahia e as celebrações populares da Independência no Brasil, demonstrando a continuidade de seu interesse por questões ligadas à história política e social do país. Além disso, tem contribuído com artigos em revistas especializadas, como o texto \""The Life and Times of a Free Black Man in Brazil's Era of Abolition: Teodoro Sampaio, 1855-1937\"".\n\nNo âmbito acadêmico, Wlamyra mantém vínculos com o Programa de Pós-Graduação em História da UFBA, demonstrando sua atuação e colaboração contínuas com a formação de novos pesquisadores. Sua participação em comissões e comitês, como a Comissão Capes-Print e o Comitê Assessor da área de História do CNPq, revelam seu engajamento com a pesquisa e a avaliação de projetos acadêmicos.\n\nPor meio de sua atuação como Superintendente de Relações Internacionais da UFBA, Wlamyra também contribui para a expansão e consolidação de parcerias internacionais, promovendo a internacionalização da universidade e fortalecendo a presença da instituição no cenário acadêmico global.\n\nDessa forma, Wlamyra Ribeiro De Albuquerque se destaca como uma pesquisadora atuante e comprometida, cujo trabalho acadêmico e liderança institucional têm contribuído significativamente para o avanço dos estudos em História no Brasil e no mundo. Suas pesquisas e publicações refletem seu compromisso com a análise crítica da história brasileira, especialmente no que diz respeito às questões de raça, abolição e cidadania negra.""",14,8,12,0,0,0,0,0,0,0,,E,
b6c98a73-d9cf-44dd-94e9-ec5a5c37acb4,Edilece Souza Couto,F,7180588820841828,K4761135A3,,Pós-Doutorado,CIENCIAS HUMANAS,,"História, memória e patrimônio",O Som do Lugar e o Mundo; Religiões e Assistência no Mundo Atlântico e Lusófono,Salvador,Universidade Federal Da Bahia,UFBA,"Doutora em História pela Universidade Estadual Paulista Júlio de Mesquita Filho (2004). Professora Titular em História da Universidade Federal da Bahia. Tem experiência na área de História, com ênfase em História Medieval e História das Religiões e das Religiosidades. Pesquisa principalmente os seguintes temas: Cristianismo (Catolicismo e Protestantismo) associações leigas católicas, devoções e festas. É membro da Associação Brasileira de História das Religiões - ABHR (www.abhr.org.br), do GT Nacional da ANPUH - História das Religiões e das Religiosidades, da Rede de Pesquisa História e Catolicismo no Mundo Contemporâneo - RHC (http://www.redehistoriaecatolicismo.com.br)   e da Rede Internacional Multidisciplinar de Estudos de Gênero - RIMEG (UFBA/Salvador/Brasil- UNCuyo/Mendoza/Argentina) . É pesquisadora do LETHAM-UFBA (Laboratório de Estudos sobre Transmissão e História Textual na Antiguidade e no Medievo). colaboradora no Grupo de Investigação Sociabilidades e práticas religiosas do CITCEM - Centro de Investigação Transdisciplinar Cultura, Espaço e Memória - Universidade do Porto, Portugal e líder do grupo de pesquisa Religiões e Assistência no Mundo Atlântico e Lusófono - RAMAL.","Edilece Souza Couto é uma renomada pesquisadora brasileira, atuando como Professora Titular em História na Universidade Federal da Bahia. Com um extenso currículo acadêmico, ela obteve seu Doutorado em História pela Universidade Estadual Paulista Júlio de Mesquita Filho em 2004, consolidando uma sólida base de conhecimento que a habilitou a se destacar no campo das Ciências Humanas.\n\nSua trajetória educacional evidencia um percurso consistente e enriquecedor, tendo obtido seu grau de Doutorado em História em 2004, seguido por um Mestrado em História em 1998 e uma Especialização em História Regional em 1996. Sua formação inicial inclui um Bacharelado em Estudos Sociais - História em 1994, demonstrando um comprometimento contínuo com a sua área de atuação e um desejo de aprimorar constantemente suas habilidades e conhecimentos.\n\nComo pesquisadora, Edilece Souza Couto se destaca por suas contribuições significativas no campo da História Medieval e História das Religiões e das Religiosidades. Seu foco de pesquisa abrange temas como o Cristianismo (Catolicismo e Protestantismo), associações leigas católicas, devoções e festas religiosas. Sua atuação como membro de importantes associações acadêmicas, como a Associação Brasileira de História das Religiões (ABHR) e o Grupo Nacional da ANPUH - História das Religiões e das Religiosidades, demonstra seu engajamento e inserção no cenário acadêmico nacional e internacional.\n\nAlém disso, Edilece Souza Couto lidera o grupo de pesquisa Religiões e Assistência no Mundo Atlântico e Lusófono, evidenciando sua capacidade de liderança e coordenação de projetos de pesquisa interdisciplinares. Sua participação ativa em grupos de pesquisa, como o LETHAM-UFBA e o CITCEM - Centro de Investigação Transdisciplinar Cultura, Espaço e Memória da Universidade do Porto, Portugal, ressalta sua colaboração em redes de pesquisa nacionais e internacionais, promovendo a troca de conhecimentos e experiências entre pesquisadores de diversas origens.\n\nNo que diz respeito às suas produções bibliográficas mais recentes, destaca-se seu artigo \Fé E/ouimpério? Da Unidade À Pluralidade De Fé Nos Espaços Lusófonos\"", publicado em 2025, juntamente com outros artigos relevantes como \""Valha-Nos A Providência: Festas E Ritos Católicos Em Tempos Epidêmicos, Salvador-Ba, Brasil, 1918-1919\"" e \""História, Memória E Divulgação Científica Na Casa Das Histórias De Salvador\"", ambos publicados em 2024. Essas publicações demonstram a diversidade de interesses e abordagens de pesquisa de Edilece Souza Couto, que contribui de forma significativa para a produção científica na área de História.\n\nPor fim, sua participação em programas de pós-graduação, como o Programa de Pós-Graduação em História, e sua concessão de bolsas de Produtividade em Pesquisa evidenciam seu compromisso com a formação de novos pesquisadores e seu reconhecimento no meio acadêmico. Edilece Souza Couto destaca-se, portanto, como uma figura proeminente no campo da História, cujo trabalho e dedicação têm contribuído de forma inestimável para o avanço do conhecimento e a promoção do diálogo interdisciplinar na academia.""",29,8,27,0,0,0,0,0,0,0,,A,
b737440e-1e9c-4a05-85e8-4b6dd32fe770,Reyjane Patrícia De Oliveira,F,9963880674159036,K4767247P0,0000-0001-8831-2882,Pós-Doutorado,CIENCIAS BIOLOGICAS,,Botânica e biodiversidade vegetal,,Feira de Santana,Universidade Estadual De Feira De Santana,UEFS,"Graduação em Ciências Biológicas, Especialização em Sistemática de Angiospermas com ênfase na Flora do Nordeste; Mestrado e Doutorado em Botânica na UEFS (Universidade Estadual de Feira de Santana, Bahia), onde atuei como bióloga no herbário HUEFS e professora visitante do DCBio até 2008. De 2009-2011 fui professora adjunta do Departamento de Botânica do Instituto de Biologia da UFBA (Universidade Federal da Bahia), atuando nos cursos de Biologia e Farmácia. Desde 2011 retornei ao DCBIO/UEFS onde sou professora plena e atuo nos cursos de graduação em Biologia e Agronomia e no núcleo permanente dos Programas de Pós-graduação em Botânica (PPGBot) e Recursos Genéticos Vegetais (RGV), ambos nota 5/CAPES, atuando nos dois colegiados. Coordenei o Colegiado do PPGBot de 2014 a 2020 e fui vice coordenadora deste curso (2023-2025). Desde 2025, também participo do Colegiado do curso de Agronomia. Sou vinculada ao LAMOL (Laboratório de Sistemática Molecular de Plantas) e ao herbário HUEFS, bolsista de Produtividade em Pesquisa do CNPq desde 2010. Oriento alunos de Iniciação Científica, TCC, Mestrado e Doutorado, com produção científica centrada em Sistemática, florística, evolução e conservação de plantas, especialmente gramíneas/bambus (Poaceae) e outras Monocots, incluindo palmeiras. Coordeno o grupo de pesquisas Identiflora/UEFS, a rede PPBIO Semiárido e atuo no projeto de extensão POPBOT: Popularização da Botânica, coordenando o subprojeto Atualidades em Botânica. Participo de redes internacionais de pesquisa, como o BPG (Bamboo Phylogeny group) e atuo na editoração de artigos para diferentes revistas nacionais e internacionais. Participo de inventários florísticos envolvendo o Semiárido e a Mata Atlântica, estudando variadas famílias de plantas, com ênfase na Flora da Bahia. Meus temas de interesse: Flora do Brasil; Biossistemática/Taxonomia integrativa; Coleta, herborização e identificação de plantas; Complexos de espécies; Delimitação específica; Taxonomia molecular; DNA Barcoding; Filogenia; Marcadores moleculares; Variabilidade genética; Morfometria; Micromorfologia e Anatomia vegetal; Modelagem ecológica de nicho; Biogeografia; Conservação; Botânica aplicada; Plantas úteis; Caatinga; Chapada Diamantina. Email: rpatricia@uefs.br",,166,1,16,0,0,0,18,2859,35,207,https://openalex.org/A5041978099,A+,
bf2f7d61-c9e9-4f9e-9bd0-d68363a84533,Larissa Chaves Pedreira Silva,F,4745485245511735,K4708983H7,0000-0001-8939-324X,Pós-Doutorado,CIENCIAS DA SAUDE,,Enfermagem e cuidado,,Salvador,Universidade Federal Da Bahia,UFBA,"Possui graduação em Enfermagem pela Universidade Católica do Salvador (1992), mestrado em Enfermagem pela Universidade Federal da Bahia (2000) e doutorado em Enfermagem pela Universidade Federal da Bahia (2009). Professora Titular da Universidade Federal da Bahia, atualmente professora permanente do Programa de Pós Graduação em Enfermagem e Saúde. Vice líder do Grupo de Pesquisa do Idoso (NESPI). Coordenou por cinco anos a Residência em Enfermagem Intensivista convênio ISG/SESAB/UFBA e foi tutora da Residência Multiprofissional do Hospital Universitário, integrando também a equipe que a implantou. Participou da equipe que planejou e implantou o Programa de Atenção Domiciliar da UFBA. Bolsista de Produtividade do CNPq com o projeto: ''Cuidado Transicional Hospital Domicílio como Apoio a Cuidadores Familiares''. Participa da coordenação acadêmica da Comissão de Gestão da Alta do Hospital Universitário. Tem experiência na área de Enfermagem, com ênfase em Enfermagem na atenção a saúde do idoso, atuando nos seguintes temas: idoso hospitalizado, enfermagem, transição do cuidado, cuidado domiciliar e cuidadores familiares.",,115,4,17,0,0,0,13,724,23,127,https://openalex.org/A5012148939,A+,
c06d1fe4-042e-4943-af74-d5da9d2205b1,Carina Da Silva Pinheiro,F,7260077963144576,K4701183H9,0000-0001-5623-1308,Pós-Doutorado,,CIENCIAS BIOLOGICAS;CIENCIAS DA SAUDE,,,Salvador,Universidade Federal Da Bahia,UFBA,"Professora de Parasitologia do Instituto de Ciências da Saúde (ICS) da Universidade Federal da Bahia-UFBA, sendo professora permanente do Programa de Pós-Graduação em Imunologia da UFBA (PPGIm). É também membro da Sociedade Brasileira de Parasitologia, da Sociedade Brasileira de Imunologia e do INCT mucosas e pele. Possui experiência na área de Parasitologia, com ênfase em Biologia Molecular atuando principalmente dentro da linha de pesquisa de imunodiagnóstico e imunoterapia de doenças parasitárias e alérgicas. Possui formação em Ciências Biológicas pela Pontifícia Universidade Católica de Minas Gerais, com iniciação científica na Universidade Federal de Minas Gerais (UFMG) e na Universidade de Lausanne- Suiça.  Mestrado em Parasitologia (UFMG), Doutorado em Biomedicina pela Santa Casa de Misericórdia de Minas Gerais, com período de doutorado sanduíche no Queensland institute of Medical Research (QIMR) na Austrália, e Pós-doutorado no departamento de Bioquímica e Imunologia no laboratório de Imunologia e Doenças infecciosas, UFMG (2009-2012) e no laboratório de Biologia Molecular da Universidade de Salzburgo Áustria (2017-2018). Maiores informações sobre o grupo de pesquisa podem ser obtidas no diretório de grupos do CNPQ: dgp.cnpq.br/dgp/espelhogrupo/8519605502565089","Carina Da Silva Pinheiro é uma renomada Pesquisadora e Professora de Parasitologia no Instituto de Ciências da Saúde (ICS) da Universidade Federal da Bahia (UFBA). Com uma extensa trajetória educacional e profissional, Carina possui uma sólida formação em Ciências Biológicas pela Pontifícia Universidade Católica de Minas Gerais, tendo realizado iniciação científica tanto na Universidade Federal de Minas Gerais (UFMG) quanto na Universidade de Lausanne, na Suíça. \n\nAo longo de sua carreira acadêmica, Carina obteve seu Mestrado em Parasitologia pela UFMG, seguido por um Doutorado em Biomedicina no Instituto de Ensino e Pesquisa da Santa Casa de Belo Horizonte, onde também realizou um período de doutorado sanduíche no Queensland Institute of Medical Research, na Austrália. Além disso, ela complementou sua formação com um Pós-Doutorado no departamento de Bioquímica e Imunologia no Laboratório de Imunologia e Doenças Infecciosas da UFMG, e posteriormente no Laboratório de Biologia Molecular da Universidade de Salzburgo, Áustria.\n\nCarina é reconhecida por suas contribuições significativas na área de Parasitologia, com foco em Biologia Molecular. Sua expertise está concentrada especialmente nas linhas de pesquisa de imunodiagnóstico e imunoterapia de doenças parasitárias e alérgicas. Sua produção científica mais recente inclui publicações em revistas especializadas, como um estudo sobre a reatividade antitoxocara canis em doenças reumáticas autoimunes e um artigo sobre a determinação de reatividade IgE de isoformas do alérgeno do ácaro Blomia tropicalis, apontando para um potencial biomarcador da gravidade da asma.\n\nAlém de sua atuação acadêmica, Carina está profundamente envolvida com o Programa de Pós-Graduação em Imunologia da UFBA, onde exerce a função de professora permanente. Sua inserção na comunidade científica se estende também para sua participação na Sociedade Brasileira de Parasitologia, na Sociedade Brasileira de Imunologia e no INCT mucosas e pele. Sua liderança se destaca não apenas em sala de aula, mas também como membro ativo em grupos de pesquisa, como evidenciado em seu grupo de pesquisa disponível no diretório de grupos do CNPQ.\n\nAdicionalmente, Carina recebeu reconhecimento por sua excelência acadêmica através de programas de fomento, como a Produtividade em Pesquisa - nível 2. Esses apoios financeiros e bolsas de pesquisa destacam seu compromisso e impacto na área acadêmica, evidenciando sua relevância e engajamento em projetos de grande importância científica.\n\nEm suma, Carina Da Silva Pinheiro é uma figura proeminente no campo da Parasitologia e Imunologia, cuja carreira é marcada por uma sólida formação acadêmica, atuação destacada em pesquisa e um compromisso contínuo com o avanço do conhecimento científico. Sua presença tanto no ambiente acadêmico quanto em colaborações internacionais ressalta sua importância e impacto na comunidade científica, evidenciando sua contribuição significativa para o desenvolvimento da ciência no Brasil e no mundo.",58,0,0,12,0,0,18,756,28,70,https://openalex.org/A5085442536,A+,
c1047f05-0437-49a0-9374-3cb6690efd21,Climene Laura De Camargo,F,5183002830901288,K4728681P4,0000-0002-4880-3916,Pós-Doutorado,CIENCIAS DA SAUDE,,Enfermagem e cuidado,Neonatologia; Violência contra Crianças e Adolescentes; Saúde da População Negra,Salvador,Universidade Federal Da Bahia,UFBA,"Cursou Pós-Doutorado em Sociologia da Saúde na Universidade René Descartes/Sorbonne-Fr (2006); Doutorado em Saúde Pública na Universidade de São Paulo (1996); Mestrado em Enfermagem pela Universidade Federal do Rio de Janeiro (1992); Especialização em Administração Hospitalar, pela Faculdade São Camilo e Especialização em Saúde Pública pela Escola Anna Néri - UFRJ; Graduação em Enfermagem pela Faculdade Adventista de Enfermagem (1975). Atuou como enfermeira no cuidar de Recém-Nascido em várias instituições do país e foi professora adjunta no Curso de Enfermagem da Universidade Estadual de Maringá. Atualmente é Professora Titular da Escola de Enfermagem da Universidade Federal da Bahia e pertence ao quadro Permanente do Programa de Pós-Graduação, ministrando disciplinas no curso de graduação e pós-graduação stricto-sensu. É professora Convidada do Programa de Mestrado Profissional da UEFS.  membro fundadora do Grupo de Estudos da Saúde da Criança e do Adolescente - Crescer. Tem experiência na área de Enfermagem em Saúde da Criança e do Adolescente, atuando principalmente nos seguintes temas: Neonatologia; Violência contra Crianças e Adolescentes; Saúde da População Negra; Tecnologias Sociais; Desenvolvimento Sustentável em Comunidades Quilombolas. É membro do Comitê Técnico Estadual da Saúde da População Negra; membro Fundador da Rede Internacional de Pesquisa em Tecnologias em Saúde; Bolsista Produtividade  Desenvolvimento Tecnológico e Extensão Inovadora, Nível 2.https://orcid.org/0000-0002-4880-3916",,184,5,42,1,0,0,15,719,23,202,https://openalex.org/A5007267424,A+,
c2710f2c-3231-48c1-8389-f33be11626b1,Patricia Sampaio Tavares Veras,F,5618495903090773,K4723062T8,,Pós-Doutorado,,CIENCIAS BIOLOGICAS;CIENCIAS DA SAUDE,Diagnóstico e pesquisa clínica,"Controle, diagnóstico e tratamento das leishmanioses",Salvador,"Fundação Oswaldo Cruz - Instituto Gonçalo Moniz, Fiocruz Bahia",FIOCRUZ-BA,"Pesquisadora titular em Saúde Pública no Instituto Gonçalo Moniz, Fundação Oswaldo Cruz (Fiocruz), onde coordena grupo de pesquisa em Parasitologia dedicado ao estudo da biologia celular e molecular das interações hospedeiropatógeno, com ênfase nas respostas de células hospedeiras à infecção por Leishmania spp. Sua atuação concentra-se na investigação dos mecanismos celulares e moleculares envolvidos nessas interações, utilizando abordagens transcriptômicas e proteômicas  incluindo microarranjos de DNA, sequenciamento de RNA e análises proteômicas de macrófagos infectados  para identificar genes, proteínas e vias de sinalização associados à progressão da doença. Esses estudos têm permitido a identificação de novos alvos terapêuticos, incluindo o desenvolvimento de um inibidor com atividade antileishmania promissora, tendo patente depositada no INPI. Desde 2018, ampliou sua linha de pesquisa para investigar eventos iniciais da interação Leishmania:célula hospedeira, com foco em fagocitose, autofagia e biogênese do vacúolo parasitóforo, tendo realizado estágio sabático de 4 meses na Universidade de Toronto (Department of Cell  Systems Biology). Paralelamente, coordena estudos sobre imunopatologia da leishmaniose visceral canina, integrando abordagens moleculares, imunológicas e epidemiológicas para compreender a gravidade da doença em cães. Integra o corpo docente dos três Programas da Fiocruz - Bahia: Pós-Graduação em Patologia (PgPAT), Biotecnologia em Saúde e Medicina Investigativa (PgBSMI e Pesquisa Clínica Translacional, sendo membro dos colegiados do PgPAT e PgBSMI. Foi Vice-Diretora de Ensino e Informação (2013-2021) e, coordenou o Núcleo de Educação a Distância da Fiocruz Bahia (2021-2026), além de ter sido a Presidente do Congresso da Sociedade Brasileira de Parasitologia (SBP) - Parasito 2025). Atualmente é coordenadora do PgBSMI, integra a Comissão de Avaliação da Pós-Graduação da CAPES (Comitê de Medicina I) e exerce a vice-presidência da SBP.",,81,1,1,1,0,0,0,0,0,0,,A+,
c3ea6368-c31a-439c-9fa1-d22234b4d1d5,Ana Cristina Fermino Soares,F,2237448778462839,K4791610H5,0000-0002-4014-1794,Doutorado,CIENCIAS AGRARIAS,,Agricultura e produção vegetal,controle biológico; controle alternativo; promoção de crescimento de plantas,Cruz das Almas,Universidade Federal Do Recôncavo Da Bahia,UFRB,"Possui graduação em Microbiologia e Imunologia - University of Arizona (1988), mestrado em Microbiologia e Imunologia - University of Arizona (1990) e doutorado em Produção Vegetal, área de Solos/Microbiologia do Solo, pela Universidade Estadual do Norte Fluminense Darcy Ribeiro (1998). É Caboverdiana, naturalizada brasileira e Professora Titular da Universidade Federal do Recôncavo da Bahia-Centro de Ciências Agrárias, Ambientais e Biológicas (UFRB-CCAAB). Tem experiência na área de Ciências Agrárias, com ênfase em Microbiologia do Solo e Fitopatologia, atuando principalmente nos seguintes temas: controle biológico, controle alternativo, promoção de crescimento de plantas, fungos micorrízicos e rizobactérias. É Professora Permanente do Programa de Pós-Graduação em Ciências Agrárias da UFRB. Foi membro da Câmara de Assessoramento em Ciências Agrárias e da Câmara de bolsas da FAPESB, do Comitê de Agronomia do CNPq (2019-2022), da comissão de avaliação quadrienal 2013-2016 da CAPES, em 2017. Foi Pró-Reitora de Pesquisa, Pós-graduação, Criação e Inovação (2011-2015) e Superintendente de Assuntos Internacionais da UFRB.","Ana Cristina Fermino Soares é uma pesquisadora com vasta experiência na área de Ciências Agrárias, atuando como Professora Titular na Universidade Federal do Recôncavo da Bahia (UFRB), especificamente no Centro de Ciências Agrárias, Ambientais e Biológicas. Natural de Cabo Verde e naturalizada brasileira, ela possui uma sólida formação acadêmica, com graduação em Microbiologia e Imunologia pela University of Arizona, além de um mestrado e um doutorado na mesma área pela mesma instituição e pela Universidade Estadual do Norte Fluminense Darcy Ribeiro, respectivamente.\n\nSua trajetória educacional evidencia uma dedicação contínua ao aprimoramento de seus conhecimentos, tendo se especializado em Microbiologia do Solo e Fitopatologia. Essa expertise reflete-se em suas atuações profissionais e acadêmicas, onde se destaca sua participação como Professora Permanente no Programa de Pós-Graduação em Ciências Agrárias da UFRB. Além disso, Ana Cristina desempenhou papéis de destaque em órgãos de fomento à pesquisa, como integrante de comitês avaliadores e como Pró-Reitora de Pesquisa, Pós-graduação, Criação e Inovação da UFRB, bem como Superintendente de Assuntos Internacionais.\n\nNo que tange às suas contribuições científicas mais recentes, Ana Cristina Fermino Soares se destacou por suas publicações em revistas especializadas, abordando temáticas relevantes para a comunidade acadêmica. Dentre seus artigos mais recentes, destacam-se o estudo sobre extração assistida por ultrassom seguida de HPLC-DAD para a determinação de carbendazim e metil paration em solo, o desenvolvimento de um processo de produção de etanol de segunda geração a partir da mucilagem de sisal, e a utilização de fertilizantes orgânicos agroindustriais para o crescimento e nutrição do pimentão (Capsicum annuum L.).\n\nAlém de sua produção científica, Ana Cristina se envolve ativamente em programas de pós-graduação, contribuindo para a formação de futuros pesquisadores na área de Ciências Agrárias. Sua liderança no Grupo de Pesquisa em Biotecnologia Microbiana Aplicada à Agricultura também evidencia sua atuação como orientadora e mentora de projetos inovadores nesse campo.\n\nNo que se refere a projetos de fomento e bolsas recebidos, Ana Cristina Fermino Soares obteve apoio institucional em modalidades como Produtividade em Pesquisa, demonstrando seu engajamento e relevância na comunidade científica. Sua participação em órgãos de financiamento e avaliação reforça sua posição como protagonista na promoção da pesquisa e inovação na área de Ciências Agrárias.\n\nEm resumo, Ana Cristina Fermino Soares emerge como uma figura proeminente na pesquisa em Microbiologia do Solo e Fitopatologia, com uma sólida formação acadêmica, vasta produção científica e atuação destacada em programas de pós-graduação e grupos de pesquisa. Sua trajetória educacional e profissional exemplifica seu comprometimento com a excelência acadêmica e o avanço do conhecimento científico em sua área de atuação.",159,4,6,3,2,0,17,1264,44,142,https://openalex.org/A5076348197,A+,
cbcb6f04-94f6-44f0-8836-fc36cfc1f682,Maria Fernanda Rios Grassi,F,4436012961948689,K4797185Z5,0000-0002-7356-5569,Pós-Doutorado,,CIENCIAS BIOLOGICAS;CIENCIAS DA SAUDE,Doenças infecciosas e parasitárias,modulação da resposta imune nas infecções por retrovírus humanos (HTLV-1; HIV),Salvador,"Fundação Oswaldo Cruz - Instituto Gonçalo Moniz, Fiocruz Bahia",FIOCRUZ-BA,"Possui graduação em Medicina pela Universidade Federal da Bahia (1989), mestrado na Universite de Paris VII  (1993) e doutorado em Imunologia - Universite de Paris VII (1998). Pós-doutorado na Fundação Oswaldo Cruz (2000-2002). É pesquisadora Titular da Fundação Osvaldo Cruz e Professora Adjunto da Escola Bahiana de Medicina e Saúde Pública desde 2000 . Tem experiência na área de Infectologia e Imunologia, com ênfase em Imunologia Celular, atuando principalmente nos seguintes temas: modulação da resposta imune nas infecções por retrovírus humanos (HTLV-1, HIV). Atualmente é Professora do núcleo permanente da Pós-graduação de Medicina e Saúde Humana da Escola Bahiana de Medicina e Sáude Humana e Professora da Pós-graduação de Biotecnologia e Medicina Investigativa da Fundação Oswaldo Cruz - Bahia, onde coordena a disciplina de Bioética.",,114,1,2,0,0,0,22,1833,55,195,https://openalex.org/A5084383223,A+,
cc8f6d7c-ca23-49cf-b2cc-7d93cd2ba6b7,Indianara Lima Silva,F,2886681360553144,K4518980H6,0000-0002-2124-6435,Pós-Doutorado,CIENCIAS EXATAS E DA TERRA;CIENCIAS HUMANAS,,"Filosofia, epistemologia e ciência",,Feira de Santana,Universidade Estadual De Feira De Santana,UEFS,"É Professora Titular do Departamento de Física da Universidade Estadual de Feira de Santana (UEFS) e Bolsista de Produtividade em Pesquisa (PQ) do CNPq - Área de História. Física pela Universidade Estadual da Paraíba (UEPB); Mestra e Doutora em Ensino, Filosofia e História das Ciências (PPGEFHC-UFBA/UEFS), com doutorado sanduíche no Program in Science, Technology and Society do Massachusetts Institute of Technology (MIT), como bolsista Fulbright-CAPES. Realizou Pós-Doutorado no Department of the History of Science da Harvard University, com financiamento do CNPq (2023-2024). Recebeu em 2014 Menção Honrosa do Prêmio de Melhor Tese e Dissertação em História das Ciências da Sociedade Brasileira de História da Ciência (SBHC). Também recebeu em 2022 o Prêmio Carolina Nemes pela Sociedade Brasileira de Física (SBF). Foi Editora da Revista Brasileira de História da Ciência (RBHC) entre 2020 e 2024. Atua como Professora Efetiva do Programa de Pós-Graduação em Ensino, Filosofia e História das Ciências (PPGEFHC-UFBA/UEFS, Conceito CAPES 6), exercendo a função de vice-coordenadora entre 2018 e 2020. Realizou estágios de pesquisa com bolsas do American Institute of Physics (College Park, US) e da Washington University in St. Louis (Missouri, US) em 2010. Tem experiência com pesquisa em coleções especiais na Harvard University (Cambridge, US), Royal Society (London, UK), Rockefeller Archive Center (Tarrytown, US), Columbia University (NY, US) e American Institute of Physics (College Park, US). É Idealizadora e Líder do Laboratório Tekó de História das Ciências e Tecnologias - UEFS em rede com territórios e culturas, @lab.teko. Áreas de pesquisa: Epistemologia Feminista, História Viva, História das Ciências, História da Física, História das Mulheres nas Ciências e Tecnologias.","Indianara Lima Silva é Professora Titular do Departamento de Física da Universidade Estadual de Feira de Santana (UEFS) e Bolsista de Produtividade em Pesquisa (PQ) do CNPq na área de História. Ela possui uma sólida formação acadêmica, sendo graduada em Física pela Universidade Estadual da Paraíba (UEPB) e mestra e doutora em Ensino, Filosofia e História das Ciências pelo Programa de Pós-Graduação em Ensino, Filosofia e História das Ciências (PPGEFHC) da Universidade Federal da Bahia (UFBA) em parceria com a UEFS. \n\nSeu percurso acadêmico inclui doutorado sanduíche no Program in Science, Technology and Society do renomado Massachusetts Institute of Technology (MIT), como bolsista Fulbright-CAPES, e pós-doutorado no Department of the History of Science da Harvard University, com financiamento do CNPq. Ao longo de sua carreira, Indianara desenvolveu estágios de pesquisa em instituições de renome como o American Institute of Physics, Washington University in St. Louis, Harvard University, Royal Society, Rockefeller Archive Center e Columbia University, enriquecendo sua experiência com diferentes abordagens e coleções especiais.\n\nNo âmbito acadêmico, destacam-se suas contribuições recentes com publicações de relevância científica, tais como o artigo \Becoming A Scientist In The 21st Century: Lessons From The Wu-Shaknov Quantum Entanglement\"" e \""These Women Helped To Shape Quantum Mechanics - It?s Time To Recognize Them\"", juntamente com o capítulo de livro \""Lucía Tosi E A Defesa De Uma Ciência Diversa E Democrática Para O Brasil\"". Estes trabalhos refletem sua expertise nas áreas de Epistemologia Feminista, História Viva, História das Ciências, História da Física e História das Mulheres nas Ciências e Tecnologias.\n\nAlém de seu comprometimento com a produção científica de qualidade, Indianara também desempenha papel ativo em programas de pós-graduação, sendo vinculada aos programas de História e Ensino, Filosofia e História das Ciências. Sua participação como professora efetiva e vice-coordenadora do PPGEFHC da UFBA/UEFS, com conceito CAPES 6, evidencia sua atuação como docente engajada no desenvolvimento acadêmico de novos pesquisadores.\n\nNo que tange ao apoio institucional, Indianara foi contemplada com o Prêmio Carolina Nemes pela Sociedade Brasileira de Física e recebeu Menção Honrosa do Prêmio de Melhor Tese e Dissertação em História das Ciências da Sociedade Brasileira de História da Ciência (SBHC), reconhecimentos que atestam sua relevância na comunidade científica. Ademais, sua liderança como idealizadora e líder do Laboratório Tekó de História das Ciências e Tecnologias - UEFS, em conexão com territórios e culturas, demonstra seu papel de destaque na promoção da interdisciplinaridade e diversidade na pesquisa acadêmica.\n\nEm suma, a atuação de Indianara Lima Silva como pesquisadora, docente e líder no campo da História das Ciências é marcada por um percurso acadêmico sólido, contribuições científicas significativas, participação ativa em programas de pós-graduação e o reconhecimento por meio de premiações e bolsas de pesquisa. Sua abordagem interdisciplinar e compromisso com a promoção da diversidade e inclusão fazem dela uma figura central no cenário acadêmico nacional e internacional.""",30,0,13,0,0,0,4,73,2,46,https://openalex.org/A5076405081,A+,
ce188f2d-8fab-4943-9d64-722c3ffb522c,Zenaide De Oliveira Novais Carneiro,F,5992506414152580,K4707050E4,0000-0001-5990-4854,Pós-Doutorado,LINGUISTICA LETRAS E ARTES,,Linguística e estudos da linguagem,,Feira de Santana,Universidade Estadual De Feira De Santana,UEFS,"Possui Graduação em Letras com Inglês - Universidade Estadual de Feira de Santana (UEFS) (1988), Mestrado em Letras e Linguística - Universidade Federal da Bahia (UFBA) (1996). Doutora em Linguística (2005) pela Universidade Estadual de Campinas (UNICAMP), (2009). Estágio de Pós-Doutoramento pela UNICAMP (2010) e pela Universidade Federal do Rio de Janeiro), (UFRJ (2024). É Bolsista de Produtividade em Pesquisa do Conselho Nacional de Desenvolvimento Científico e Tecnológico (CNPq). Professora Plena na UEFS, em regime de Dedicação Exclusiva. Atua no Programa de Pós-Graduação em Estudos Linguísticos (PPGEL/UEFS), na linha Aquisição, variação e mudança linguísticas. Tem experiência na área de Linguística Histórica, com ênfase na descrição e análise do português, atuando, principalmente, em: sócio-historia do português brasileiro, sintaxe diacrônica do português, descrição comparativa do português brasileiro e do português europeu, composição e uso de corpora eletrônicos do português brasileiro. Integra a Comissão Nacional de Corpora do Projeto Para a História do Português Brasileiro (PHPB), como membro, desde a sua fundação. Coordenou o Banco de Dados do Programa Para a História do Português (BIT-Prohpor-UFBA), (2009-2023). Coordena o projeto Corpus Eletrônico de Documentos Históricos do Sertão (CE-DOHS/FAPESB), (www.uefs.br/cedohs). Atuou no Projeto A Língua Portuguesa no Semiárido Baiano. É Membro do Programa para a História da Língua Portuguesa (PROHPOR) e da Comissão Científica Internacional do Projeto Pombalia  PombalGlobal. Publicou dezenas de coletâneas de corpora para o estudo do português brasileiro, como a Coleção Cartas Brasileiras, entre dezenas de outras. Atuou em cursos da Plataforma Freire, no Projeto Universidade para Todos (UPT/PROEX/UEFS), no Programa PIBID e no UAB. Criou e coordenou o Núcleo de Estudos em Língua Portuguesa (NELP), (1996  2016), e da criação do NELP em Sala de Aula, voltado às atividades de ensino na Graduação e na Pós-Graduação e produção de material didático para a Rede Básica. Participou da organização do ROSAE - I Congresso Internacional de Linguística Histórica, em homenagem à Rosa Virgínia Mattos e Silva (https://www.prohpor.org/coletanea-2012). Presidiu a Comissão de Adesão ao ProfLetras na UEFS. Integrou o corpo docente de Língua Portuguesa da Educação Básica, rede estadual de ensino da Bahia, de 1993 a 1997. Sócia Efetiva da Associação de Linguística e Filologia da América Latina (ALFAL), coordenando o Projeto Para a História Linguística do Brasil Colônia: gramáticas, sócio-história, Paleografia e Filologia. Endereços eletrônicos:  zoncarneiro@uefs.br; nelp@uefs.br; cedohs@uefs.br.","Zenaide De Oliveira Novais Carneiro é uma pesquisadora vinculada à Universidade Estadual de Feira de Santana (UEFS), com uma extensa trajetória acadêmica na área de Linguística. Possui uma formação sólida, com Graduação em Letras com Inglês pela UEFS, Mestrado em Letras e Linguística pela Universidade Federal da Bahia (UFBA) e Doutorado em Linguística pela Universidade Estadual de Campinas (UNICAMP). Além disso, realizou estágios de Pós-Doutoramento na UNICAMP e na Universidade Federal do Rio de Janeiro (UFRJ), consolidando sua expertise na área.\n\nAtuando como Professora Plena na UEFS em regime de Dedicação Exclusiva, Zenaide concentra suas pesquisas no Programa de Pós-Graduação em Estudos Linguísticos (PPGEL/UEFS), com foco na linha de pesquisa Aquisição, variação e mudança linguísticas. Sua área de especialização abrange a Linguística Histórica, com ênfase na descrição e análise do português. Suas pesquisas são centradas em temas como a sócio-história do português brasileiro, sintaxe diacrônica, composição de corpora eletrônicos, entre outros.\n\nCom uma destacada atuação no cenário acadêmico, Zenaide é Bolsista de Produtividade em Pesquisa do Conselho Nacional de Desenvolvimento Científico e Tecnológico (CNPq), o que evidencia seu comprometimento e excelência no desenvolvimento de estudos científicos. Além disso, ela integra a Comissão Nacional de Corpora do Projeto Para a História do Português Brasileiro (PHPB) desde a sua fundação, demonstrando seu engajamento em projetos de relevância para a área.\n\nAo longo de sua carreira, Zenaide coordenou importantes projetos de pesquisa, como o Banco de Dados do Programa Para a História do Português (BIT-Prohpor-UFBA) e o projeto Corpus Eletrônico de Documentos Históricos do Sertão (CE-DOHS/FAPESB). Sua produção científica é expressiva, com a publicação de dezenas de coletâneas de corpora para o estudo do português brasileiro, como a renomada Coleção Cartas Brasileiras, entre outras contribuições relevantes para a área.\n\nNo âmbito acadêmico, Zenaide também se destaca por sua participação em programas de fomento e bolsas de pesquisa, o que evidencia seu compromisso em buscar recursos para o desenvolvimento de suas investigações. Sua inserção em programas de Pós-Graduação, como o Programa de Estudos Linguísticos, reforça sua atuação como pesquisadora e orientadora de alunos em níveis mais avançados de formação.\n\nDessa forma, Zenaide De Oliveira Novais Carneiro se destaca como uma pesquisadora de referência na área de Linguística, com uma sólida formação acadêmica, amplo reconhecimento por suas contribuições científicas e participação ativa em projetos de pesquisa e programas de pós-graduação. Sua atuação abrangente e multifacetada reflete um compromisso contínuo com a produção de conhecimento e o avanço da disciplina, consolidando sua posição como uma voz influente e respeitada no campo da Linguística.",49,36,61,0,0,0,0,0,0,2,https://openalex.org/A5137459671,A,
cef5e718-4773-4b46-a8a9-46cec009c2ee,Dóris Firmino Rabelo,F,1049137829843207,K4702171T0,0000-0002-0791-7781,Doutorado,,CIENCIAS DA SAUDE;CIENCIAS HUMANAS,Saúde mental e comportamento,Núcleo de Estudos Avançados em Desenvolvimento Humano e Saúde Mental,Santo Antonio de Jesus,Universidade Federal Do Recôncavo Da Bahia,UFRB,"Possui graduação em Psicologia pela Universidade Federal de Uberlândia, Mestrado em Gerontologia pela Universidade Estadual de Campinas e Doutora em Educação pela mesma universidade.  Docente do Centro de Ciências da Saúde da Universidade Federal do Recôncavo da Bahia - UFRB. Docente permanente do Programa de Pós-Graduação em Psicologia da Universidade Federal da Bahia - UFBA e do Mestrado Profissional em Saúde da Família - ProfSaúde-UFRB. Faz parte do Laboratório Integrado de Desenvolvimento Humano e Epidemiologia e é Líder do Núcleo de Estudos Avançados em Desenvolvimento Humano e Saúde Mental. Fez parte do GT  Relações Intergrupais, Preconceito e Exclusão Social da Associação Nacional de Pesquisa e Pós-graduação em Psicologia e atualmente compõe o GT Psicogerontologia. Foi da Diretoria da Associação Brasileira de Psicologia do Desenvolvimento (Gestão 2020-2022). Coordena o GT Psicologia, Envelhecimento e Velhice do CRP-03. É uma das fundadoras da Sociedade Brasileira de Psicogerontologia e faz parte da gestão 2024-2026. Tem experiência na área de Psicologia do Envelhecimento.","Dóris Firmino Rabelo é uma pesquisadora atuante na área de Psicologia do Envelhecimento, com uma carreira consolidada na Universidade Federal do Recôncavo da Bahia (UFRB). Com graduação em Psicologia pela Universidade Federal de Uberlândia, mestrado em Gerontologia pela Universidade Estadual de Campinas e doutorado em Educação pela mesma instituição, Dóris possui uma sólida formação acadêmica que a capacita a explorar de forma abrangente as questões relacionadas ao envelhecimento e saúde mental.\n\nAtualmente, como docente do Centro de Ciências da Saúde da UFRB, Dóris Firmino Rabelo também desempenha papel de destaque como docente permanente no Programa de Pós-Graduação em Psicologia da Universidade Federal da Bahia (UFBA) e no Mestrado Profissional em Saúde da Família da UFRB. Sua ampla atuação acadêmica reflete-se em sua participação ativa no Laboratório Integrado de Desenvolvimento Humano e Epidemiologia, onde lidera o Núcleo de Estudos Avançados em Desenvolvimento Humano e Saúde Mental.\n\nDóris é reconhecida no cenário acadêmico por suas contribuições significativas, como evidenciado por suas produções bibliográficas mais recentes. Entre seus trabalhos, destacam-se publicações como \Prefácio\"", em formato de capítulo de livro, que demonstram seu engajamento em disseminar conhecimento e reflexões no campo da Psicologia. Além disso, seu interesse pela saúde mental de idosas que cuidam de crianças e adolescentes e pelos transtornos mentais comuns em mulheres de meia-idade e mais velhas resultou em artigos científicos relevantes, como \""Saúde Mental De Idosas Que Cuidam De Crianças E/ou Adolescentes\"" e \""Common Mental Disorders In Middle-Aged And Older Women\"".\n\nNo ambiente acadêmico, Dóris Firmino Rabelo não apenas contribui com suas pesquisas, mas também se engaja ativamente em programas de pós-graduação, sendo vinculada ao Programa de Psicologia. Sua presença e liderança no Grupo de Pesquisa Núcleo de Estudos Avançados em Desenvolvimento Humano e Saúde Mental evidenciam sua dedicação ao avanço do conhecimento nessa área específica da Psicologia.\n\nAlém disso, Dóris obteve reconhecimento através de projetos de fomento, como o recebimento da modalidade \""Produtividade em Pesquisa - C\"", demonstrando sua relevante atuação e contribuição para o desenvolvimento da pesquisa em Psicologia do Envelhecimento. Sua participação em entidades e associações profissionais, como o GT Psicologia, Envelhecimento e Velhice do CRP-03 e a Sociedade Brasileira de Psicogerontologia, confirma seu comprometimento com a promoção e disseminação do conhecimento na área.\n\nEm suma, Dóris Firmino Rabelo é uma pesquisadora renomada e ativa, cuja trajetória acadêmica e profissional reflete não apenas sua sólida formação e expertise em Psicologia do Envelhecimento, mas também seu compromisso em contribuir significativamente para o avanço da ciência e da prática profissional nesse campo. Sua atuação multifacetada, que abrange docência, pesquisa, liderança em grupos de estudo e participação em associações profissionais, a consolida como uma figura de destaque no contexto acadêmico nacional.""",67,5,60,0,3,0,12,364,14,84,https://openalex.org/A5000805581,E,
d0b48d72-9f04-407e-a50d-d229a3861d2a,Maria Thereza Ávila Dantas Coelho,F,1352548993072323,K4785090P6,0000-0001-7857-7473,Doutorado,CIENCIAS DA SAUDE;CIENCIAS HUMANAS,,"Psicologia, subjetividade e comportamento","Núcleo de Estudos Interdisciplinares em Saúde, Violência e Subjetividade - SAVIS",Salvador,Universidade Federal Da Bahia,UFBA,"Maria Thereza Ávila Dantas Coelho é graduada em Psicologia pela Universidade Federal da Bahia (UFBA), onde concluiu mestrado e doutorado em Saúde Coletiva, com ênfase em Ciências Sociais em Saúde. Atualmente é Professora Titular do Instituto de Humanidades, Artes e Ciências (IHAC) dessa Universidade, docente permanente do Programa de Pós-Graduação Estudos Interdisciplinares sobre a Universidade (IHAC/UFBA) e docente colaboradora do Programa de Pós-Graduação em Saúde Coletiva (ISC/UFBA). É coordenadora do Núcleo de Estudos Interdisciplinares em Saúde, Violência e Subjetividade (SAVIS-CNPq) e do Núcleo Internacional de Estudos e Pesquisas em Educação Superior (NIEPES-CNPq). Integra a Rede Iberoamericana de Estudos e Pesquisas de Políticas e Processos de Educação Superior - RIEPPES (UFSM), o Grupo Internacional de Estudos e Pesquisas sobre Educação Superior  GIEPES (Unicamp), o Global Humanities Institute (Kansas University, Universidade de Dar Es Salaam, Universidade de Cheikh Anta Diop, UFBA) e o Colégio de Psicanálise da Bahia. É bolsista de Produtividade em Pesquisa do CNPq - Nível 2. É membro do Corpo Editorial Científico Nacional da Revista Internacional de Educação SUperior (RIESup) Unicamp e membro do Conselho Editorial Educação Nacional da Editora Mercado de Letras - Coleção Educação. Foi coordenadora do Programa de Pós-Graduação Estudos Interdisciplinares sobre a Universidade (IHAC/UFBA) no período de 2021 a 2025, coordenadora do Bacharelado Interdisciplinar em Saúde (IHAC/UFBA) de 2019 a 2021, professora da Residência Multiprofissional em Saúde Mental (ISC/UFBA) de 2008 a 2016 e vice-coordenadora do Bacharelado Interdisciplinar em Saúde de 2009 a 2011. Ao longo destes anos, tem desenvolvido atividades de ensino, pesquisa e/ou extensão nas áreas da educação, saúde, psicanálise, ciências sociais e artes, com temas diversos, dentre os quais formação e educação superior, ensino remoto, inteligência artificial, interdisciplinaridade, concepções e práticas de saúde, violências, prisões, sexualidades e gêneros. Email de contato: maria.thereza@ufba.br","Maria Thereza Ávila Dantas Coelho é uma renomada pesquisadora brasileira, cuja formação acadêmica se consolidou na Universidade Federal da Bahia (UFBA), onde obteve sua graduação em Psicologia, seguida por mestrado e doutorado em Saúde Coletiva, com ênfase em Ciências Sociais em Saúde. Atualmente, exerce o cargo de Professora Titular no Instituto de Humanidades, Artes e Ciências (IHAC) da UFBA, sendo também docente permanente nos programas de pós-graduação Estudos Interdisciplinares sobre a Universidade (IHAC/UFBA) e Saúde Coletiva (ISC/UFBA).\n\nCom ampla trajetória educacional, Maria Thereza obteve sua graduação em Psicologia em 1988, seguida por especializações em Psicologia Clínica e Psicologia Jurídica, além de um mestrado em Saúde Coletiva e um doutorado na mesma área, consolidando assim uma sólida base educacional que a capacitou para desenvolver pesquisas interdisciplinares nas áreas de educação, saúde, psicanálise, ciências sociais e artes.\n\nNesse contexto, suas contribuições científicas mais recentes incluem artigos como \Pedagogia Digital No Ensino Superior: Uma Revisão Sistemática Da Literatura\"" e \""Estrutura Das Representações Sociais Sobre A Covid-19 Entre Estudantes Universitários\"", refletindo seu interesse e atuação no campo da Educação Superior e das Ciências da Saúde. Além disso, sua produção bibliográfica também abrange temas como a Pedagogia Digital e a aplicação da inteligência artificial no ensino superior, evidenciando sua atuação em áreas de vanguarda e relevância no cenário acadêmico atual.\n\nNo que tange à sua inserção em programas de pós-graduação, Maria Thereza possui vínculos com o Programa de Pós-Graduação em Segurança Pública, Justiça e Cidadania, bem como nos programas de Estudos Interdisciplinares sobre a Universidade e Saúde Coletiva, o que demonstra sua versatilidade e abrangência de atuação em diferentes áreas de conhecimento.\n\nAlém disso, como líder do Núcleo de Estudos Interdisciplinares em Saúde, Violência e Subjetividade (SAVIS) e do Núcleo Internacional de Estudos e Pesquisas em Educação Superior (NIEPES), Maria Thereza evidencia sua capacidade de coordenar e articular grupos de pesquisa, promovendo a interdisciplinaridade e a produção de conhecimento de forma colaborativa.\n\nNo que se refere a projetos de fomento e bolsas recebidos, a pesquisadora é contemplada com uma bolsa de Produtividade em Pesquisa do CNPq, nível 2, fomentando assim suas atividades de pesquisa e consolidando sua atuação na área acadêmica.\n\nEm suma, Maria Thereza Ávila Dantas Coelho se destaca no cenário científico nacional pela sua vasta trajetória acadêmica, suas contribuições em áreas estratégicas como a Educação Superior e a Saúde Coletiva, bem como por sua atuação em programas de pós-graduação e liderança em grupos de pesquisa. Sua atuação como docente e pesquisadora na UFBA reflete o compromisso com a produção de conhecimento interdisciplinar e de qualidade, consolidando seu papel como uma referência no campo das Ciências da Saúde e Humanas.""",71,19,100,0,0,0,11,435,15,119,https://openalex.org/A5072913660,A+,
d377a68b-b676-471b-9705-de01c7eaa706,Darizy Flavia Silva Amorim De Vasconcelos,F,7803405172044612,K4762430E5,0000-0002-8746-6449,Pós-Doutorado,CIENCIAS DA SAUDE,,Diagnóstico e pesquisa clínica,,Salvador,Universidade Federal Da Bahia,UFBA,"Possui graduação em Farmácia pela Universidade Federal da Paraíba (UFPB, 2002), Mestrado e Doutorado em Produtos Naturais e Sintéticos Bioativos, com área de concentração em Farmacologia, pela mesma instituição (2008). Realizou estágio de Pós-Doutorado na Georgia Regents University, EUA (20152016). Atualmente é Professora da Universidade Federal da Bahia (UFBA), onde atua na área de Fisiologia Humana. Integra o corpo docente dos Programas de Pós-Graduação em Farmácia (PPGFAR/UFBA), Biotecnologia em Saúde e Medicina Investigativa (PgBSMI/FIOCRUZ-BA) e Pesquisa Clínica e Translacional (PGPCT/FIOCRUZ-BA). É fundadora e coordenadora da Rede Baiana de Bioprospecção e Desenvolvimento de Fármacos (BioproFar-BA), iniciativa voltada à integração de 23 instituições de Ensino e Pesquisa Nacionais e Internacionais para bioprospecção de compostos bioativos e pesquisas em inovação farmacêutica. Membro da Sociedade Brasileira de Farmacologia e Terapêutica Experimental e da Rede de Cooperação em Farmacologia do Centro-Norte-Nordeste Brasileiro. Desenvolve pesquisas na área de Farmacologia e Fisiologia Cardiovascular, com ênfase em fisiologia vascular, doenças cardiovasculares, hipertensão arterial, fisiopatologia hipertensiva e diabética, disfunção erétil associada à hipertensão e ao diabetes, microbiota intestinal associada às doenças hipertensivas, além da prospecção e desenvolvimento de novos candidatos a fármacos a partir de produtos naturais. Sua atuação científica concentra-se na investigação translacional de mecanismos fisiopatológicos cardiovasculares e na busca de compostos bioativos com potencial terapêutico inovador. É mãe da Milena (DN:04/03/2005) e do Miguel (DN: 20/02/2011). Contato: darizy@gmail.com | darizy.silva@ufba.br  Contato: darizy@gmail.com e darizy.silva@ufba.br","Darizy Flavia Silva Amorim De Vasconcelos é uma renomada pesquisadora vinculada à Universidade Federal da Bahia (UFBA), onde atua como Professora na área de Fisiologia Humana. Com uma sólida formação acadêmica, Darizy possui graduação em Farmácia pela Universidade Federal da Paraíba (UFPB) e obteve Mestrado e Doutorado em Produtos Naturais e Sintéticos Bioativos, com ênfase em Farmacologia, pela mesma instituição. Além disso, realizou um estágio de Pós-Doutorado na Georgia Regents University, nos Estados Unidos, entre os anos de 2015 e 2016.\n\nAo longo de sua carreira, Darizy tem se destacado tanto no campo acadêmico como na pesquisa científica. É uma figura de destaque nos Programas de Pós-Graduação em Farmácia (PPGFAR/UFBA), Biotecnologia em Saúde e Medicina Investigativa (PgBSMI/FIOCRUZ-BA) e Pesquisa Clínica e Translacional (PGPCT/FIOCRUZ-BA). Além disso, ela é fundadora e coordenadora da Rede Baiana de Bioprospecção e Desenvolvimento de Fármacos (BioproFar-BA), uma iniciativa que reúne 23 instituições nacionais e internacionais para a pesquisa de compostos bioativos e inovação farmacêutica.\n\nSeu trabalho na área de Farmacologia e Fisiologia Cardiovascular tem sido marcado por uma abordagem translacional na investigação dos mecanismos fisiopatológicos. Darizy concentra seus estudos em temas como fisiologia vascular, doenças cardiovasculares, hipertensão arterial, fisiopatologia hipertensiva e diabética, disfunção erétil associada à hipertensão e ao diabetes, e microbiota intestinal relacionada a doenças hipertensivas. Além disso, ela dedica-se à prospecção e desenvolvimento de novos fármacos a partir de produtos naturais, buscando constantemente contribuir com a inovação terapêutica.\n\nRecentemente, Darizy Flavia Silva Amorim De Vasconcelos tem produzido importantes pesquisas que têm contribuído significativamente para o avanço científico. Entre suas publicações mais recentes, destacam-se artigos como \Unveiling Supramolecular Structures Formed By Menthol And Xanthan Gum In Oleic Acid-Based Microemulsions\"", \""Adipose Triglyceride Lipase And Gpr40 Contribute To The Anti-Contractile Effect Of Perivascular Adipose Tissue\"" e \""Complexed Linalool With Beta-Cyclodextrin Improve Antihypertensive Activity: Pharmacokinetic And Pharmacodynamic Insights\"", todos publicados em 2026.\n\nAlém de sua produção acadêmica, Darizy também tem se envolvido em atividades de orientação e supervisão em Programas de Pós-Graduação, demonstrando seu compromisso com a formação de novos pesquisadores e a disseminação do conhecimento na área. Recebeu apoio institucional do Programa de Produtividade em Pesquisa, evidenciando seu engajamento e relevância nas atividades científicas desenvolvidas.\n\nDessa forma, Darizy Flavia Silva Amorim De Vasconcelos se destaca como uma figura proeminente no cenário acadêmico e científico, contribuindo de forma significativa para a compreensão e o avanço do conhecimento em Farmacologia e Fisiologia Cardiovascular. Sua trajetória e suas realizações demonstram seu comprometimento com a excelência na pesquisa e na formação de futuros profissionais da área, consolidando sua posição como uma referência no campo da saúde e da biotecnologia.""",66,0,3,0,1,1,14,739,23,60,https://openalex.org/A5039750907,A+,
d614db8d-2828-443b-bdce-f96ae381ecc2,Arlete Ramos Dos Santos,F,3007333595055044,K4484873T3,0000-0003-2649-0688,Pós-Doutorado,CIENCIAS HUMANAS,,"Educação, ensino e formação docente",Educação do Campo; Políticas educacionais; Educação de Jovens e Adultos,,Universidade Estadual Do Sudoeste Da Bahia,UESB,"Possui Pós-doutorado em Educação e Movimentos sociais pela UNESB, graduação em Pedagogia pela Universidade Estadual do Sudoeste da Bahia (2002), Mestrado em Educação pela Universidade Federal de Minas Gerais (2010) e Doutorado em Educação pela Universidade Federal de Minas Gerais (2013). Atualmente é professora Plena da Universidade Estadual do Sudoeste da Bahia (UESB), atua como professora permanente no Programa de Pós-graduação em Educação da UESB e no Programa de Pós-graduação em Educação da UESC. É Coordenadora do PPGED/UESB. Pesquisadora do Consejo Latino-Americano de Ciencias Sociales (CLACSO), da Red del Educación para el Fututo Rural (EDUCO RURAL), da Rede Temática de Investigación de Educación Rural (RIER) da Rede Diversidade e Autonomia na Educação Pública  REDAP e da  Rede Nacional de Pesquisadores em Educação de Periferias Urbanas (RENAPEP). Atua como coordenadora da Rede de Pesquisadores Latino-americanos em Educação do Campo, Cidade  Movimentos Sociais (Rede PECC  MS), também do Programa Formação Continuada de Educadores do Campo (Formacampo), do Grupo de Estudos e Pesquisas Movimentos sociais, Diversidade e Educação do Campo e Cidade (Gepemdecc) e da Especialização em Educação do Campo na UESB. Tem vários artigos e livros publicados na área de Educação, atuando principalmente nos seguintes temas: Educação do Campo, Políticas educacionais, Educação de Jovens e Adultos, Movimentos sociais do campo e Plano de Ações Articuladas, BNCC, classes multisseriadas. Editora da revista Revista de Políticas Públicas e Gestão Educacional (POLIGÉS).",,137,46,126,0,0,0,0,0,0,1,https://openalex.org/A5146866348,A+,
daa58aba-7fbf-4932-869a-04a44d1ef33b,Cristiane Martins Veloso,F,9479100489760149,K4794127H7,0000-0001-5702-3500,Pós-Doutorado,CIENCIAS AGRARIAS;ENGENHARIAS,,Alimentos e tecnologia agroindustrial,"Núcleo de Estudos em Purificação, Caracterização e Aplicação de Biocompostos",Vitória da Conquista,Universidade Estadual Do Sudoeste Da Bahia,UESB,"Possui graduação (1997)  e mestrado (2000) em Engenharia Química pela Universidade Federal da Paraíba e doutorado em  Química pela Universidade Federal da Bahia (2009) . Atualmente é professora Plena da Universidade Estadual do Sudoeste da Bahia , atuando, atuando como docente nos cursos de graduação em Agronomia e nos Programas de Pós-Graduação em  Engenharia e Ciência de Alimentos e Agronomia . Tem experiência na área de Engenharia de Processos, desenvolvendo pesquisas principalmente nos seguintes temas: determinação de propriedades físico-químicas, termofisicas e reológicas de alimentos, processos de separação, biocatálise, extração de compostos bioativos, obtenção de filmes e revestimentos a base de amidos  e conservação pós-colheita. Publicou diversos artigos em revistas especializadas e participa de projetos de pesquisa e de cooperação. Atua como revisora de periódicos científicos. Dentre as atividades administrativas destaca-se a atuação como Vice coordenadora do  Programa de Pós-Graduação em Engenharia e Ciências de Alimentos por 4 anos e como Coordenadora a partir de 2025.","Cristiane Martins Veloso é uma renomada pesquisadora brasileira com uma vasta experiência acadêmica na área de Engenharia Química. Graduada pela Universidade Federal da Paraíba em 1997, obteve seu mestrado em Engenharia Química pela mesma instituição em 2000 e concluiu seu doutorado em Química na Universidade Federal da Bahia em 2009. Com uma sólida formação acadêmica, Cristiane conquistou o título de Pós-Doutorado e atualmente é professora Plena na Universidade Estadual do Sudoeste da Bahia.\n\nNa instituição, Cristiane desempenha um papel fundamental como docente nos cursos de graduação em Agronomia e nos Programas de Pós-Graduação em Engenharia e Ciência de Alimentos e Agronomia. Sua área de pesquisa, conforme listada em seu perfil Lattes, abrange Ciências Agrárias e Engenharias, destacando-se por sua expertise em Engenharia de Processos. Suas investigações concentram-se em determinar propriedades físico-químicas, termofísicas e reológicas de alimentos, processos de separação, biocatálise, extração de compostos bioativos, obtenção de filmes e revestimentos à base de amidos, e conservação pós-colheita.\n\nCom uma produção científica consistente, Cristiane tem se destacado na comunidade acadêmica com suas publicações em revistas especializadas. Alguns de seus artigos mais recentes incluem estudos sobre revestimentos com base em amido de araruta contendo emulsão de óleo essencial de capim-limão para a preservação pós-colheita de Umbu Gigante, a funcionalização de materiais magnéticos com genipina para imobilizar proteases visando a produção de peptídeos antioxidantes, e a produção de proteases por Penicillium roqueforti por meio de fermentação em estado sólido de ora-pro-nobis (Pereskia aculeata).\n\nAlém de sua atuação na docência e pesquisa, Cristiane tem contribuído significativamente para a formação de novos pesquisadores, participando ativamente de programas de pós-graduação em Agronomia (Fitotecnia) e Engenharia e Ciência de Alimentos. Sua liderança também se estende ao Núcleo de Estudos em Purificação, Caracterização e Aplicação de Biocompostos, evidenciando sua capacidade de coordenar e promover a excelência em grupos de pesquisa.\n\nNo que diz respeito ao apoio institucional, Cristiane recebeu fomento por meio do Programa de Produtividade em Pesquisa, demonstrando o reconhecimento de sua contribuição para o avanço da ciência. Sua trajetória educacional exemplar, aliada à sua dedicação à pesquisa e à formação de novos pesquisadores, torna Cristiane Martins Veloso uma figura proeminente no cenário acadêmico brasileiro.\n\nEm síntese, a trajetória profissional de Cristiane se destaca por sua sólida formação acadêmica, sua atuação como docente e pesquisadora, suas contribuições científicas relevantes e sua liderança em grupos de pesquisa. Sua capacidade de gerar conhecimento inovador e de qualidade, aliada ao seu compromisso com a formação de novos cientistas, a tornam uma figura fundamental no cenário acadêmico nacional, sendo sua expertise fundamental para o avanço das áreas de Engenharia e Ciências Agrárias.",131,0,2,1,0,0,24,1965,49,137,https://openalex.org/A5037981442,A+,
dd592947-b04d-4864-9b2e-e018ab0325ca,Ciane Fernandes,F,2276710235171349,K4787282T7,0000-0002-2380-5034,Pós-Doutorado,LINGUISTICA LETRAS E ARTES,,Artes e processos de criação,GIPE-Corpo,Salvador,Universidade Federal Da Bahia,UFBA,"Ciane Fernandes é professora titular da Escola de Teatro da Universidade Federal da Bahia e uma das fundadoras do Programa de Pós-Graduação em Artes Cênicas desta universidade; pesquisadora Produtividade em Pesquisa pelo CNPq PQ-2; graduada em enfermagem, licenciada em artes visuais e especialista em saúde mental (arteterapia) pela Universidade de Brasília; mestre e Ph.D. em Artes  Humanidades para Intérpretes das Artes Cênicas pela New York University, Analista de Movimento pelo Laban/Bartenieff Institute of Movement Studies (New York), de onde é pesquisadora associada, e pós-doutora em Comunicação e Cultura Contemporâneas pela UFBA. É fundadora, diretora e performer do Coletivo A-FETO de Dança-Teatro da UFBA desde sua fundação, em 1997. Já se apresentou em diversas cidades do Brasil e do exterior, tanto em espetáculos e performances, quanto em palestras e debates, bem como ministrando oficinas ou em formatos híbridos de palestras demonstrativas e conferências performativas. Suas publicações de destaque incluem os livros Pina Bausch e o Wuppertal Dança-Teatro: Repetição e Transformação e O Corpo em Movimento: O Sistema Laban/Bartenieff na Formação e Pesquisa em Artes Cênicas. O primeiro já está em sua terceira edição nos EUA e Europa, e o segundo foi recentemente publicado na Inglaterra, em edição atualizada e expandida. A autora recebeu também diversas bolsas de estudos nacionais e internacionais. Nos últimos quinze anos, tem enfocado a Somática e o Sistema Laban/Bartenieff de Movimento na Prática como Pesquisa, no contexto da performance em meio ambiente e da diversidade, em especial em ambientes aquáticos. Este é um dos tema de seu livro Dança Cristal: Da Arte do Movimento à Abordagem Somático-Performativa, além de outras publicações recentes. Desde seu ingresso na UFBA, em 1997, vem ensinando e desenvolvendo projetos de pesquisa sobre: Somática, análise do movimento, formação corporal do ator, dança-teatro, interartes, performance e interculturalidade, como por exemplo a associação do Sistema Laban/Bartenieff à dança clássica indiana de estilo Bharatanatyam.","Ciane Fernandes é uma renomada pesquisadora e professora titular da Escola de Teatro da Universidade Federal da Bahia, sendo uma das fundadoras do Programa de Pós-Graduação em Artes Cênicas dessa instituição. Com uma sólida formação acadêmica, Ciane possui um extenso currículo que inclui uma diversidade de áreas de conhecimento.\n\nGraduada em Enfermagem, licenciada em Artes Visuais e especialista em Saúde Mental (Arteterapia) pela Universidade de Brasília, Ciane Fernandes prosseguiu seus estudos e obteve o título de mestre e Ph.D. em Artes Humanidades para Intérpretes das Artes Cênicas pela New York University. Além disso, é Analista de Movimento pelo Laban/Bartenieff Institute of Movement Studies em Nova York, onde também atua como pesquisadora associada. Sua trajetória acadêmica foi enriquecida com um pós-doutorado em Comunicação e Cultura Contemporâneas pela UFBA.\n\nAtuando como fundadora, diretora e performer do Coletivo A-FETO de Dança-Teatro da UFBA desde 1997, Ciane Fernandes se destacou não apenas no cenário nacional, mas também internacional, através de performances, palestras, debates e oficinas. Suas áreas de pesquisa e atuação incluem Somática e o Sistema Laban/Bartenieff de Movimento na prática como pesquisa, com ênfase na performance em meio ambiente e diversidade, especialmente em ambientes aquáticos. \n\nNo campo das publicações, Ciane Fernandes possui obras de destaque, como os livros \Pina Bausch e o Wuppertal Dança-Teatro: Repetição e Transformação\"" e \""O Corpo em Movimento: O Sistema Laban/Bartenieff na Formação e Pesquisa em Artes Cênicas\"". Estes livros têm circulação internacional, com edições nos Estados Unidos, Europa e Inglaterra. Além disso, a pesquisadora tem contribuído com artigos em diversas obras, abrangendo temas como redes aquáticas, retrocolonização, decolonização, neurocellular patterns, plural corporealities e resiliência.\n\nNo âmbito acadêmico, Ciane Fernandes tem colaborado ativamente com programas de pós-graduação, como os programas de Dança e Artes Cênicas, demonstrando sua excelência como docente e pesquisadora. Além disso, sua liderança se estende ao Grupo de Pesquisa GIPE-Corpo, na área de Artes. Sua participação em projetos de fomento, como a Produtividade em Pesquisa - C do CNPq, e o recebimento de bolsas de estudos nacionais e internacionais, evidenciam o reconhecimento e apoio a sua produção científica.\n\nEm síntese, Ciane Fernandes é uma figura proeminente no meio acadêmico, com uma vasta experiência e contribuições significativas para as Artes Cênicas e áreas correlatas. Sua abordagem inovadora, aliada a uma sólida base teórica e prática, tem enriquecido o cenário da dança-teatro e performance, tanto no Brasil quanto no exterior. Sua atuação interdisciplinar e compromisso com a pesquisa e formação de novos pesquisadores destacam-na como uma referência na área.""",56,15,50,0,0,0,7,296,4,82,https://openalex.org/A5090190792,A+,
de46055f-f778-4526-aed9-8a5b359941ad,Stefanie Alvarenga Santos,F,6751268658250102,K4734900T6,0000-0003-4680-1412,Pós-Doutorado,CIENCIAS AGRARIAS,,Alimentos e tecnologia agroindustrial,Aprimoramento de métodos de pesquisa em nutrição de pequenos ruminantes; avaliação de alimentos e produção de pequenos ruminantes,Salvador,Universidade Federal Da Bahia,UFBA,"Possui graduação em Zootecnia pela Universidade Federal do Espírito Santos (2005). Concluiu Mestrado (2007) e Doutorado em Zootecnia pela Universidade Federal de Viçosa no ano de 2011 e realizou período Sanduíche na University of Delaware (EUA). Desde o ano de 2013 é docente da Escola de Medicina Veterinária e Zootecnia da Universidade Federal da Bahia (UFBA), hoje na classe Associado II - Ondina , Salvador. Coordena o Laboratório de Nutrição Animal desta mesma instituição. É membro do comitê editor do BR-Caprinos e Ovinos 2024. Membro do comitê de atualização do BR-Corte 2016 e BR-Corte 2023, no qual é responsável pelas recomendações referentes à produção de proteína microbiana ruminal e degradabilidade da proteína dos alimentos. Membro do INCT - Ciência Animal CNPq. Foi coordenadora do Programa de Pós-Graduação em Zootecnia da UFBA no período 2014-2018. Atua como membro titular do Comitê de Ética no Uso de Animais em Pesquisa da Universidade Federal da Bahia (CEUA-UFBA) desde 2022.  Atua principalmente nos seguintes temas: Aprimoramento de métodos de pesquisa em nutrição de pequenos ruminantes, avaliação de alimentos e produção de pequenos ruminantes. É responsável pela formulação de dietas e atendimento nutricional ambulatorial de cães e gatos do Hospital Veterinário Renato Rodemburg de Medeiros Neto (HOSPMEV - UFBA). Scopus ID: 36242356100 - ORCID: 0000-0003-4680-1412","Stefanie Alvarenga Santos é uma pesquisadora afiliada à Universidade Federal da Bahia, onde atua como docente na Escola de Medicina Veterinária e Zootecnia. Graduada em Zootecnia pela Universidade Federal do Espírito Santo em 2005, ela obteve seu mestrado e doutorado em Zootecnia pela Universidade Federal de Viçosa em 2007 e 2011, respectivamente, além de ter realizado um período de pesquisa na University of Delaware, nos Estados Unidos.\n\nDesde 2013, Stefanie integra o corpo docente da UFBA, onde atualmente ocupa a posição de professora associada II. Além disso, ela é coordenadora do Laboratório de Nutrição Animal da instituição. Seu envolvimento com comitês editoriais, como o BR-Caprinos e Ovinos 2024, e sua participação como membro do comitê de atualização do BR-Corte demonstram sua atuação ativa na comunidade científica.\n\nSeus principais interesses de pesquisa estão focados no aprimoramento de métodos de pesquisa em nutrição de pequenos ruminantes, na avaliação de alimentos e na produção de pequenos ruminantes. Stefanie é reconhecida pela formulação de dietas e atendimento nutricional ambulatorial de cães e gatos no Hospital Veterinário Renato Rodemburg de Medeiros Neto, consolidando sua expertise no campo da nutrição animal.\n\nAlém disso, ela também possui vínculo com o Programa de Pós-Graduação em Zootecnia, evidenciando seu comprometimento com a formação de novos pesquisadores e a disseminação de conhecimento na área. Sua liderança como coordenadora do Programa de Pós-Graduação em Zootecnia da UFBA no período de 2014 a 2018 destaca seu papel ativo na coordenação acadêmica e no desenvolvimento de pesquisas na instituição.\n\nRecentemente, suas produções bibliográficas têm contribuído significativamente para o avanço do conhecimento na área. Artigos como \Cassava Hay Inclusion Improves Fermentation Profile And Quality Of Spineless Forage Cactus Silage\"", \""Dietary Starch Level Determines The Efficacy Of Calcium Salts Of Palm Fatty Acids On Nitrogen Use Efficiency And Performance In Feedlot Lambs\"" e \""Effects Of Concentrate Levels With Or Without Protected Fat On Intake, Digestibility, Microbial Protein Synthesis, And Performance In Feedlot Lambs\"" refletem sua dedicação à pesquisa de alta qualidade.\n\nEm relação a projetos de fomento e bolsas recebidos, Stefanie Alvarenga Santos possui suporte institucional por meio de uma bolsa de Produtividade em Pesquisa - C, evidenciando o reconhecimento de suas contribuições e o impacto de suas atividades acadêmicas e científicas.\n\nEm suma, Stefanie Alvarenga Santos é uma pesquisadora atuante e dedicada, com uma sólida formação acadêmica e profissional, destacando-se por suas contribuições significativas no campo da nutrição animal. Sua liderança em programas de pós-graduação, participação em comitês editoriais e produção científica de alto nível consolidam sua posição como uma referência na área, contribuindo para o avanço do conhecimento e a formação de novos pesquisadores na Zootecnia.""",114,2,10,0,0,0,22,1438,50,134,https://openalex.org/A5035191505,A+,
de9c271c-8f4b-4816-9e22-1984ccf22883,Viviane Sampaio Boaventura De Oliveira,F,5684058125095235,K4792055H7,0000-0002-7241-6844,Pós-Doutorado,CIENCIAS DA SAUDE,,Diagnóstico e pesquisa clínica,,Salvador,"Fundação Oswaldo Cruz - Instituto Gonçalo Moniz, Fiocruz Bahia",FIOCRUZ-BA,"Viviane Boaventura é pesquisadora da Fundação Oswaldo Cruz- Instituto Goncalo Moniz, professora associada de Imunopatologia da Faculdade de Medicina da Universidade Federal da Bahia e membro titular da Academia de Ciências da Bahia. Possui graduação em Medicina pela Universidade Federal da Bahia (1999), especialização em Otorrinolaringologia na Santa Casa de Misericóridia da Bahia, mestrado (2005) e doutorado (2009) em Patologia  pela Universidade Federal da Bahia/ Centro de Pesquisas Gonçalo Moniz - FIOCRUZ. Foi bolsista Fulbright, atuando como pesquisadora senior no La Jolla Institute for Immunology (2022). Tem experiência na área de medicina e imunologia de doenças infecciosas,  nos seguintes temas:  imunopatogênese,  diagnóstico e tratamento  de doenças infecciosas (transmitidas por vetor e doenças respiratórias), saúde digital e análise de efetividade vacinal. Atualmente vem desenvolvento trabalhos sobre manifestações pós-agudas de infecções virais, entre outros.","Viviane Sampaio Boaventura De Oliveira é uma pesquisadora associada da Fundação Oswaldo Cruz - Instituto Gonçalo Moniz e professora de Imunopatologia na Faculdade de Medicina da Universidade Federal da Bahia. Com formação em Medicina pela Universidade Federal da Bahia, Viviane possui uma sólida trajetória acadêmica e profissional, com especializações em Otorrinolaringologia pela Santa Casa de Misericórdia da Bahia, mestrado e doutorado em Patologia pela UFBA em parceria com o Centro de Pesquisas Gonçalo Moniz - Fiocruz.\n\nDurante sua carreira, Viviane Boaventura se destacou na área de medicina e imunologia de doenças infecciosas, com foco em temas como imunopatogênese, diagnóstico e tratamento de doenças infecciosas transmitidas por vetor e respiratórias, saúde digital e análise de efetividade vacinal. Sua experiência e expertise a levaram a ser reconhecida como membro titular da Academia de Ciências da Bahia, demonstrando seu comprometimento e relevância no cenário científico local e nacional.\n\nAlém disso, Viviane realizou um pós-doutorado como bolsista Fulbright no La Jolla Institute for Immunology em 2022, ampliando suas colaborações e conhecimentos em pesquisa imunológica. Atualmente, seu foco de pesquisa está nas manifestações pós-agudas de infecções virais, entre outros temas de relevância para a saúde pública.\n\nViviane Sampaio Boaventura De Oliveira possui uma sólida inserção em programas de pós-graduação, atuando nos programas de Ciências da Saúde e Patologia Humana da UFBA/Fiocruz. Sua participação nessas instâncias acadêmicas evidencia seu papel como orientadora e colaboradora no desenvolvimento de novos pesquisadores e na produção de conhecimento científico de excelência.\n\nNo que diz respeito às suas contribuições científicas mais recentes, Viviane publicou artigos em revistas renomadas, abordando temas como o risco da Síndrome de Guillain-Barré após infecção por dengue, educação em saúde na prevenção e tratamento da diarreia infecciosa na infância, e a identificação de múltiplas infecções/exposições por arbovírus no nordeste do Brasil. Esses estudos refletem a diversidade de interesses e o compromisso de Viviane com a produção de conhecimento relevante e aplicável à saúde pública.\n\nEm relação a projetos de fomento e bolsas recebidas, Viviane foi contemplada com o apoio do Programa de Produtividade em Pesquisa - B, que reconhece sua liderança e excelência na área de pesquisa em saúde. Esses recursos financeiros são importantes para sustentar suas investigações e o desenvolvimento de novas abordagens terapêuticas e preventivas no campo das doenças infecciosas.\n\nEm suma, Viviane Sampaio Boaventura De Oliveira é uma pesquisadora renomada e respeitada no campo da saúde, com uma sólida formação acadêmica, vasta experiência em pesquisas inovadoras e significativas contribuições para o avanço do conhecimento científico. Sua atuação interdisciplinar, seu comprometimento com a formação de novos pesquisadores e sua constante busca por soluções para os desafios da saúde pública a tornam uma figura de destaque no cenário científico nacional e internacional.",101,1,4,0,0,0,28,2489,50,145,https://openalex.org/A5084545243,A+,
e041e4e7-e048-4979-8f7d-ae96314dbcdb,Patricia Ramos Cury,F,0714090324773908,K4702557E2,,Pós-Doutorado,,CIENCIAS DA SAUDE,Odontologia e saúde bucal,Estudo das doenças bucais e fatores de risco a saúde humana,Salvador,Universidade Federal Da Bahia,UFBA,"Possui graduação em Odontologia pela Faculdade de Odontologia de Bauru (USP), com mestrado e doutorado em Clínicas Odontológicas, na área de Periodontia, pela Faculdade de Odontologia de Piracicaba (UNICAMP), com destaque para o doutorado sanduíche realizado na University of Alabama at Birmingham (EUA). Concluiu pós-doutorado em Patologia Bucal pela Faculdade de Odontologia da USP, quando desenvolveu parte da sua pesquisa na University of Pennsylvania School of Dental Medicine. Também exerceu a função de Professor Visitante Sênior na Harvard School of Public Health. Além disso, realizou estágio na Penn Dental Medicine, University of Pennsylvania, aprimorando suas habilidades clínicas e acadêmicas. É também especialista em Radiologia Oral, com ampla experiência na aplicação de tecnologias avançadas para o diagnóstico e tratamento de doenças bucais.Atualmente, é assessor científico do Conselho Nacional de Desenvolvimento Científico e Tecnológico (CNPq), Professor  Titular da Universidade Federal da Bahia (UFBA), docente permanente do Programa de Pós-graduação em Odontologia e Saúde da UFBA e docente colaboradora do Programa de Doutorado em Biotecnologia da Rede Nordeste de Biotecnologia (RENORBIO).Com vasta experiência na área de Odontologia, seus principais interesses de pesquisa envolvem epidemiologia, fatores de risco, diagnóstico e etiopatogênese das doenças bucais, com ênfase no uso de tecnologias de diagnóstico por imagem, com projetos financiados por instituições de renome, como o CNPq e a FAPESB. É autora de mais de 170 artigos científicos completos e orientadora de 120 alunos, sendo 48 em Iniciação Científica, 28 em Mestrado e 12 em Doutorado, além de diversas orientações em andamento.","Patricia Ramos Cury é uma pesquisadora renomada, atualmente vinculada à Universidade Federal da Bahia (UFBA) como Professora Titular. Com uma extensa formação acadêmica, Patricia obteve sua graduação em Odontologia na Faculdade de Odontologia de Bauru (USP) e posteriormente realizou mestrado e doutorado em Clínicas Odontológicas, com ênfase em Periodontia, na Faculdade de Odontologia de Piracicaba (UNICAMP). Destacam-se em sua trajetória os períodos de pós-doutorado em Patologia Bucal na Faculdade de Odontologia da USP e como Professor Visitante Sênior na Harvard School of Public Health, além do doutorado sanduíche na University of Alabama at Birmingham, nos Estados Unidos.\n\nCom especialização em Radiologia Oral pela UFBA, Patricia possui uma vasta experiência na aplicação de tecnologias avançadas para o diagnóstico e tratamento de doenças bucais. Sua atuação como assessor científico do Conselho Nacional de Desenvolvimento Científico e Tecnológico (CNPq) e sua participação como docente permanente no Programa de Pós-graduação em Odontologia e Saúde da UFBA e colaboradora no Programa de Doutorado em Biotecnologia da Rede Nordeste de Biotecnologia (RENORBIO) evidenciam seu envolvimento ativo na formação de novos pesquisadores e na produção de conhecimento.\n\nNo que tange às suas contribuições científicas recentes, Patricia tem se destacado com publicações relevantes, tais como os artigos \Can Isotretinoin Induce Cytogenetic Damage In Oral Cells?\"", \""Cytogenetic Biomonitoring In Buccal Mucosal Cells From Children Exposed To Potentially Toxic Elements In Drinking Water: A Cross-Sectional Study\"" e \""Genotoxicity Studies Are Necessary For Biomonitoring Individuals Living In High-Risk Regions\"". Esses estudos refletem seu interesse nas áreas de epidemiologia, fatores de risco, diagnóstico e etiopatogênese das doenças bucais, com uma ênfase particular no uso de tecnologias de diagnóstico por imagem.\n\nAlém disso, Patricia demonstra uma sólida participação em programas de pós-graduação, atuando no Programa de Pós-graduação em Odontologia e Saúde da UFBA. Sua liderança no grupo de pesquisa \""Estudo das doenças bucais e fatores de risco a saúde humana\"" evidencia seu papel ativo no desenvolvimento de pesquisas interdisciplinares e na formação de grupos de trabalho sólidos e produtivos.\n\nNo que diz respeito aos projetos de fomento e bolsas de pesquisa, Patricia obteve apoio do CNPq e da FAPESB para o financiamento de suas pesquisas, demonstrando seu comprometimento em buscar recursos para o avanço da ciência e tecnologia na área odontológica. Sua bolsa de Produtividade em Pesquisa - C é um reflexo do reconhecimento de sua produtividade e relevância acadêmica no cenário nacional.\n\nEm síntese, Patricia Ramos Cury é uma pesquisadora com uma sólida formação acadêmica e vasta experiência na área de Odontologia, focada em estudos que visam a compreensão e o combate às doenças bucais. Sua atuação como professora, pesquisadora e líder de grupos de estudo a coloca em uma posição de destaque no cenário acadêmico nacional, contribuindo significativamente para o avanço do conhecimento científico e para a formação de novas gerações de pesquisadores na área da saúde bucal.""",199,1,1,1,0,0,0,0,0,0,,A+,
e0ace6bb-9e54-4c03-b118-79f0cc71f5ca,Olívia Maria Cordeiro De Oliveira,F,6803571168057331,K4791722Y0,,Pós-Doutorado,,CIENCIAS EXATAS E DA TERRA,"Geociências, geoquímica e petróleo",,Salvador,Universidade Federal Da Bahia,UFBA,"Possui Graduação e Mestrado em Geologia pela Universidade Federal da Bahia (1992 e 1995, respectivamente) e Doutorado em Geoquímica pela Universidade Federal Fluminense (2000). Ao longo de sua carreira, tem se dedicado à educação e popularização da ciência, atualmente ocupando o cargo de Coordenadora de Pesquisa da Pró-Reitoria de Pesquisa e Pós-Graduação (PRPPG) da Universidade Federal da Bahia (UFBA) e Coordenadora do Comitê Científico para o Monitoramento e Enfrentamento das Emergências Climáticas do Consórcio Nordeste. Como Professora Titular do Departamento de Geofísica e membro do Programa de Pós-Graduação em Geoquímica: Petróleo e Meio Ambiente (POSPETRO)/UFBA, contribui significativamente para o avanço do conhecimento em sua área. Atuou como Diretora do Instituto de Geociências/UFBA em dois mandatos consecutivos: 2014 a 2018 e 2018 a 2022. Coordenadora de Projetos de Pesquisa e Autora de inúmeros artigos científicos indexados, Líder dos Grupos de Pesquisa ''Petróleo e Desenvolvimento Sustentável (PETRODES)'' e ''Investigação Forense Multidisciplinar'', certificados pelo CNPq e reconhecidos pela UFBA. Membro da Comissão Gestora do PRH/ANP 36. É membro da Câmara de Articulação Interfederativa do Comitê Interministerial sobre Mudança do Clima (CIM). Avaliadora institucional brasileira do INEP/MEC e capacitada para avaliação e credenciamento no MERCOSUL (treinamento ARCU-SUR) para o curso de graduação em Geologia. Membro da Câmara de Assessoramento e Avaliação da Fapesb, Área ''Ciências Exatas e da Terra'', biênio 2024-2026. Membro Titular da Academia de Ciências da Bahia (ACB). Tem experiência na área de Geociências e Oceanografia, com ênfase em Geoquímica Ambiental, atuando nos seguintes temas: Geologia do Petróleo, Geoquímica do Petróleo, Geociências Forense, Oceanografia Química e Monitoramento Geoquímico. Por dedicação e contribuição ao avanço do conhecimento científico, foi agraciada com o Título Honorífico de ''Amiga da Marinha''.","Olívia Maria Cordeiro De Oliveira é uma renomada pesquisadora com vasta experiência na área de Geociências e Oceanografia, com ênfase em Geoquímica Ambiental. Atualmente vinculada à Universidade Federal da Bahia (UFBA), onde ocupa o cargo de Coordenadora de Pesquisa da Pró-Reitoria de Pesquisa e Pós-Graduação, sua carreira é marcada por uma trajetória acadêmica sólida e uma extensa contribuição para o avanço do conhecimento em sua área de atuação.\n\nOlívia iniciou sua formação acadêmica na UFBA, onde obteve o título de Bacharel em Geologia, seguido pelo Mestrado na mesma instituição. Posteriormente, realizou seu Doutorado em Geoquímica na Universidade Federal Fluminense, consolidando sua expertise na área. Com um percurso educacional consistente e sólido, ela se tornou referência no campo da Geologia do Petróleo, Geoquímica do Petróleo, Geociências Forense, Oceanografia Química e Monitoramento Geoquímico.\n\nAlém de sua atuação como docente e pesquisadora, Olívia tem exercido importantes funções de liderança e gestão. Entre suas ocupações, destaca-se a direção do Instituto de Geociências da UFBA em dois mandatos consecutivos, onde demonstrou competência e dedicação ao desenvolvimento institucional. Sua participação como Coordenadora do Comitê Científico para o Monitoramento e Enfrentamento das Emergências Climáticas do Consórcio Nordeste evidencia seu compromisso com questões ambientais e de sustentabilidade.\n\nNo âmbito da pesquisa, Olívia é líder de grupos reconhecidos pelo CNPq e UFBA, como o ''Petróleo e Desenvolvimento Sustentável (PETRODES)'' e ''Investigação Forense Multidisciplinar'', nos quais tem contribuído significativamente para a produção de conhecimento científico relevante. Sua participação ativa em projetos de pesquisa e autoria de inúmeros artigos científicos indexados refletem sua constante busca por inovação e excelência em suas investigações.\n\nEm relação à sua inserção em programas de pós-graduação, Olívia é membro do Programa de Pós-Graduação em Geoquímica: Petróleo e Meio Ambiente, onde compartilha sua expertise com estudantes e colaboradores. Sua ampla produção bibliográfica recente, que inclui artigos como \Acclimation Of Rhizophora Mangle To Petroleum\"" e \""Optimization Of Operational Conditions For The Production And Purification Of The Alkane Hydroxylase Enzyme\"", demonstra seu interesse em temas atuais e relevantes para a comunidade científica.\n\nAdicionalmente, Olívia foi agraciada com o Título Honorífico de ''Amiga da Marinha'' em reconhecimento à sua dedicação e contribuição ao avanço do conhecimento científico. Sua participação em órgãos de avaliação e fomento à pesquisa, como a Comissão Gestora do PRH/ANP e a Câmara de Assessoramento e Avaliação da Fapesb, evidencia seu engajamento em atividades que visam fortalecer a ciência e a inovação no Brasil.\n\nEm suma, Olívia Maria Cordeiro De Oliveira é uma pesquisadora de destaque, cuja carreira é marcada por uma sólida formação acadêmica, atuação em cargos de liderança e contribuições relevantes para o avanço da ciência em Geologia, Geoquímica e áreas correlatas. Sua vasta experiência e compromisso com a excelência acadêmica a consolidam como uma figura de referência no cenário científico nacional.""",81,8,13,12,0,0,0,0,0,0,,A+,
e140fe17-b818-45f1-b0ab-b952d17d51eb,Livia Alessandra Fialho Da Costa,F,0710584663045726,K4797924Y2,,Pós-Doutorado,,CIENCIAS HUMANAS,"Educação, ensino e formação docente",educação; família; gênero,Salvador,Universidade Do Estado Da Bahia,UNEB,"Possui graduação em Ciências Sociais pela Universidade Federal da Bahia (1993), mestrado em Sociologia pela Universidade Federal da Bahia (1996), mestrado em Antropologia Social e Etnologia - Ecole des Hautes Études en Sciences Sociales (1997) e doutorado em Antropologia Social e Etnologia - École des Hautes Études en Sciences Sociales (2002). Atualmente é professora Titular (Pleno) da Universidade do Estado da Bahia. Docente/pesquisadora no Programa de Pós-graduação em Educação e Contemporaneidade (UNEB)/Departamento de Educação - Campus I. Editora associada da Revista da FAEEBA. Tem experiência nas áreas de Educação e Antropologia. Líder do Grupo de Pesquisa Educação, Desigualdades e Diversidades (GPEDDI-CNPQ). Coordenadora do GT 14 - Sociologia da Educação (EPEN).  Atua principalmente nos seguintes temas: educação, família, gênero, religiosidade, corpo, arte e escola. Bolsista de Produtividade (CNPq 1c).",,35,4,47,0,0,1,0,0,0,0,,A+,
e362adfc-fdea-4297-a780-28e1d6c5a31f,Antonia Pereira Bezerra,F,6158488812359628,K4799474D7,,Pós-Doutorado,LINGUISTICA LETRAS E ARTES,,Artes e processos de criação,drama; ator; pesquisa em artes e criação,Salvador,Universidade Federal Da Bahia,UFBA,"Atriz e dramaturga, graduada em Licenciatura em Artes Cênicas pela Universidade Federal da Bahia (1992); Mestre (DEA) em Litterature Française pela Université de Toulouse II, Le Mirail (1994); Doutora em Lettres Modernes pela Université de Toulouse II, Le Mirail (1999) e Pós-Doutora em Dramaturgia pela Université du Québec à Montréal  UQAM (2006). Coordenou o Programa de Pós-Graduação em Artes Cênicas (PPGAC/UFBA) por duas gestões consecutivas - biênios 2007/2009 e 2009/2011.Também foi Secretária eleita para o biênio 2000/2002 da Associação Brasileira de Pesquisa e Pós Graduação Em Artes Cênicas. De abril de 2011 a abril de 2018 coordenou a Área de Artes na CAPES e de Junho de 2022 a julho de 2025 foi representante da Área de Artes Cênicas no CNPq, no Comitê de Assessoramento de Artes, Ciência da Informação, Comunicação e Museologia (CA-AC) Atualmente é professora Titular da Universidade Federal da Bahia; Coordenadora da Área de Ciências e Humanidades para a Educação Básica - na CAPES e líder do Grupo de Estudos em Teatro do Oprimido - GESTO. Tem experiência na área de Teatro e Dramaturgia, com ênfase em Literatura Comparada, atuando principalmente nos seguintes temas: drama, ator, pesquisa em artes e criação.","Antonia Pereira Bezerra é uma renomada pesquisadora e professora na área de Artes Cênicas, atualmente vinculada à Universidade Federal da Bahia (UFBA). Com uma sólida formação acadêmica, Antonia possui um extenso currículo acadêmico, tendo obtido sua graduação em Licenciatura em Artes Cênicas pela UFBA em 1992. Posteriormente, ela concluiu um mestrado em Litterature Française pela Université de Toulouse II, Le Mirail em 1994, um doutorado em Lettres Modernes pela mesma instituição em 1999, e um pós-doutorado em Dramaturgia pela Université du Québec à Montréal em 2006.\n\nAo longo de sua carreira, Antonia Pereira Bezerra demonstrou sua excelência não apenas na formação acadêmica, mas também nas contribuições científicas que tem oferecido à comunidade acadêmica. Com foco em Teatro e Dramaturgia, suas pesquisas têm explorado temas como drama, ator, pesquisa em artes e criação. Sua produção bibliográfica mais recente inclui artigos e um livro que abordam questões contemporâneas como a precariedade, a biopotência e a necropolítica algorítmica em plataformas digitais, bem como a relação entre o Teatro do Oprimido e a universidade.\n\nAlém de suas realizações acadêmicas e científicas, Antonia Pereira Bezerra também desempenhou importantes funções de liderança em instituições acadêmicas e associações profissionais. Ela coordenou o Programa de Pós-Graduação em Artes Cênicas da UFBA por duas gestões consecutivas, de 2007 a 2011, e foi eleita Secretária da Associação Brasileira de Pesquisa e Pós-Graduação em Artes Cênicas para o biênio 2000-2002. De 2011 a 2018, coordenou a Área de Artes na CAPES e, posteriormente, representou a Área de Artes Cênicas no CNPq, no Comitê de Assessoramento de Artes, Ciência da Informação, Comunicação e Museologia.\n\nNo que diz respeito à sua inserção em programas de pós-graduação, Antonia Pereira Bezerra tem colaborado principalmente com o Programa de Pós-Graduação em Artes Cênicas, onde tem orientado alunos e desenvolvido pesquisas de ponta. Sua atuação como líder do Grupo de Estudos em Teatro do Oprimido (GESTO) demonstra seu engajamento na formação de novos pesquisadores e na promoção da pesquisa em sua área de especialização.\n\nÉ importante ressaltar que Antonia Pereira Bezerra também recebeu reconhecimento e apoio institucional ao longo de sua carreira, como a bolsa de Produtividade em Pesquisa - 1A. Esses projetos de financiamento e bolsas de pesquisa são indicativos do impacto de suas contribuições científicas e da relevância de suas investigações para a comunidade acadêmica.\n\nEm síntese, Antonia Pereira Bezerra é uma pesquisadora de destaque na área de Artes Cênicas, com uma formação acadêmica sólida, contribuições científicas significativas e um papel ativo na liderança de programas de pesquisa e no desenvolvimento da pesquisa em sua área de atuação. Sua trajetória exemplar e seu compromisso com a produção de conhecimento de qualidade a tornam uma figura proeminente no cenário acadêmico nacional e internacional.",22,11,24,0,0,0,0,0,0,0,,B+,
e5050c2c-2cbe-4546-b9de-da416f932691,Liz Oliveira Dos Santos,F,8025837161394274,K4291091Y5,0000-0003-2064-2097,Doutorado,CIENCIAS EXATAS E DA TERRA,,Química e processos químicos,,Feira de Santana,Universidade Federal Do Recôncavo Da Bahia,UFRB,"Possui graduação em Bacharelado em Química(2010) e Mestrado(2013) pela Universidade Estadual do Sudoeste da Bahia (2010), Doutorado em Química pela Universidade Federal da Bahia (2016). Professora dos cursos de Educação do Campo da UFRB. É membro do Banco de Avaliadores (BASis) do Sistema Nacional de Avaliação da Educação Superior (Sinaes) (2018-Atual). É membro do Conselho deliberativo da Fundação de apoio à pesquisa e à extensão - FAPEX. Nas minhas Pesquisas tenho desenvolvido trabalhos na área de alimentos visando contribuir com a tabela de composição de alimentos, desenvolvimento de novos alimentos e controle de qualidade com enfoque cientifico, nutricional e tecnológico. Na área ambiental tenho desenvolvido estratégias de quantificação e especiação visando monitoramento de analitos inorgânicos  em água, solos e sedimentos, como foco nas análises de elementos tóxicos em quantidade traço, auxiliadas pelo uso da Quimiometria. Na área de inovação tenho atuado no Preparo e Caracterização de Novos Materiais de Referência para Controle de Qualidade e Desenvolvimento de Sistemas Analíticos Automatizados para Controle de Qualidade e Novos Produtos Alimentícios. Além disso, tenho atuado em Projetos de Extensão que visam o fortalecimento de grupos produtivos da Agricultura Familiar com foco na promoção da Soberania e Segurança Alimentar e Nutricional. É membro do Institutos de Ciência, Inovação e Tecnologia do Estado da Bahia - INCITE Rede Pró-Alimentos: Inovação, Ciência e Tecnologia financiado pela FAPESB.",,34,0,12,16,1,0,13,538,14,40,https://openalex.org/A5054926302,A+,
e58250ca-1a3b-4f96-a035-0e1f94e7ff31,Camila Indiani De Oliveira,F,5692825410779014,K4792771U1,0000-0002-7868-5164,Pós-Doutorado,,CIENCIAS BIOLOGICAS;CIENCIAS DA SAUDE,Diagnóstico e pesquisa clínica,,Salvador,"Fundação Oswaldo Cruz - Instituto Gonçalo Moniz, Fiocruz Bahia",FIOCRUZ-BA,"Possui graduação em Ciências Biológicas pela Universidade de São Paulo (1995) e doutorado em Ciências (Biologia da Relação Patógeno-Hospedeiro) pela Universidade de São Paulo (2000). É professora permanente dos cursos de pós-graduação em Patologia (UFBA-FIOCRUZ) e em Ciências da Saúde (UFBA) e  professora adjunta da Fundação Bahiana Para o Desenvolvimento das Ciências. Tem experiência em Protozoologia Parasitária Humana e Leishmaniose e se dedica a estudar a interação Leishmania-Hospedeiro-Vetor.  Quanto às atividades de gestão, atuou como Vice Diretora de Pesquisa da Fiocruz Bahia (2017 a 2021), Vice Presidente da Sociedade Brasileira de Protozoologia (SBPz) (2021-2023). Foi Coordenadora Adjunta da área de Ciências Biológicas III (CBIII-CAPES) (2018-2022) passando a atuar como Coordenadora da área CBIII em 2023. É secretária da Latin American and Caribbean Association for Immunology (ALACI, 2025-2027). Em 2025 foi eleita Membro Titular da Academia de Ciências da Bahia.","Camila Indiani De Oliveira é uma pesquisadora com pós-doutorado atuante na Fundação Oswaldo Cruz - Instituto Gonçalo Moniz, Fiocruz Bahia. Graduada em Ciências Biológicas pela Universidade de São Paulo em 1995, ela obteve seu doutorado na mesma instituição em 2000, na área de Biologia da Relação Patógeno-Hospedeiro. \n\nSua carreira acadêmica inclui docência nos cursos de pós-graduação em Patologia (UFBA-FIOCRUZ) e em Ciências da Saúde (UFBA), bem como a posição de professora adjunta na Fundação Bahiana Para o Desenvolvimento das Ciências. Seu foco de pesquisa concentra-se em Protozoologia Parasitária Humana e Leishmaniose, explorando a interação entre Leishmania-Hospedeiro-Vetor.\n\nAlém de suas atividades acadêmicas, Camila ocupou cargos de gestão de destaque, como Vice Diretora de Pesquisa da Fiocruz Bahia de 2017 a 2021. Ela também foi Vice Presidente da Sociedade Brasileira de Protozoologia (SBPz) de 2021 a 2023 e atuou como Coordenadora Adjunta da área de Ciências Biológicas III (CBIII-CAPES) de 2018 a 2022, assumindo a coordenação da mesma área em 2023. Atualmente, ela ocupa o cargo de secretária da Latin American and Caribbean Association for Immunology (ALACI) para o período de 2025 a 2027 e foi eleita Membro Titular da Academia de Ciências da Bahia em 2025.\n\nNo que diz respeito às produções científicas mais recentes, Camila contribuiu com artigos como \Accelerating Vaccine Research And Development For Skin Neglected Tropical Diseases: A Case For Leishmaniasis, Leprosy, And Buruli Ulcer\"" e \""An Observational Study To Test The Potency Of Glp-Grade Phenol-Free Lyophilised Leishmanin Antigen Formulation\"", ambos publicados em 2026, e \""Topical Aunps-Cys-Sm29 Gel Modulates The Course Of Lesion Development In Experimental Cutaneous Leishmaniasis\"", de 2025.\n\nNo contexto acadêmico, a pesquisadora está vinculada aos programas de pós-graduação em Ciências da Saúde e Patologia Humana (UFBA/Fiocruz). Por meio desses programas, ela contribui para a formação de novos pesquisadores e para o avanço do conhecimento em sua área de atuação.\n\nEmbora não haja informações específicas sobre projetos de fomento ou bolsas recebidos, a atuação de Camila Indiani De Oliveira evidencia sua participação ativa e relevante no cenário científico nacional e internacional, tanto por meio de sua produção acadêmica quanto por sua atuação em diferentes frentes de pesquisa e gestão. Seu perfil profissional demonstra um compromisso sólido com o avanço do conhecimento científico e a formação de profissionais qualificados em sua área de especialização.""",116,0,2,2,0,0,39,4653,91,155,https://openalex.org/A5059229632,E,
e6200b31-fab3-4912-92cb-2d29be614f08,Carine Tondo Alves,F,0985969975629840,K4717456P9,,Pós-Doutorado,ENGENHARIAS,,Processos industriais e engenharia química,Térmica; Torrefação; gaseificação e pirólise de biomassa,Feira de Santana,Universidade Federal Do Recôncavo Da Bahia,UFRB,"Possui graduação em Engenharia Química pela Universidade Federal de Santa Maria (2005), mestrado em Engenharia Química pela Universidade Federal da Bahia (2008), doutorado em Engenharia Industrial pela Universidade Federal da Bahia (2012), doutorado sanduíche na School of Chemical Engineering - University of Birmingham (2011), pós-doutorado na School of Chemical Engineering - University of Birmingham (2013) e pós-doutorado na School of Chemical Engineering - Aston University (2022). Atualmente é vice-coordenadora do Programa de Pós-Graduação em Propriedade Intelectual e Transferência de Tecnologia para a Inovação PROFNIT da UFRB, PPGM da UEFS e membro colaboradora do Programa de Pós-Graduação Mestrado Profissional em Desenvolvimento Sustentável do SENAI CIMATEC, e professora Associada da Universidade Federal do Recôncavo da Bahia (UFRB). É bolsista de desenvolvimento tecnológico e extensão inovadora do CNPQ. Foi coordenadora do curso de Engenharia de Energias da UFRB entre 2017-2021, campus Feira de Santana, membro da UFRB no Instituto Nacional de Ciência e Tecnologia (INCT) de Energia e Ambiente. Atualmente, coordena projetos de pesquisa do CNPQ e FAPESB e participa como coordenadora de subprojetos dos PROGRAMA BRAVE-BIO (coordenado pela Unicamp) e do projeto INCITERE (coordenado pela UFBA). Tem experiência na área de Engenharia Química, com ênfase em Termodinâmica, Transferência de Calor, Biomassa e Bioenergia, atuando principalmente nos seguintes temas: Térmica, Torrefação, gaseificação e pirólise de biomassa, Produção de Hidrogênio, Transesterificação e esterificação de óleos e gorduras, Síntese e caracterização de catalisadores metálicos, Processos inovadores de produção de biocombustíveis, Tecnologia supercrítica, Cinética química, Modelagem termodinâmica do equilíbrio químico. Foi Coordenadora da área de energia e tecnologias da UFRB. Coordenadora de Projeto de Pesquisa na área de Produção de Hidrogênio financiado pela FAPESB, e participante e equipe executora de diversos projetos de pesquisa e de cooperação internacional financiados e em execução. Participou da criação do Projeto Político Pedagógico do Curso de Engenharia de Energias da UFRB.","Carine Tondo Alves é uma pesquisadora associada à Universidade Federal do Recôncavo da Bahia (UFRB), com ampla experiência na área de Engenharia Química. Possui uma sólida formação acadêmica, com graduação em Engenharia Química pela Universidade Federal de Santa Maria em 2005, mestrado em Engenharia Química pela Universidade Federal da Bahia em 2008 e doutorado em Engenharia Industrial pela mesma instituição em 2012. Além disso, realizou um doutorado sanduíche na School of Chemical Engineering da University of Birmingham em 2011, seguido por dois pós-doutorados na mesma instituição em 2013 e na Aston University em 2022.\n\nAtualmente, Carine é vice-coordenadora do Programa de Pós-Graduação em Propriedade Intelectual e Transferência de Tecnologia para a Inovação PROFNIT da UFRB e membro colaboradora do Programa de Pós-Graduação Mestrado Profissional em Desenvolvimento Sustentável do SENAI CIMATEC. É também bolsista de desenvolvimento tecnológico e extensão inovadora do CNPQ. Ao longo de sua carreira, foi coordenadora do curso de Engenharia de Energias da UFRB, membro do Instituto Nacional de Ciência e Tecnologia (INCT) de Energia e Ambiente e coordenadora de projetos de pesquisa financiados pelo CNPQ e FAPESB.\n\nSuas principais áreas de pesquisa incluem Termodinâmica, Transferência de Calor, Biomassa e Bioenergia, com destaque para processos como Torrefação, Gaseificação e Pirólise de Biomassa, Produção de Hidrogênio, Transesterificação de óleos e gorduras, entre outros. Carine também é especialista em Síntese e Caracterização de Catalisadores Metálicos, Tecnologia Supercrítica, Cinética Química e Modelagem Termodinâmica do Equilíbrio Químico.\n\nEm relação às suas produções bibliográficas mais recentes, destaca-se a publicação de capítulos de livro e trabalhos em eventos como \Mandioca no Brasil e no Mundo: Passado, Presente e Futuro\"", \""Biomethane Potential of School Food Residues in a Gender-Inclusive Research Initiative\"" e \""Avocado-Based Biodiesel as a Tool for Sustainable Energy and Gender Equity in Science\"", todos no ano de 2026.\n\nAlém disso, Carine é líder do Grupo de Pesquisa em Bioenergia e já participou de diversos projetos de fomento e bolsas de pesquisa, sendo beneficiária do Programa de Fomento do CNPQ na modalidade Produtividade em Desenvolvimento Tecnológico e Extensão Inovadora. Sua atuação como coordenadora de projeto na área de Produção de Hidrogênio, bem como sua participação em projetos de cooperação internacional, evidenciam seu engajamento e colaboração ativa no desenvolvimento da ciência e tecnologia na sua área de expertise.\n\nEm suma, Carine Tondo Alves é uma pesquisadora renomada, com uma trajetória acadêmica e profissional marcada por uma sólida formação, atuação em programas de pós-graduação, liderança em grupos de pesquisa e participação em projetos de fomento. Seus estudos e contribuições científicas nas áreas de Energia, Biomassa e Bioenergia têm impactado positivamente o campo da Engenharia Química, destacando-a como uma figura de destaque e referência no meio acadêmico-científico.""",53,3,4,2,0,2,0,0,0,0,,A+,
ed033206-60d6-4c8a-9e84-9633bd69b086,Suani Tavares Rubim De Pinho,F,6138444339310388,K4786250U6,0000-0003-1404-3485,Pós-Doutorado,CIENCIAS EXATAS E DA TERRA,,Física e astronomia,,Salvador,Universidade Federal Da Bahia,UFBA,"Possuo graduação em Física (bacharelado) pela Universidade Federal da Bahia (1986), mestrado em Física pela Universidade Federal da Bahia (1991) e doutorado em Física pela Universidade de São Paulo (1998). Fiz estágio pos-doutoral na University of Alberta-Canadá (2002). Sou professora titular da Universidade Federal da Bahia. Exerci o cargo de Chefia de Gabinete da Reitoria da UFBA de 2014 a 2022 e fui Coordenadora do Programa de Pós-Graduação de Física da UFBA entre 2024 e 2026. Estou membro do Conselho da Sociedade Brasileira de Física (SBF) desde 2025 e do Conselho da Sociedade Brasileira de Matemática Computacional e Aplicada (SBMAC) desde  2026. Em 2019 passei a ser membro titular  da Academia de Ciências da Bahia (ACB), sendo do Conselho Diretor entre 2023 e 2025, ocupando atualmente a posição de vice-presidente da ACB. Possuo 65 artigos científicos publicados em revistas indexadas, os quais versam sobre temas relativos à dinâmica de sistemas físicos e sistemas vivos. Orientei 42 alunos, sendo 13  de pós-graduação e 29 alunos de graduação.  Revisei artigos de 50 periódicos, até então, nas áreas de Física, Matemática e Computação Aplicadas, Biologia e Epidemiologia, Orientei Tenho experiência nas áreas de Física Teórica e Matemática Aplicada, com ênfase em Física Estatística, Sistemas Complexos, Física Biológica, Epidemiologia Matemática. Coordenei o Grupo de Modelagem Matemática e Computacional de Sistemas Vivos junto ao Instituto Nacional de Ciência e Tecnologia CITECS (Ciência, Inovação e Tecnologia em Saúde) de 2010 a 2015 e e da Rede CoVIDA de 2020 a 2022.  fiz parte do INCT Sistemas Complexos (SC) de 2016 a 2025, e atualmente faço parte do INCT de Saúde Digital..Dentro da UFBa, mantenho colaboração  com pesquisadores do Instituto de Física e de outras unidades (Instituto de Matemática, Instituto de Saúde Coletiva, Instituto de Biologia); e de outras instituições brasileiras (USP, UNESP,  UFV, UFRJ, FioCruz, CEMADEN, UEFS)  e finalmente  de instituições estrangeiras (University of Alberta - Canada, IGC - Portugal, UNAM- Mexico),  Realizei visitas científicas e ministrei palestras convidadas nas diversas instituições acima citadas bem como em outras instituções brasileiras como a UFAL, UFV, UFRGS,  e estrangeiras a exemplo da University of British Columbia no Canadá e da GeorgiaTech nos Estados Unidos.","Suani Tavares Rubim De Pinho é uma renomada pesquisadora brasileira, com atuação destacada na Universidade Federal Da Bahia, onde exerce o cargo de professora titular. Sua formação acadêmica inclui uma graduação em Física pela mesma instituição em 1986, seguida por um mestrado em Física, concluído em 1991, e um doutorado em Física pela Universidade de São Paulo, obtido em 1998. Além disso, realizou um estágio pós-doutoral na University of Alberta, no Canadá, em 2002.\n\nAo longo de sua carreira, Suani desenvolveu expertise nas áreas de Física Teórica e Matemática Aplicada, com ênfase em Física Estatística, Sistemas Complexos, Física Biológica e Epidemiologia Matemática. Sua trajetória educacional foi marcada por uma sólida formação em Física, culminando em um doutoramento que a consolidou como uma especialista de destaque em sua área de atuação. \n\nNo âmbito de suas contribuições científicas, a pesquisadora acumula 65 artigos publicados em revistas indexadas, abordando temas relacionados à dinâmica de sistemas físicos e vivos. Suas produções mais recentes incluem a publicação de artigos como \Combinatorial Time-Loops: Probabilistic Inference On Time-Series Based On Recurrence Analysis With Symbolic Methods\"" (2026), \""Assessing Mosquito Dynamics And Dengue Transmission In Foz Do Iguaçu, Brazil Through An Enhanced Temperature-Dependent Mathematical Model\"" (2025) e \""An Integrated Framework For Modelling Respiratory Disease Transmission And Designing Surveillance Networks Using A Sentinel Index\"" (2025).\n\nAlém de sua atuação como docente e pesquisadora, Suani Tavares Rubim De Pinho desempenhou importantes funções de liderança, tendo sido Chefe de Gabinete da Reitoria da UFBA de 2014 a 2022 e Coordenadora do Programa de Pós-Graduação de Física da instituição entre 2024 e 2026. Sua participação ativa em conselhos de entidades como a Sociedade Brasileira de Física (SBF), a Sociedade Brasileira de Matemática Computacional e Aplicada (SBMAC) e a Academia de Ciências da Bahia (ACB) atesta seu engajamento e reconhecimento no meio acadêmico.\n\nNo que tange a colaborações internacionais e projetos de fomento, a pesquisadora possui uma extensa rede de parcerias com instituições de ensino e pesquisa no Brasil e no exterior, como University of Alberta (Canadá), IGC (Portugal) e UNAM (México). Além disso, participou de grupos de pesquisa como o Grupo de Modelagem Matemática e Computacional de Sistemas Vivos no Instituto Nacional de Ciência e Tecnologia CITECS e na Rede CoVIDA.\n\nSuas conquistas, como a orientação de 42 alunos, a revisão de artigos em periódicos especializados e sua atuação em projetos de pesquisa de relevância nacional e internacional, solidificam a posição de Suani Tavares Rubim De Pinho como uma figura proeminente no cenário científico brasileiro. Seu comprometimento com o avanço do conhecimento em Física, Matemática Aplicada e áreas correlatas evidencia sua importância e relevância como pesquisadora de destaque na comunidade acadêmica.""",68,3,7,0,1,0,0,0,0,2,https://openalex.org/A5133495196,A,
edca58b7-9954-4ffd-969a-bd37facd4f51,Luzimar Gonzaga Fernandez,F,5869970809916591,K4792518D9,0000-0003-0837-6101,Doutorado,CIENCIAS BIOLOGICAS;CIENCIAS EXATAS E DA TERRA,,,"Bioquímica, Biotecnologia e Bioprodutos",Salvador,Universidade Federal Da Bahia,UFBA,"Graduação em Ciências Biológicas pela Universidade Católica do Salvador-UCSal (1983) e Bacharel em Química pela Universidade Federal da Bahia-UFBA (1989). Doutora em Biologia Molecular Estrutural pela Universitat Politéncia de Catalunya (1997). Professora Titular na Universidade Federal da Bahia - UFBA (2017). coordena e ministra disciplinas de Bioquímica, Biologia Molecular e Biotecnologia para cursos de graduação e programas de pós-graduação. Foi membro do Conselho Acadêmico de Ensino (CAE) da UFBA (2010 - 2014) e suplente (2022-2024 e 2024 até o momento). Foi Coordenadora Local junto a UFBA do Programa de Pós-graduação Multicêntrico em Bioquímica e Biologia Molecular-PMBqBM (2013-2018 e de 2021-2025). Foi vice-coordenadora do PMBqBM/SBBq/UFBA (2018-2020). Foi Chefe do Departamento de Biofunção (2005 - 2009 e 2010 - 2012), Vice-Chefe do Departamento de Biofunção (2009-2010), Vice-coordenadora do Programa de Pós-graduação em Processos Interativos dos Órgãos e Sistemas (2009-2011), e representante do Departamento junto a Congregação do Instituto de Ciências da Saúde (desde 2005), no Conselho de Ensino, Pesquisa e Extensão (CONSEP) da UFBA (2008-2012). Responsável pela criação e coordenação de várias disciplinas de graduação e pós-graduação no Departamento de Biofunção (atual Departamento de Bioquímica e Biofísica). Foi Membro da Câmara de Assessoramento em Ciências Biológicas e Meio Ambiente da Fundação de Amparo à Pesquisa do Estado da Bahia (FAPESB, 2004-2006) e professora de Química Orgânica e Bioquímica do Curso de Ciências Biológicas da Universidade Católica de Salvador de 1989 a 2009, e Coordenadora do Laboratório de Estudos em Meio Ambiente da UCSal (LEMA/UCSal) no período de 1999 a 2009. Presidiu a Comissão Interna de Biossegurança e o Comitê de Qualidade do LEMA de 1999 a 2009. Implantou e coordenadora do Laboratório de Bioquímica, Biotecnologia e Bioprodutos -LBBB/ICS/UFBA. Líder do grupo de pesquisa, orienta e coorienta estudantes de doutorado, mestrado e iniciação científica (IC) e supervisora de pós-doutorado. Tem experiência na área de implantação de sistemas de qualidade - ISO (9001-2000, 14000, 17025) e certificação laboratorial, na elaboração e coordenação de projetos caráter inter e multidisciplinar, emultiinstitucionais. Atua na área de Bioquímica e Biologia Molecular, com ênfase em química de macromoléculas, metabolômica e estudo de plantas de interesse, principalmente nos seguintes temas: fisiologia, bioquímica, biologia molecular, genômica funcional, atividade biológica de biocompostos, biotecnologia e suas aplicações.","Luzimar Gonzaga Fernandez é uma renomada pesquisadora da área de Ciências Biológicas e Exatas, atuando como Professora Titular na Universidade Federal da Bahia (UFBA). Graduada em Ciências Biológicas pela Universidade Católica do Salvador em 1983 e em Química pela UFBA em 1989, obteve seu Doutorado em Biologia Molecular Estrutural pela Universitat Politéncia de Catalunya em 1997.\n\nCom uma extensa experiência acadêmica e profissional, Luzimar tem desempenhado diversos papéis de liderança e coordenação dentro da UFBA. Foi membro do Conselho Acadêmico de Ensino, coordenadora de programas de pós-graduação em Bioquímica e Biologia Molecular, Chefe de Departamento, Vice-coordenadora de programas de pós-graduação e representante em diferentes instâncias universitárias. Sua atuação também se estendeu à pesquisa e à gestão de laboratórios, como o Laboratório de Estudos em Meio Ambiente da UCSal e o Laboratório de Bioquímica, Biotecnologia e Bioprodutos da UFBA.\n\nAlém disso, Luzimar é líder do grupo de pesquisa em Bioquímica, Biotecnologia e Bioprodutos, orientando estudantes de diversos níveis acadêmicos e supervisionando projetos de pesquisa inter e multidisciplinares. Sua área de atuação concentra-se em Bioquímica e Biologia Molecular, com ênfase na química de macromoléculas, metabolômica, genômica funcional e biotecnologia aplicada ao estudo de plantas de interesse.\n\nRecentemente, suas contribuições científicas mais destacadas incluem a publicação de artigos como \Influence Of Harvesting Method On Biomass Yield And Antimicrobial Activity Of Isochrysis Galbana And Phaeodactylum Tricornutum Extracts\"" e \""Toxicity Assay: Standardization In A 24-Well Microplate\"", demonstrando seu engajamento em investigações que buscam compreender os efeitos de diferentes métodos de colheita e testes de toxicidade em microplacas.\n\nEm sua trajetória educacional, além do Doutorado em Biologia Molecular Estrutural, Luzimar possui especializações em Produção Aquática, Produção Animal e Atualização em Ensino Superior. Sua formação inicial em Química e Ciências Biológicas proporcionou-lhe uma base sólida para suas pesquisas e atividades acadêmicas posteriores.\n\nA pesquisadora também recebeu apoio financeiro por meio do Programa de Fomento à Produtividade em Pesquisa, evidenciando seu compromisso com a produção científica de qualidade e o desenvolvimento de projetos inovadores em sua área de atuação.\n\nEm suma, Luzimar Gonzaga Fernandez é uma figura de destaque no cenário acadêmico e científico, cuja vasta experiência, liderança em pesquisa e dedicação ao ensino e à formação de novos pesquisadores a consolidam como uma referência na Biologia Molecular, Bioquímica e Biotecnologia. Sua atuação na UFBA e suas contribuições para o avanço do conhecimento científico tornam sua presença fundamental para o progresso da ciência no Brasil.""",64,2,21,1,0,0,20,1200,32,82,https://openalex.org/A5075934742,A+,
efbfca84-cbd4-4a27-b50e-d7eaac598e92,Gisele Olímpio Da Rocha,F,7767998250007993,K4763453H9,0000-0002-1847-8745,Pós-Doutorado,,CIENCIAS EXATAS E DA TERRA;ENGENHARIAS,Química e processos químicos,química analítica ambiental; atmosfera; química ambiental,Salvador,Universidade Federal Da Bahia,UFBA,"Possui graduação em Química-Licenciatura pelo Departamento de Química da Universidade Estadual de Maringá - UEM - (1998);  doutorado em Química pelo Instituto de Química de Araraquara, Universidade Estadual Paulista Júlio de Mesquita Filho - UNESP - (2003), com estágio supervisionado (Doutorado Sanduíche) na Division of Environmental Health and Risk Management, School of Geography, The University of Birmingham, em Birmingham, Reino Unido e Pós-Doutorado em Energia e Ambiente pela Universidade Federal da Bahia - UFBA - (2006). Entre os anos 2015-2016, realizou estágio de pós-doc, com duração de 12 meses, no Departamento de Ciências Atmosféricas e Oceânicas da Universidade da Califórnia, Los Angeles (UCLA), Los Angeles, Estados Unidos. Foi membro afiliado da Academia Brasileira de Ciências para o quinquênio 2011-2015 e membro-júnior da Academia de Ciências da Bahia entre 2016-2021. Ainda, é Professora Titular do Instituto de Química da Universidade Federal da Bahia, Departamento de Química Analítica. É docente permanente dos Programas de Pós-Graduação em Energia e Ambiente (PGEnAm) e da Pós-Graduação em Química (PGQUIM), ambos da UFBA. É professora permanente do Mestrado Profissional em Desenvolvimento Sustentável (MPDS) do SENAI-CIMATEC. Tem experiência na área de Química Ambiental, Energia e Ambiente, Transição Energética, Química Circular, Oceanografia Química, Química Atmosférica e também em Química de Alimentos, atuando principalmente nos seguintes temas: química analítica ambiental, atmosfera, química ambiental, Atlântico Sudoeste e península Antártica, estudos de biomarcadores orgânicos e inorgânicos de aerossóis marinhos, métodos de geração de energia limpa, hidrogênio verde, espécies reativas de oxigênio, interferentes endócrinos, microplásticos, química de alimentos, biodiesel, compostos orgânicos voláteis e determinação de substâncias orgânicas e inorgânicas em diferentes matrizes ambientais. É coordenadora do Grupo de Pesquisas GEIA (Grupo de Estudos Interdisciplinares do Ambiente), tendo orientado e/ou coorientado 7 dissertações de mestrado, 15 teses de doutorado, 17 estágios de iniciação científica e supervisionado 2 estágios de pós-doutorado.","Gisele Olímpio Da Rocha é uma renomada pesquisadora atuante na área de Química Ambiental, Energia e Ambiente, com vasta experiência em diversas subáreas como Transição Energética, Química Circular, Oceanografia Química, Química Atmosférica e Química de Alimentos. Ela possui formação acadêmica sólida, com graduação em Química-Licenciatura pela Universidade Estadual de Maringá em 1998, doutorado em Química pela Universidade Estadual Paulista Júlio de Mesquita Filho em 2003 e pós-doutorado em Energia e Ambiente pela Universidade Federal da Bahia em 2006, além de estágios internacionais de aprimoramento em Birmingham, no Reino Unido, e na Universidade da Califórnia, Los Angeles, nos Estados Unidos.\n\nAtualmente, Gisele Olímpio Da Rocha é Professora Titular no Instituto de Química da Universidade Federal da Bahia, atuando no Departamento de Química Analítica. Ela também é docente permanente dos Programas de Pós-Graduação em Energia e Ambiente (PGEnAm) e em Química (PGQUIM) da UFBA, além de fazer parte do corpo docente do Mestrado Profissional em Desenvolvimento Sustentável do SENAI-CIMATEC. Sua sólida formação e experiência a qualificam para orientar pesquisas em diversas áreas da Química, contribuindo significativamente para o avanço do conhecimento científico em seu campo de atuação.\n\nAo longo de sua carreira, Gisele Olímpio Da Rocha se destacou pela sua produção científica relevante e atualizada. Suas publicações mais recentes incluem artigos como \Laboratory-Based Assessment Of Polycyclic Aromatic Hydrocarbon Uptake In A Southwestern Atlantic Endemic Coral\"", \""Dispersive Micro-Solid-Phase Extraction Coupled To Uhplc-Q-Tof-Ms And Uhplc-Qqq-Ms For Suspect And Target Screening Of Illicit Drugs And Pharmaceuticals In Wastewater\"" e \""Occurrence, Spatial Distribution, And Risk Assessment Of Mercury In Bivalves From A Human-Impacted Tropical Atlantic Bay\"", todos publicados em 2026. Essas contribuições científicas evidenciam seu compromisso com a pesquisa de ponta e a produção de conhecimento relevante para a comunidade acadêmica.\n\nAlém de suas atividades de pesquisa e docência, Gisele Olímpio Da Rocha também se destaca pelo seu envolvimento em programas de pós-graduação, como os programas de Energia e Ambiente e de Química da UFBA, onde atua como docente permanente. Sua participação ativa nesses programas demonstra sua dedicação ao desenvolvimento de novos pesquisadores e à formação de profissionais qualificados em sua área de especialização.\n\nNo que diz respeito a projetos de fomento e bolsas recebidos, Gisele Olímpio Da Rocha obteve apoio por meio do Programa de Produtividade em Pesquisa - C, evidenciando o reconhecimento de suas contribuições científicas e sua atuação de destaque no cenário acadêmico nacional e internacional. Esses projetos e bolsas não apenas sustentam suas pesquisas e atividades acadêmicas, mas também refletem sua capacidade de estabelecer parcerias e obter recursos para a realização de estudos inovadores e relevantes para a sociedade.\n\nEm suma, Gisele Olímpio Da Rocha é uma pesquisadora de excelência, com uma trajetória acadêmica e profissional sólida, marcada por contribuições significativas para a Química Ambiental, Energia e Ambiente. Sua atuação em diferentes esferas da pesquisa, sua produção científica consistente e sua participação ativa em programas de pós-graduação e grupos de pesquisa destacam-na como uma referência em sua área de atuação, contribuindo de forma significativa para o avanço do conhecimento científico e a formação de novos pesquisadores.""",94,0,3,5,0,0,0,0,0,1,https://openalex.org/A5134858204,E,
efcae4c0-4ef7-40ca-8384-5b7f4dcbba61,Daniela Cristina Zappi,F,4780489355307755,K4782284E6,0000-0001-6755-2238,Doutorado,,CIENCIAS BIOLOGICAS,,,Brasília,Universidade Federal Do Recôncavo Da Bahia,UFRB,"Doutora em Ciências Biológicas (Botânica) pela USP (1992), com e experiência em Taxonomia e Sistemática de Angiospermas, trabalhou no Royal Botanic Gardens, Kew (1992-2016) em projetos incluindo Rubiaceae, Cactaceae, Loganiaceae, Flora Neotropical e Digitalização e manejo de coleções. Durante uma licença sabática em Cingapura, no Gardens by the Bay (http://www.gardensbythebay.org.sg/) (2011-2014) foi responsável por projetos de educação, interpretação e pesquisa sobre plantas tropicais. Participou ativamente do projeto Lista do Brasil (2009-2014) e foi coordenadora-adjunta da Flora do Brasil on-line (2014-2016). Atuou durante 3 anos em Belém, no Instituto Tecnológico Vale trabalhando com florística e conservação da flora brasileira especificamente com dados de biodiversidade para a mineração e Capital Natural de florestas do Pará. Entre 2020 e 2022 foi PVE na Universidade de Brasília, aonde continua como colaboradora no curso de pós-graduação em Botânica e dando continuidade a seus estudos sobre Cactaceae e biogeografia Neotropical. Em 2024 foi contratada pela Universidade Federal do Recôncavo da Bahia como PV Titular, para atuar junto à pós-graduação em Recursos Genéticos Vegetais, linha de biodiversidade.https://scholar.google.co.uk/citations?user=os4Y-ioAAAAJhl=en; https://www.researchgate.net/profile/Daniela_Zappi","A pesquisadora Daniela Cristina Zappi, Doutora em Ciências Biológicas (Botânica) pela Universidade de São Paulo, é uma renomada expert em Taxonomia e Sistemática de Angiospermas. Com uma vasta trajetória acadêmica e profissional, Daniela iniciou sua carreira no Royal Botanic Gardens, Kew, onde atuou em projetos envolvendo Rubiaceae, Cactaceae, Loganiaceae, Flora Neotropical e Digitalização e manejo de coleções, entre 1992 e 2016. Durante uma licença sabática em Cingapura, no Gardens by the Bay, de 2011 a 2014, ela desempenhou importantes funções nos projetos de educação, interpretação e pesquisa sobre plantas tropicais.\n\nEm 2024, Daniela foi contratada como Professora Visitante Titular pela Universidade Federal do Recôncavo da Bahia, integrando o programa de pós-graduação em Recursos Genéticos Vegetais, na linha de biodiversidade. Sua expertise em Cactaceae e biogeografia Neotropical a coloca como uma peça fundamental no desenvolvimento e orientação de projetos de pesquisa na instituição.\n\nA sólida formação acadêmica de Daniela inclui um Doutorado em Ciências Biológicas (Botânica) pela Universidade de São Paulo, concluído em 1992, bem como um Mestrado e Graduação em Ciências Biológicas pela mesma instituição nos anos anteriores. Essa base sólida permitiu que ela se destacasse em sua área de atuação, consolidando-se como uma referência em seu campo de estudo.\n\nNo que diz respeito às suas contribuições científicas recentes, Daniela Zappi possui diversos artigos publicados, com destaque para trabalhos como \Multitaxa Functional Diversity Increases The Resilience Of Biological Natural Capital In The Amazon\"", \""Unusual Fruit Dehiscence In Discocactus Pfeiff. (Cactaceae)\"" e \""Cactaceae Of Goiás And The Distrito Federal, Brazil\"", todos publicados em 2026. Essas publicações evidenciam sua constante produção acadêmica e seu compromisso em contribuir para o avanço do conhecimento em sua área de expertise.\n\nAlém disso, Daniela Zappi tem participado ativamente de programas de pós-graduação, sendo colaboradora no curso de pós-graduação em Botânica da Universidade de Brasília desde 2022. Sua experiência e conhecimento têm beneficiado diretamente os estudantes e pesquisadores com os quais ela interage, enriquecendo o ambiente acadêmico com sua bagagem teórica e prática.\n\nNo que se refere a projetos de fomento e bolsas recebidas, Daniela Zappi foi beneficiária do Programa de Produtividade em Pesquisa - Modalidade B, demonstrando seu reconhecimento no meio acadêmico e sua capacidade em obter apoio institucional para o desenvolvimento de suas pesquisas.\n\nEm suma, Daniela Cristina Zappi é uma pesquisadora de destaque na área de Botânica, com uma carreira sólida e vasta experiência em Taxonomia e Sistemática de Angiospermas. Sua atuação em instituições renomadas, suas contribuições científicas significativas e seu engajamento em programas de pós-graduação evidenciam sua importância para a comunidade acadêmica, sendo uma referência para estudantes e pesquisadores que buscam aprofundar seus conhecimentos nesse campo do saber.""",243,17,32,0,0,0,32,5806,82,281,https://openalex.org/A5003437803,A,
efe38a95-d903-476c-97ed-2d0ac06b5f74,Sandra Aparecida De Assis,F,8688783103064480,K4795875U7,0000-0001-8258-7623,Pós-Doutorado,,CIENCIAS BIOLOGICAS;CIENCIAS DA SAUDE,,,Feira de Santana,Universidade Estadual De Feira De Santana,UEFS,"Graduada  em Farmácia Bioquímica pela Universidade Estadual Paulista Júlio de Mesquita Filho (1998), fez mestrado em Biotecnologia pela Universidade Estadual Paulista Júlio de Mesquita Filho (2000) e doutorado em Biotecnologia pela Universidade Estadual Paulista Júlio de Mesquita Filho (2004). Atualmente é  Professora Plena da Universidade Estadual de Feira de Santana e coordenadora do Laboratório de Enzimologia e Tecnologia das Fermentações e Coordenadora do PPGBiotec-UEFS  . Membro da Sociedade Brasileira de Química (SBQ). Membro Fundadora do Simpósio de Biotecnologia (SiBiotec) do PPGBiotec-UEFS. Ocupou o cargo de Coordenadora do Programa de Pós-Graduação em Biotecnologia (PPGBiotec-UEFS) (2011-2018; 2020 a 2022).  Desenvolve pesquisas nas áreas de  Enzimologia Aplicada e Química de Macromoléculas. Sua linha principal de pesquisa é Obtenção de produtos de interesse industrial a partir de microrganismos. Seus projetos atuais tem por objetivo a produção de enzimas por fermentação,  otimizacao da aplicação de enzimas, desenvolvimento de curativos nanotecnológicos contendo enzimas e polissacarídeos. É docente permanente e orientadora  dos Programas de Pós-Graduação em Biotecnologia (conceito 5, CAPES) (desde 2006) e  em Ciências Farmacêuticas  (conceito 3, CAPES), ambos da UEFS. Colabora com pesquisadores internacionais de  Portugal, India e  Paquistão. Líder do grupo de pesquisa Biotecnologia de Enzimas e Fermentações (CNPq).",,80,0,11,8,0,0,19,1194,32,109,https://openalex.org/A5045967741,E,
f0d8f469-bd2e-4ca6-8647-15cd27bfad81,Simone Seixas Da Cruz,F,3699965077755163,K4766364D5,0000-0002-9410-5676,Pós-Doutorado,CIENCIAS DA SAUDE,,Saúde coletiva e epidemiologia,epidemiologia; saúde coletiva; doença periodontal e doenças crônicas,Santo Antônio de Jesus,Universidade Federal Do Recôncavo Da Bahia,UFRB,"Possui graduação em odontologia pela Universidade Estadual de Feira de Santana (2000), mestrado em Saúde Coletiva pela Universidade Federal da Bahia (2004) e doutorado em Saúde Coletiva pela Universidade Federal da Bahia (2008). Tem experiência na área de Saúde Coletiva, com ênfase em Epidemiologia, atuando principalmente nos seguintes temas: epidemiologia, saúde coletiva, doença periodontal e doenças crônicas. Professora titular da Universidade Federal do Recôncavo da Bahia. Vice-coordenadora do Mestrado Profissional em Saúde da Família FIOCRUZ/UFRB (período Janeiro de 2022 a Fevereiro de 2024). Professora do Programa de Mestrado Profissional em Saúde da População Negra e Indígena. Professora permanente do Programa de Saúde Coletiva da UEFS - Mestrado e Doutorado. Bolsista de Produtividade em Pesquisa - PQ-2; Especialista  em Data Science  Analytics- USP.","Simone Seixas Da Cruz é uma pesquisadora atuante na área de Ciências da Saúde, com uma extensa carreira acadêmica e profissional. Graduada em Odontologia pela Universidade Estadual de Feira de Santana em 2000, ela prosseguiu seus estudos e obteve seu mestrado e doutorado em Saúde Coletiva pela Universidade Federal da Bahia, respectivamente, em 2004 e 2008. Além disso, detém a maior titulação de pós-doutorado na mesma área.\n\nAtualmente, Simone é professora titular na Universidade Federal do Recôncavo da Bahia, onde contribui de forma significativa para o campo da Saúde Coletiva, com enfoque em Epidemiologia. Suas áreas de pesquisa englobam temas como epidemiologia, saúde coletiva, doença periodontal e doenças crônicas, demonstrando sua expertise e dedicação à promoção da saúde e ao bem-estar da população.\n\nAo longo de sua trajetória educacional, Simone se especializou em Data Science Analytics pela USP, o que evidencia seu interesse em avançar em métodos de análise de dados e aplicá-los em contextos relacionados à saúde. Sua dedicação aos estudos culminou em uma sólida formação, que incluiu o doutorado e o mestrado em Saúde Coletiva, consolidando-a como uma referência em sua área de atuação.\n\nEm termos de produção científica, Simone tem se destacado por suas contribuições recentes, como artigos que abordam a harmonização de dados de ingestão alimentar em gestantes, a implementação de uma checklist de cirurgia segura e o uso eficaz de machine learning na triagem de perda auditiva em idosos. Essas publicações refletem a diversidade de interesses e a expertise da pesquisadora, que busca constantemente inovar e agregar conhecimento à comunidade científica.\n\nNa esfera acadêmica, Simone está envolvida em programas de pós-graduação de relevância, como o Programa de Saúde da População Negra e Indígena e o Programa de Saúde Coletiva. Sua participação nesses programas evidencia sua atuação como orientadora e mentora de novos pesquisadores, contribuindo para a formação de profissionais qualificados e engajados em questões de saúde pública.\n\nAlém disso, Simone recebeu apoio institucional através de projetos de fomento e bolsas de pesquisa, como a Bolsa de Produtividade em Pesquisa - PQ-2 e a especialização em Data Science Analytics pela USP, que evidenciam o reconhecimento de sua atuação e a relevância de suas pesquisas na comunidade científica.\n\nEm suma, Simone Seixas Da Cruz se destaca como uma pesquisadora renomada e comprometida com o avanço da Saúde Coletiva e da Epidemiologia, contribuindo de forma significativa para a produção de conhecimento e para a formação de novos profissionais na área. Sua trajetória educacional e profissional, aliada às suas contribuições científicas e participação em programas de pós-graduação, atestam sua excelência e relevância no cenário acadêmico nacional.",173,1,45,0,1,0,27,2626,52,140,https://openalex.org/A5027770772,A+,
f1fe99e2-1f89-4c97-93b6-8f78e35623a7,Maria Das Graças Andrade Korn,F,5329137760546794,K4767631E2,0000-0001-7805-6416,Doutorado,,CIENCIAS EXATAS E DA TERRA,Química e processos químicos,,Salvador,Universidade Federal Da Bahia,UFBA,"Possui graduação em Químico Analista Industrial (1975) e especialização em Química Analítica Aplicada (1982) pela Universidade Federal da Bahia, mestrado em Química (Química Analítica Inorgânica, 1987), pela Pontifícia Universidade Católica do Rio de Janeiro e doutorado em Ciências (Química Analítica, 1997) pela Universidade de São Paulo. Atualmente é professora titular da Universidade Federal da Bahia e orientadora do Programa de Pós-Graduação em Química da UFBA. Foi Diretora da Divisão de Química Analítica da Sociedade Brasileira de Química, vice-diretora e tesoureira e atualmente é  membro titular da Academia de Ciências da Bahia. Foi indicada para receber a Medalha Simão Mathias (SBQ, 2023) e a Medalha Carol Collins (DQA/SBQ-ENQA, 2024).  Publicou 162 artigos em periódicos, e orientou 31 teses de doutorado, 40 dissertações de mestrado, 81 trabalhos de iniciação científica e 6 pós-doutorados na área de Química Analítica. Tem atuado principalmente nos temas espectroscopia atômica e preparo de amostras, com aplicação em amostras ambientais, medicamentos, combustíveis e alimentos.","Maria Das Graças Andrade Korn é uma renomada pesquisadora com atuação na área de Química Analítica, com destaque em espectroscopia atômica e preparo de amostras. Formada em Químico Analista Industrial pela Universidade Federal da Bahia em 1975, Maria posteriormente realizou uma especialização em Química Analítica Aplicada pela mesma instituição em 1982. Sua trajetória acadêmica inclui um mestrado em Química com ênfase em Química Analítica Inorgânica pela Pontifícia Universidade Católica do Rio de Janeiro, concluído em 1987, e um doutorado em Ciências na área de Química Analítica pela Universidade de São Paulo, finalizado em 1997.\n\nAtualmente, Maria Das Graças Andrade Korn ocupa o cargo de professora titular na Universidade Federal da Bahia, onde também atua como orientadora no Programa de Pós-Graduação em Química. Além disso, ela desempenha um papel ativo na comunidade científica, tendo sido Diretora da Divisão de Química Analítica da Sociedade Brasileira de Química, vice-diretora e tesoureira da mesma instituição, e sendo atualmente membro titular da Academia de Ciências da Bahia.\n\nAo longo de sua carreira, Maria Das Graças Andrade Korn contribuiu significativamente para o avanço da Química Analítica, com 162 artigos publicados em periódicos científicos e a orientação de 31 teses de doutorado, 40 dissertações de mestrado, 81 trabalhos de iniciação científica e 6 pós-doutorados na área. Sua pesquisa tem foco em temas como espectroscopia atômica e preparo de amostras, com aplicações em diversas áreas, incluindo análise de amostras ambientais, medicamentos, combustíveis e alimentos.\n\nRecentemente, Maria Das Graças Andrade Korn tem se destacado por suas produções bibliográficas, com artigos como \Bioaccessibility Of Methylmercury, Potentially Toxic Elements At Trace Or Essential Levels In Seafood By In Vitro Gastrointestinal Simulation: Perspectives And Challenges\"", \""A Fast Ultrasound-Assisted Pretreatment Of Almond Flour Samples For Posterior Multielement Determination By Inductively Coupled Plasma Optical Emission Spectrometry\"" e \""Determination Of Mercury In Urban Dust: Direct Sample Analysis And Establishment Of A Geochemical Baseline\"", publicados em 2025.\n\nNo contexto acadêmico, Maria Das Graças Andrade Korn está diretamente envolvida com o Programa de Pós-Graduação em Química da UFBA, onde atua como orientadora e contribui para a formação de novos pesquisadores na área de Química Analítica. Além disso, sua participação em projetos de fomento, como a Modalidade Produtividade em Pesquisa - 1C, demonstra seu engajamento e reconhecimento na comunidade científica.\n\nEm síntese, Maria Das Graças Andrade Korn é uma pesquisadora de destaque na área de Química Analítica, com uma sólida formação acadêmica e contribuições significativas para o desenvolvimento científico. Sua atuação como professora e orientadora, aliada à sua vasta produção científica e participação em projetos de fomento, evidencia seu papel fundamental no avanço do conhecimento na área e na formação de novos pesquisadores.""",162,1,1,0,0,0,25,2776,57,128,https://openalex.org/A5070090095,A+,
f2c58270-3a1a-49fe-8dd8-1e9b63455595,Ana Marice Teixeira Ladeia,F,3122691766255654,K4793146T5,0000-0002-2235-7401,Doutorado,,CIENCIAS DA SAUDE,,,Salvador,Escola Bahiana De Medicina E Saúde Pública,EBMSP,"Médica (1985) com residência médica em Cardiologia (1988), ambospela Universidade Federal da Bahia. No ano de 1992, finalizou o mestrado pelaUniversidade Federal da Bahia e em seguida foi para Paris, França onde realizouespecialização em Cardiologia Pediátrica no Hospital Necker-Enfants Malades,obtendo o título de Médecin Assistant Étranger.No final de 1993, retornou ao Brasil, ingressando no doutorado em 1994,defendendo tese em janeiro de 1999, obtendo título de doutor pela UniversidadeFederal da Bahia. Desde 2000 ingressou como professora adjunta da Escola Bahianade Medicina e Saúde Pública (EBMSP) passando a professora titular em 2021,professora permanente da Pós-graduação em Medicina e Saúde Humana da EBMSPdesde 2003, coordenadora da mesma pós-graduação, tendo assumido a coordenação desse programa em 2013. Na EBMSP, desenvolve produtiva atividade em pesquisa.Desde 2007, os projetos sob sua coordenação direta captaram de agências defomento (CAPES, CNPQ e FAPESB), Revisora de periódicos internacionais e consultora ad hoc de três agências de fomento (CNPQ, FAPESB,FAPESPE). . Atualmente, co-editorado Journal of Evidence-Based Healthcare.Bolsista de produtividade de pesquisa CNPQ, nível B, no período de 2014-2016 e novamente em 2022, e  da FUNADESP de 2014 até o momentoatual.","Ana Marice Teixeira Ladeia é uma renomada pesquisadora afiliada à Escola Bahiana de Medicina e Saúde Pública, onde ocupa a posição de professora titular desde 2021, atuando também como coordenadora do programa de Pós-graduação em Medicina e Saúde Humana. Sua carreira acadêmica teve início em 1985, quando concluiu a graduação em Medicina pela Universidade Federal da Bahia, seguida por uma residência médica em Cardiologia em 1988, na mesma instituição.\n\nCom um sólido histórico educacional, Ana Marice obteve o título de Mestre em Medicina e Saúde pela Universidade Federal da Bahia em 1992, consolidando sua formação com uma especialização em Cardiologia Pediátrica e Ecocardiografia na Université Paris Descartes, na França, em 1993. De volta ao Brasil, ingressou no doutorado em Medicina e Saúde pela Universidade Federal da Bahia em 1994, defendendo sua tese com sucesso em janeiro de 1999.\n\nAo longo de sua trajetória acadêmica, a pesquisadora contribuiu significativamente para a área da Cardiologia, com ênfase em Cardiologia Pediátrica. Sua dedicação à pesquisa é evidenciada pela liderança em projetos financiados por diversas agências de fomento, como CAPES, CNPQ e FAPESB, refletindo seu compromisso com o avanço científico em sua área de atuação. Além disso, Ana Marice possui experiência como revisora de periódicos internacionais e consultora ad hoc de importantes agências de fomento, como CNPQ, FAPESB e FAPESPE.\n\nNo que diz respeito à sua produção científica recente, destacam-se importantes artigos publicados em periódicos especializados, abordando temas relevantes no cenário da saúde, como o perfil clínico, demográfico e socioeconômico de adultos com cardiopatias congênitas, a segurança e viabilidade da fotobiomodulação no alívio da dor em crianças com doença falciforme, e o impacto do perfil corporal na pressão arterial e no perfil lipídico de escolares de regiões urbana e rural do semiárido baiano.\n\nAlém de seu envolvimento ativo em pesquisa e na orientação de estudantes de pós-graduação, Ana Marice tem se destacado como bolsista de produtividade em pesquisa do CNPQ, nível B, em períodos como 2014-2016 e 2022, demonstrando seu contínuo comprometimento com a produção científica de qualidade. Adicionalmente, desde 2014, recebe apoio da FUNADESP para o desenvolvimento de suas investigações, fortalecendo ainda mais sua atuação no campo da saúde.\n\nSua participação no programa de Pós-graduação em Medicina e Saúde Humana evidencia o papel de liderança e expertise de Ana Marice no ambiente acadêmico, contribuindo para a formação de novos pesquisadores e profissionais da área da saúde. Sua vasta experiência e reconhecimento na comunidade acadêmica a posicionam como uma figura de destaque e referência em Cardiologia Pediátrica, promovendo avanços significativos no campo da saúde infantil e na formação de profissionais qualificados.",151,3,5,0,0,0,0,0,0,1,https://openalex.org/A5137750997,A+,
f6a48114-f694-452d-9ba1-8cd21f7fa65a,Patrícia Anjos Bittencourt Barreto-Garcia,F,8602186110828517,K4779072Y3,0000-0002-8559-2927,Pós-Doutorado,,CIENCIAS AGRARIAS;CIENCIAS BIOLOGICAS,Agricultura e produção vegetal,Solos e Biomassa Florestal - Forest Soils,Vitória da Conquista,Universidade Estadual Do Sudoeste Da Bahia,UESB,"Possui graduação em Engenharia Florestal pela Universidade Federal de Viçosa (2001), Mestrado e Doutorado em Produção Vegetal (Solos e Nutrição de plantas) pela Universidade Estadual do Norte Fluminense (2004 e 2009) e Pós-Doutorado na University of Florida (Soil, Water, and Ecosystem Sciences Department) (2024). É Professora Titular do Departamento de Engenharia Agrícola e Solos da Universidade Estadual do Sudoeste da Bahia (UESB) e orientadora nos Programas de Pós-Graduação em Ciências Florestais (PPGCiFlor) e Agronomia (PPGA). Atualmente é coordenadora do PPGCiFlor (2025-2027), tendo exercido a mesma função em gestões anteriores (2014-2018 e 2021-2023). Trabalha em parceria com pesquisadores de várias instituições de ensino e pesquisa no Brasil e no exterior. Bolsista de Produtividade 2 do CNPq, membro da Sociedade Brasileira de Ciência do solo (SBCS) e líder do Grupo de Pesquisa Solos e Biomassa Florestal (Instagram: @forestsoils). Desenvolve pesquisas voltadas à compreensão dos processos que regulam o funcionamento do sistema solo-serapilheira e à identificação de estratégias para promover o sequestro de carbono no solo e aprimorar práticas de manejo em sistemas agroflorestais e florestais. Suas linhas de investigação abrangem a decomposição da matéria orgânica, persistência do carbono no solo, saúde e biologia do solo, ciclagem de nutrientes, serapilheira e biomassa arbórea. Tem particular interesse em compreender como esses componentes interagem entre si e influenciam a dinâmica do carbono, disponibilidade de nutrientes e processos responsáveis pela manutenção das funções do solo. Contato: patriciabarreto@uesb.edu.br.","Patrícia Anjos Bittencourt Barreto-Garcia é uma renomada pesquisadora brasileira, atualmente atuando como Professora Titular no Departamento de Engenharia Agrícola e Solos da Universidade Estadual do Sudoeste da Bahia (UESB). Com formação inicial em Engenharia Florestal pela Universidade Federal de Viçosa em 2001, ela obteve seu Mestrado e Doutorado em Produção Vegetal, com ênfase em Solos e Nutrição de Plantas, pela Universidade Estadual do Norte Fluminense, em 2004 e 2009, respectivamente. Sua jornada acadêmica foi enriquecida por um Pós-Doutorado na University of Florida, no Departamento de Soil, Water, and Ecosystem Sciences, em 2024.\n\nAo longo de sua carreira, Patrícia consolidou-se como uma pesquisadora de destaque nas áreas de Recursos Florestais e Engenharia Florestal, com foco principal em estudos relacionados ao funcionamento do sistema solo-serapilheira e estratégias para promover o sequestro de carbono no solo. Sua expertise abrange temas como decomposição da matéria orgânica, persistência do carbono no solo, saúde e biologia do solo, ciclagem de nutrientes, serapilheira e biomassa arbórea, explorando a interação desses componentes e sua influência na dinâmica do carbono e na disponibilidade de nutrientes essenciais para as plantas.\n\nAlém de suas atividades de pesquisa, Patrícia desempenha um papel fundamental na formação de novos pesquisadores, sendo orientadora nos Programas de Pós-Graduação em Ciências Florestais e Agronomia da UESB. Sua liderança se estende também à coordenação do Programa de Pós-Graduação em Ciências Florestais, posição que ocupou em diferentes gestões ao longo dos anos. Sua dedicação à formação de recursos humanos de qualidade e à disseminação do conhecimento científico reflete-se em sua participação ativa em grupos de pesquisa, sendo líder do Grupo de Pesquisa Solos e Biomassa Florestal, que tem como objetivo aprofundar os estudos nessa temática e promover o desenvolvimento sustentável das áreas florestais.\n\nNo que diz respeito às suas contribuições científicas mais recentes, Patrícia tem se destacado através de publicações de alto impacto, como os artigos \Soil Organic Carbon, Biomass And Microbial Activity Are Altered By Cover Crops, After Changes in Land Use in Cocoa Farming Systems\"", \""A Cloud-Based Hyperspectral Framework For Scalable And Sustainable Soil Analysis\"" e \""Synergistic Agricultural Systems Improve Soil Health And Support Sustainable Land Use In Sandy Soils\"". Estes trabalhos evidenciam seu compromisso com a inovação e a aplicação de tecnologias avançadas em suas investigações, resultando em avanços significativos no entendimento dos processos que regem a dinâmica dos ecossistemas florestais e agrícolas.\n\nComo reconhecimento de sua excelência acadêmica, Patrícia é bolsista de Produtividade 2 do CNPq e membro atuante da Sociedade Brasileira de Ciência do Solo, onde contribui ativamente para a disseminação do conhecimento e a promoção do desenvolvimento científico. Seu compromisso com a pesquisa de qualidade e o aprimoramento contínuo de práticas sustentáveis em sistemas agroflorestais e florestais a coloca como uma referência na comunidade científica, sendo uma fonte de inspiração e colaboração para pesquisadores nacionais e internacionais interessados nas temáticas relacionadas à biodiversidade e ao manejo sustentável dos recursos naturais.""",95,0,5,0,0,0,15,809,27,110,https://openalex.org/A5029180854,E,
f735ecd5-eddb-4ab8-99d6-d25b7c6ffe3e,Paola Berenstein Jacques,F,9946783270297825,K4766462D6,,Pós-Doutorado,,CIENCIAS HUMANAS;CIENCIAS SOCIAIS APLICADAS,"Arquitetura, urbanismo e cidades",Laboratório Urbano,Salvador,Universidade Federal Da Bahia,UFBA,"Professora titular da Faculdade de Arquitetura e professora permanente do Programa de Pós-Graduação em Arquitetura e Urbanismo da Universidade Federal da Bahia. Bolsista PQ 1A CNPq. Coordenadora do grupo de pesquisa Laboratório Urbano (PPG-AU/FAUFBA), pesquisadora associada ao Laboratoire Architecture/Anthropologie (LAA/LAVUE/CNRS - ENSA Paris-La-Villette). Participa das redes internacionais de pesquisa Chronotopies e Ambiances (apoio Ministério da Cultura/França). Coordena a rede nacional de pesquisa Cronologia do Pensamento Urbanístico (apoio CNPq). Possui graduação em Arquitetura e Urbanismo pela UFRJ, especialização em Teoria e Projeto de Arquitetura e Urbanismo (CEAA) pela ENSA de Paris-Villemin com a AA School (Londres), mestrado em Filosofia da Arte (DEA) e doutorado em História da Arte e da Arquitetura pela Université de Paris I (Panthéon-Sorbonne), estágio recém-doutor no PROURB/UFRJ (Urbanismo), pós doutorado no LAIOS/IIAC/CNRS (Antropologia social), estágio sênior no LAA/LAVUE/CNRS (Antropologia urbana), pós doutorado sênior no CIEC/IFCH/UNICAMP (História urbana), professora visitante sênior na ENSA Paris-La-Villette (LAA/LAVUE) e pesquisadora residente na Maison Suger (FMSH). Membro do conselho editorial da EDUFBA. É autora dos livros: Les favelas de Rio (2001); Estética da Ginga (2001); Esthétique des favelas (2003); Elogio aos errantes (2012); Fantasmas modernos (2020, prêmio ANPUR); Pensamentos Selvagens (2021, menção honrosa ANPARQ); Montage Urbain (2023) e Montagem de montagens (2025); co-autora de Maré, vida na favela (2002) e Enigma das cidades (2023); organizadora de Apologia da deriva (2003); Corps et décors urbains (2006); Corpos e cenários urbanos (2006); Corpocidade: debates, ações e articulações, (2010); Corpocidade: gestos urbanos (2017); Laboratório Urbano: pequeno léxico teórico-metodológico (2022) e das coleções de livros: Experiências Metodológicas para compreensão da complexidade da cidade contemporânea (4 tomos, 2015) e Nebulosas do Pensamento Urbanístico (tomo 1 -2018, tomo 2 - 2019, tomo 3 - 2020 e tomo 4 - 2025).","Paola Berenstein Jacques é uma renomada pesquisadora e professora titular da Faculdade de Arquitetura da Universidade Federal da Bahia. Sua formação acadêmica é extensa e internacionalmente reconhecida, contando com pós-doutorado e uma sólida trajetória em áreas diversas como Arquitetura, Urbanismo, Antropologia Social, História da Arte e da Arquitetura, entre outras.\n\nGraduada em Arquitetura e Urbanismo pela UFRJ, Paola possui especialização em Teoria e Projeto de Arquitetura e Urbanismo pela ENSA de Paris-Villemin, além de mestrado em Filosofia da Arte e doutorado em História da Arte e da Arquitetura pela Université de Paris I (Panthéon-Sorbonne). Sua ampla experiência inclui estágios e pós-doutorados em importantes instituições de pesquisa como PROURB/UFRJ, LAIOS/IIAC/CNRS, LAA/LAVUE/CNRS e CIEC/IFCH/UNICAMP.\n\nComo bolsista PQ 1A do CNPq, Paola Berenstein Jacques coordena o grupo de pesquisa Laboratório Urbano no Programa de Pós-Graduação em Arquitetura e Urbanismo da UFBA, evidenciando seu papel de liderança e sua atuação na formação de novos pesquisadores na área. Além disso, sua participação em redes internacionais como Chronotopies e Ambiances, com apoio do Ministério da Cultura da França, e a coordenação da rede nacional Cronologia do Pensamento Urbanístico, com apoio do CNPq, demonstram seu engajamento e relevância no cenário acadêmico global.\n\nA vasta produção bibliográfica de Paola reflete sua sólida atuação como pesquisadora e pensadora na interseção entre arquitetura, urbanismo, antropologia e filosofia. Dentre seus livros mais conhecidos estão \Estética da Ginga\"", \""Pensamentos Selvagens\"", \""Montage Urbain\"" e \""Laboratório Urbano: pequeno léxico teórico-metodológico\"", sendo reconhecida com prêmios e menções honrosas por suas contribuições, como o Prêmio ANPUR e menção honrosa da ANPARQ.\n\nMais recentemente, seus trabalhos se destacam com publicações como \""Montagem de Montagens\"", onde explora a apresentação da cidade em transformação a partir dos estudos de Walter Benjamin, e o tomo 4 de \""Nebulosas do Pensamento Urbanístico\"", que aborda modos de expor na área. Essas obras evidenciam a constante atualização e inovação de suas pesquisas, contribuindo para o avanço do conhecimento em seu campo de atuação.\n\nAo longo de sua carreira, Paola Berenstein Jacques tem se dedicado não apenas à produção acadêmica de alto nível, mas também à formação de novos pesquisadores e à divulgação de seu conhecimento por meio de atividades de ensino e orientação. Sua atuação em programas de pós-graduação, como o de Arquitetura e Urbanismo, e sua liderança no Laboratório Urbano são exemplos claros de seu comprometimento com a excelência e o avanço da pesquisa na área.\n\nPor meio de seu trabalho incansável e sua atuação multifacetada, Paola Berenstein Jacques se estabelece como uma figura proeminente no cenário acadêmico nacional e internacional, contribuindo de forma significativa para o desenvolvimento do conhecimento em áreas tão diversas como a arquitetura, o urbanismo e a antropologia, deixando um legado que inspira e guia as gerações futuras de pesquisadores e estudiosos.""",81,46,96,0,1,0,0,0,0,0,,E,
fbcff5d1-4ae1-4dbd-8752-c87028d335bb,Cristina Maria D'ávila Teixeira,F,2584950986779890,K4785713Z7,,Pós-Doutorado,,CIENCIAS HUMANAS,"Educação, ensino e formação docente",,Salvador,Universidade Federal Da Bahia,UFBA,"Cristina Maria D'Ávila Teixeira, Cristina d'Ávila, graduada em Pedagogia, possui Mestrado em Educação e Doutorado em Educação pela Universidade Federal da Bahia em 2001. É pós-doutora pela Universidade de Montréal, Quebec, Canadá, na área de Didática na Educação Superior (2006-2007). É Pós-doutora  pela Universidade Sorbonne, Paris-Descartes, França (2015-2016), em Docência universitária. É professora Titular de Didática da Universidade Federal da Bahia. Foi Professora Visitante Senior na Faculté de Sciences de l'éducation da Université de Montréal, Québec, Canada (2022-2023). É Pesquisadora e Bolsista Produtividade 1B pelo CNPq - Conselho Nacional de Desenvolvimento Científico e Tecnológico. É pesquisadora e membro regular do grupo LIRES (Laboratoire interdisciplinaire de recherche sur l'enseignement supérieur, Université de Montréal, Quebec, Canada. Publicou 18 livros na área educacional, organizou seis dossiês em Revistas científicas na área educacional: dois dossiês nas Revistas Educação e contemporaneidade, um dossiê na Revista do GEPEL,  um na Revista Entreideias, um na Revista Cocar, UFPA, um na revista Praxis Educacional, UESB. Escreveu três livros de literatura infantil , e um livro de poemas que se encontra em 2 edição. Publicou 50 artigos em periódicos especializados e  vários trabalhos em anais de eventos.  Participou de mais de 100 eventos no exterior e no Brasil. Supervisionou cinco trabalhos de pesquisa de pós-doutorado. Orientou 22 dissertações de mestrado na área de Educação. Orientou 20 teses de doutorado e várias monografias em curso de especialização e na graduação. Atualmente coordena 2 projetos de pesquisa: um projeto financiado pelo CNPq - Protagnonismo da Didática em cursos de Licenciatura -  e um projeto em desenvolvimento: Pesquisa comparada sobre Centros de pedagogia universitária, na Universidade Federal da Bahia, e em Québec, Canadá, com bolsa CAPES. Atua na área da  Didática, Pedagogia universitária, Docência no ensino superior, formação de professores e ludicidade.  Presidiu a Associação Nacional de Didática e Práticas de Ensino - ANDIPE (2018-2022) e atualmente é Diretora científica desta entidade. Pesquisadora da Rede Inter-regional Norte Nordeste e Centro-Oeste para a Docência na Educação básica e Superior - RIDES. Foi Vice-coordenadora do Programa de Pós-graduação em Educação (PPGEDU/ UFBA) entre 2019-2021. Coordena o Grupo de Estudos e pesquisas em Educação, didática e Ludicidade (GEPEL), pelo PPGEDU/ UFBA.  Em seu currículo Lattes os termos mais frequentes na contextualização da produção científica, tecnológica e artístico-cultural são: Docência na educação superior; Formação de professores; Didática: Prática pedagógica, Mediação didática, livro didático, formação continuada, Tecnologias da informação e da comunicação, Educação à distância e Material didático.","Cristina Maria D'Ávila Teixeira, conhecida também como Cristina d'Ávila, é uma renomada pesquisadora brasileira atuante na área de Educação, com destaque em Didática, Pedagogia Universitária, Docência no Ensino Superior, Formação de Professores e Ludicidade. Possui uma extensa formação acadêmica, tendo se graduado em Pedagogia e concluído seu mestrado e doutorado em Educação pela Universidade Federal da Bahia, onde atualmente exerce o cargo de Professora Titular de Didática.\n\nAlém disso, Cristina realizou dois pós-doutorados em importantes instituições internacionais: na Universidade de Montréal, no Canadá, com foco em Didática na Educação Superior, e na Universidade Sorbonne, em Paris, na França, com ênfase em Docência Universitária. Sua trajetória inclui destacada atuação como Professora Visitante Sênior na Faculté de Sciences de l'éducation da Université de Montréal e como pesquisadora e membro regular do grupo LIRES (Laboratoire interdisciplinaire de recherche sur l'enseignement supérieur).\n\nAo longo de sua carreira, Cristina publicou 18 livros na área educacional, organizou dossiês em revistas científicas especializadas, escreveu livros de literatura infantil e poemas, e publicou diversos artigos em periódicos e trabalhos em eventos nacionais e internacionais. Com uma vasta experiência como orientadora, supervisionou trabalhos de pesquisa de pós-doutorado, dissertações de mestrado e teses de doutorado, além de coordenar projetos de pesquisa financiados pelo CNPq e pela CAPES, voltados para a Didática e a Pedagogia em cursos de Licenciatura e para a comparação de Centros de Pedagogia Universitária entre Brasil e Canadá.\n\nCristina Maria D'Ávila Teixeira também se destaca por sua atuação em entidades acadêmicas, tendo presidido a Associação Nacional de Didática e Práticas de Ensino (ANDIPE) e ocupado o cargo de Diretora Científica dessa entidade. Além disso, é pesquisadora da Rede Inter-regional Norte Nordeste e Centro-Oeste para a Docência na Educação Básica e Superior (RIDES), demonstrando seu engajamento com questões educacionais em diferentes níveis de ensino.\n\nCom relação às produções bibliográficas mais recentes, Cristina Maria D'Ávila Teixeira tem se destacado com trabalhos como o artigo \Assessoria Pedagógica Universitária Online: The APDU Experience at the Federal University of Bahia\"", o capítulo de livro \""Educação Infantil do/no Campo na Comunidade Indígena Tupinambá no Município de Ilhéus, Bahia: Desafios e Potencialidades\"" e outro capítulo intitulado \""Ambiências Lúdicas: Conexões entre Pesquisas Ludossensíveis em Espaços Escolares\"", evidenciando sua produção diversificada e relevante para a área educacional.\n\nNo âmbito acadêmico, Cristina Maria D'Ávila Teixeira mantém vínculos com o Programa de Pós-Graduação em Educação, demonstrando sua participação ativa na formação de novos pesquisadores. Sua dedicação à pesquisa e ao ensino é respaldada por sua constante busca por fomento e bolsas de pesquisa, como a Produtividade em Pesquisa - 2, proporcionando suporte e incentivo para o desenvolvimento de sua atuação científica e acadêmica.\n\nEm suma, Cristina Maria D'Ávila Teixeira é uma figura de destaque no cenário acadêmico nacional e internacional, cuja trajetória e produção científica mostram um comprometimento sólido com a pesquisa e a formação de qualidade na área da Educação, consolidando sua posição como uma referência no campo da Didática e da Pedagogia.""",58,31,32,0,0,0,0,0,0,0,,E,
fbf315ea-8aed-488b-8de8-26a1e2f7b5cc,Valdirene Leao Carneiro,F,7155021914090763,K4763689Z2,0000-0003-0655-3362,Pós-Doutorado,CIENCIAS BIOLOGICAS;CIENCIAS DA SAUDE,,,,Salvador,Universidade Do Estado Da Bahia,UNEB,"Graduada em Farmácia, com Habilitação em Análises Clínicas pela Universidade Federal da Bahia (UFBA) e especialista em Hematologia pela Universidade Federal do Rio de Janeiro (UFRJ). Possui mestrado e doutorado pelo Programa de Pós-Graduação em Imunologia da UFBA (PPGIm/UFBA). Realizou estágio de pós-doutorado na University of Colorado Anschutz Medical Campus. Atualmente, é Professora Plena no Departamento de Ciências da Vida, Professora Permanente no Programa de Pós-Graduação em Imunologia (PPGIm/UFBA). Tem experiência e interesse nas áreas de Imunologia e Microbioma, com ênfase em imunogenética da asma, imunorregulação da gestação e nas respostas imunológicas a infecções virais e parasitárias.",,27,0,6,0,0,0,7,200,6,30,https://openalex.org/A5079616940,A+,
fc53842b-3a8f-418f-9285-df0e2adcbed3,Priscila De Morais Sato,F,8207179420557092,K4261439H0,0000-0001-9850-6859,Pós-Doutorado,CIENCIAS DA SAUDE,,,temas como práticas e escolhas alimentares; insegurança alimentar; nutricional e hídrica,Salvador,Universidade Federal Da Bahia,UFBA,"Professora Adjunta na Escola de Nutrição da Universidade Federal da Bahia (ENUFBA), possui graduação em Nutrição pela Universidade de São Paulo (2008), Mestrado (2012) e Doutorado (2016) em Ciências da Saúde pela Universidade Federal de São Paulo (UNIFESP). Realizou Pós-Doutorado no Departamento de Nutrição da Faculdade de Saúde Pública da USP (2017-2021) e estagiou em pesquisa na Bloomberg School of Public Health da Johns Hopkins University (2015) e no Great Ormond Street Institute of Child Health da University College London (2019). Sua pesquisa se concentra na articulação entre Nutrição, Alimentação, Cultura e Sociedade, com ênfase nos aspectos socioculturais da alimentação a partir de uma abordagem interseccional. Atua principalmente em temas como práticas e escolhas alimentares, insegurança alimentar, nutricional e hídrica, efeitos do racismo na saúde, racismo ambiental, vulnerabilidade social e as condições de alimentação e saúde de comunidades tradicionais. Faz parte do grupo Race  Health e integra a Comissão The Lancet sobre Racismo e Saúde Infantil. Sua produção científica busca compreender como fatores sociais, culturais e ambientais impactam as escolhas alimentares e a segurança alimentar, especialmente em grupos vulnerabilizados, além de investigar as consequências do racismo estrutural e das desigualdades sociais para a saúde coletiva, com ênfase na importância de abordagens interseccionais para analisar as complexas dinâmicas que envolvem alimentação e saúde.","Priscila De Morais Sato, pesquisadora afiliada à Universidade Federal da Bahia (UFBA), é atualmente Professora Adjunta na Escola de Nutrição da instituição. Com uma sólida formação acadêmica, Sato possui graduação em Nutrição pela Universidade de São Paulo (USP), além de ter obtido seu mestrado e doutorado em Ciências da Saúde pela Universidade Federal de São Paulo (UNIFESP).\n\nAo longo de sua carreira, Priscila desenvolveu uma expertise notável na interseção entre Nutrição, Alimentação, Cultura e Sociedade, com foco nos aspectos socioculturais da alimentação. Sua pesquisa abrange temas como práticas e escolhas alimentares, insegurança alimentar e nutricional, impactos do racismo na saúde, racismo ambiental, vulnerabilidade social e as condições de alimentação e saúde de comunidades tradicionais. \n\nCom um background acadêmico sólido, Priscila realizou um Pós-Doutorado no Departamento de Nutrição da Faculdade de Saúde Pública da USP, além de estágios de pesquisa na renomada Bloomberg School of Public Health da Johns Hopkins University e no Great Ormond Street Institute of Child Health da University College London. Essas experiências internacionais contribuíram significativamente para sua visão ampla e interdisciplinar sobre as questões relacionadas à alimentação e saúde.\n\nEntre suas conquistas recentes, destacam-se algumas produções bibliográficas significativas, tais com o artigo \Mapping The Expressions And Impacts Of Racism On Health In Brazil: A Scoping Review\"" (2026), o capítulo de livro \""Maternal And Child Health In The Era Of Climate Change: Impacts, Interventions, Research Gaps\"" (2026) e o artigo \""A Insegurança Alimentar E Nutricional Entre Povos Tradicionais No Brasil\"" (2025). Essas publicações refletem o compromisso de Priscila em entender como fatores sociais, culturais e ambientais influenciam as escolhas alimentares e a segurança alimentar, especialmente em populações vulneráveis, e em analisar as consequências do racismo estrutural e das desigualdades sociais para a saúde coletiva.\n\nAlém de sua atuação como pesquisadora, Priscila também está envolvida com o Programa de Pós-Graduação em Alimentos, Nutrição e Saúde, demonstrando seu engajamento com a formação de novos pesquisadores e a disseminação do conhecimento científico em sua área de atuação. Sua participação na Comissão The Lancet sobre Racismo e Saúde Infantil e no grupo Race Health evidenciam seu papel de liderança e sua contribuição ativa para iniciativas que visam combater as desigualdades em saúde.\n\nA pesquisadora também recebeu apoio institucional por meio do Programa de Fomento em Pesquisa, na modalidade de Produtividade em Pesquisa - C, fortalecendo assim sua atuação e possibilitando o desenvolvimento de novos projetos e investigações em sua área de estudo.\n\nEm resumo, Priscila De Morais Sato é uma pesquisadora dedicada e experiente, cujo trabalho se destaca pela abordagem interseccional e pela análise aprofundada das complexas dinâmicas que envolvem alimentação, cultura, saúde e desigualdades sociais. Sua trajetória acadêmica e profissional demonstra um compromisso sólido com a produção científica de alta qualidade e com a promoção de uma saúde mais equitativa e acessível para todos.""",90,0,18,0,0,0,20,1722,40,82,https://openalex.org/A5001386055,A+,
fcf50f0e-670a-42cd-846b-4b03ad358dc8,Lynn Rosalina Gama Alves,F,2226174429595901,K4707769A1,,Pós-Doutorado,CIENCIAS HUMANAS,,"Educação, ensino e formação docente",Comunidades Virtuais UFBA,Salvador,Universidade Federal Da Bahia,UFBA,"Lynn Rosalina Gama Alves,Atualmente Bolsista  de Produtividade Desenvolvimento Tecnológico e Extensão Inovadora do CNPq - DT A, possui graduação em Pedagogia pela Faculdade de Educação da Bahia (1985), Mestrado (1998) e Doutorado (2004) em Educação pela Universidade Federal da Bahia. O último  Pós-doutorado foi financiado pela CAPES-Print, na Universidade de Barcelona, sobre o tema Crianças, adolescentes, jogos digitais e proteção e segurança de dados (2024-2025). Os outros Pós-doutorado foram realizados na área de Jogos eletrônicos e aprendizagem (Universidade de Turim, na Itália/2008), Jogos e narrativas seriadas (FACOM/UFBA/2018-2019.  É docente e pesquisadora do Instituto de Humanidades, Artes e Ciência - IHAC - UFBA, professora Permanente do Programa de Pós-graduação em Ensino, Filosofia e História da Ciência e coordenadora da Rede de Pesquisa Comunidades Virtuais - UFBA. As investigações realizadas relacionam-se com as plataformas digitais e suas perfomatividades algorítmicas, destacando os jogos digitais e suas interfaces, especialmente com a aprendizagem em distintos cenários. Nos últimos anos vem realizando pesquisas que têm como temas: proteção de dados de crianças e adolescentes, narrativas seriadas, divulgação científica, questões e tensões relacionadas com a plataformização da educação, destacando a Learning Analytics. Coordenou os projetos de pesquisa e desenvolvimento em jogos digitais como: Tríade (FINEP/FAPESB/UNEB), Búzios: ecos da liberdade (FAPESB), Guardiões da floresta (CNPq, FAPESB, Proforte), Brasil 2014: rumo ao Hexa (SEC-Ba), Insitu (SEC-Ba), Industriali (SEC-Ba), Games studies (FAPESB), DOM (SEC-Ba), Janus (SEC-Ba) e Gamebook (CAPES/FAPESB), Lider SIM (CAPES) e 2 de Julho  Levante dos Invisíveis (FAPESB). E organiza e coordena há quinze anos o Seminário de Jogos Eletrônicos, Educação e Comunicação - construindo novas trilhas. As produções do grupo de pesquisa, inclusive a série de documentários Ciência, Tecnologia e Cultura, dentre outros, encontram-se disponíveis na URL: http://www.comunidadesvirtuais.pro.br e no Canal do Youtube http://www.youtube.com/user/comunidadesvirtuais.","Lynn Rosalina Gama Alves, pesquisadora afiliada à Universidade Federal da Bahia, destaca-se em sua trajetória acadêmica pela dedicação às Ciências Humanas e à Educação. Possuidora de uma ampla formação, Lynn é detentora de títulos como Doutorado em Educação pela UFBA, conquistado entre os anos de 2001 e 2004, e Mestrado na mesma área, obtido em 1997-1998. Além disso, especializou-se em Psicopedagogia e Metodologia do Ensino Superior, demonstrando sua preocupação em aprimorar suas habilidades pedagógicas ao longo dos anos.\n\nSua experiência profissional é marcada por um extenso histórico de pesquisas e qualificações. A docente e pesquisadora atua no Instituto de Humanidades, Artes e Ciência da UFBA e é professora permanente do Programa de Pós-Graduação em Ensino, Filosofia e História das Ciências, reafirmando seu compromisso com a formação acadêmica de novos pesquisadores. Além disso, coordena a Rede de Pesquisa Comunidades Virtuais da UFBA, consolidando seu papel como líder e mediadora do conhecimento científico.\n\nNo âmbito de suas pesquisas, Lynn concentra-se em temas que envolvem plataformas digitais, jogos eletrônicos e aprendizagem, evidenciando seu interesse pela interseção entre tecnologia e educação. Suas contribuições mais recentes para a produção científica incluem artigos sobre Divulgação Científica Plataformizada, Plataformização da Educação e Práxis Docente, e Riscos e Segurança no Roblox, demonstrando sua atuação em áreas relevantes e emergentes no contexto educacional contemporâneo.\n\nAlém do intenso trabalho de pesquisa, Lynn desempenha um papel fundamental nos programas de pós-graduação, atuando no Programa de Ensino, Filosofia e História das Ciências. Sua presença e liderança no grupo de pesquisa Comunidades Virtuais UFBA ressaltam sua capacidade de articulação e colaboração no contexto acadêmico, promovendo a troca de conhecimentos e a formação de uma comunidade científica sólida e engajada.\n\nNo que se refere aos projetos de fomento, Lynn foi contemplada com a Bolsa de Produtividade em Desenvolvimento Tecnológico e Extensão Inovadora do CNPq - DT A, evidenciando o reconhecimento de suas contribuições e a relevância de suas pesquisas no cenário acadêmico nacional. Soma-se a isso sua participação em projetos de pesquisa e desenvolvimento em jogos digitais, como Tríade, Guardiões da Floresta e Brasil 2014, demonstrando seu engajamento em iniciativas que promovem a inovação e o avanço do conhecimento científico.\n\nEm síntese, Lynn Rosalina Gama Alves destaca-se como uma pesquisadora comprometida com a produção científica de qualidade e a formação acadêmica de excelência. Sua trajetória educacional sólida, suas pesquisas inovadoras e sua atuação em programas de pós-graduação e grupos de pesquisa atestam sua importância e relevância no campo das Ciências Humanas, consolidando-a como uma referência no cenário acadêmico brasileiro.",110,26,110,0,28,0,0,0,0,0,,A+,
